index,1461917,4473517,11309292,52284593,53155728,53664497,59435364,92111509,101082324,133968906,140675080,177769483,215286055,233174786,237216173,241069061,241742158,250195517,280920248,310305784,313786646,346734534,354968026,369408304,381674906,422386471,426352394
-500,0.0,2.0,2.0,1.0,1.5,0.0,1.0,1.0,0.0,0.25,0.0,0.0,0.0,0.0,0.0,0.0,0.0,0.0,0.0,0.0,5.0,0.0,1.0,0.0,3.0,2.0,0.0
-499,0.0,2.0,2.0,1.0,1.5714285714285714,0.0,1.0,1.0,0.0,0.375,0.0,0.0,0.0,0.0,0.0,0.0,0.0,0.0,0.0,0.0,5.0,0.0,1.0,0.0,3.0,2.0,0.0
-498,0.0,2.0,2.0,1.0,1.6428571428571428,0.0,1.0,1.0,0.0,0.5,0.0,0.0,0.0,0.0,0.0,0.0,0.0,0.0,0.0,0.0,5.0,0.0,1.0,0.0,3.0,2.0,0.0
-497,0.0,2.0,2.0,1.0,1.7142857142857142,0.0,1.0,1.0,0.0,0.625,0.0,0.0,0.0,0.0,0.0,0.0,0.0,0.0,0.0,0.0,5.0,0.0,1.0,0.0,3.0,2.0,0.0
-496,0.0,2.0,2.0,1.0,1.7857142857142856,0.0,1.0,1.0,0.0,0.75,0.0,0.0,0.0,0.0,0.0,0.0,0.0,0.0,0.0,0.0,5.0,0.0,1.0,0.0,3.0,2.0,0.0
-495,0.0,2.0,2.0,1.0,1.857142857142857,0.0,1.0,1.0,0.0,0.875,0.0,0.0,0.0,0.0,0.0,0.0,0.0,0.0,0.0,0.0,5.0,0.0,1.0,0.0,3.0,2.0,0.0
-494,0.0,2.0,2.0,1.0,1.9285714285714284,0.0,1.0,1.0,0.0,1.0,0.0,0.0,0.0,0.0,0.0,0.0,0.0,0.0,0.0,0.0,5.0,0.0,1.0,0.0,3.0,2.0,0.0
-493,0.0,2.0,2.0,1.0,2.0,0.0,1.0,1.0,0.0,1.0,0.0,0.0,0.0,0.0,0.0,0.0,0.0,0.0,0.0,0.0,5.0,0.0,1.0,0.0,3.0,2.0,0.0
-492,0.0,2.0,2.0,1.0,2.0,0.0,1.0,1.0,0.0,1.0,0.0,0.0,0.0,0.0,0.0,0.0,0.0,0.0,0.0,0.0,5.0,0.0,1.0,0.0,3.0,2.0,0.0
-491,0.0,2.0,2.0,1.0,2.0,0.0,1.0,1.0,0.0,1.0,0.0,0.0,0.0,0.0,0.0,0.0,0.0,0.0,0.0,0.0,5.0,0.0,1.0,0.0,3.0,2.0,0.0
-490,0.0,2.0,2.0,1.0,2.0,0.0,1.0,1.0,0.0,1.0,0.0,0.0,0.0,0.0,0.0,0.0,0.0,0.0,0.0,0.0,5.0,0.0,1.0,0.0,3.0,2.0,0.0
-489,0.0,2.0,2.0,1.0,2.0,0.0,1.0,1.0,0.0,1.0,0.0,0.0,0.0,0.0,0.0,0.0,0.0,0.0,0.0,0.0,5.0,0.0,1.0,0.0,3.0,2.0,0.0
-488,0.0,2.0,2.0,1.0,2.0,0.0,1.0,1.0,0.0,1.0,0.0,0.0,0.0,0.0,0.0,0.0,0.0,0.0,0.0,0.0,5.0,0.0,1.0,0.0,3.0,2.0,0.0
-487,0.0,2.0,2.0,1.0,2.0,0.0,1.0,1.0,0.0,1.0,0.0,0.0,0.0,0.0,0.0,0.0,0.0,0.0,0.0,0.0,5.0,0.0,1.0,0.0,3.0,2.0,0.0
-486,0.0,2.0,2.0,1.0,2.0,0.0,1.0,1.0,0.0,1.0,0.0,0.0,0.0,0.0,0.0,0.0,0.0,0.0,0.0,0.0,5.0,0.0,1.0,0.0,3.0,2.0,0.0
-485,0.0,2.0,2.0,1.0,2.0,0.0,1.0,1.0,0.0,1.0,0.0,0.0,0.0,0.0,0.0,0.0,0.0,0.0,0.0,0.0,5.0,0.0,1.0,0.0,3.0,2.0,0.0
-484,0.0,2.0,2.0,1.0,2.0,0.0,1.0,1.0,0.0,1.0,0.0,0.0,0.0,0.0,0.0,0.0,0.0,0.0,0.0,0.0,5.0,0.0,1.0,0.0,3.0,2.0,0.0
-483,0.0,2.0,2.0,1.0,2.0,0.0,1.0,1.0,0.0,1.0,0.0,0.0,0.0,0.0,0.0,0.0,0.0,0.0,0.0,0.0,5.0,0.0,1.0,0.0,3.0,2.0,0.0
-482,0.0,2.0,2.0,1.0,2.0,0.0,1.0,1.0,0.0,1.0,0.0,0.0,0.0,0.0,0.0,0.0,0.0,0.0,0.0,0.0,5.0,0.0,1.0,0.0,3.0,2.0,0.0
-481,0.0,2.0,2.0,1.0,2.0,0.0,1.0,1.0,0.0,1.0,0.0,0.0,0.0,0.0,0.0,0.0,0.0,0.0,0.0,0.0,5.0,0.0,1.0,0.0,3.0,2.0,0.0
-480,0.0,2.0,2.0,1.0,2.0,0.0,1.0,1.0,0.0,1.0,0.0,0.0,0.0,0.0,0.0,0.0,0.0,0.0,0.0,0.0,5.0,0.0,1.0,0.0,3.0,2.0,0.0
-479,0.0,2.0,2.0,1.0,2.0,0.0,1.0,1.0,0.0,1.0,0.0,0.0,0.0,0.0,0.0,0.0,0.0,0.0,0.0,0.0,5.0,0.0,1.0,0.0,3.0,2.0,0.0
-478,0.0,2.0,2.0,1.0,2.0,0.0,1.0,1.0,0.0,1.0,0.0,0.0,0.0,0.0,0.0,0.0,0.0,0.0,0.0,0.0,5.0,0.0,1.0,0.0,3.0,2.0,0.0
-477,0.0,2.0,2.0,1.0,2.0,0.0,1.0,1.0,0.0,1.0,0.0,0.0,0.0,0.0,0.0,0.0,0.0,0.0,0.0,0.0,5.0,0.0,1.0,0.0,3.0,2.0,0.0
-476,0.0,2.0,2.0,1.0,2.0,0.0,1.0,1.0,0.0,1.0,0.0,0.0,0.0,0.0,0.0,0.0,0.0,0.0,0.0,0.0,5.0,0.0,1.0,0.0,3.0,2.0,0.0
-475,0.0,2.0,2.0,1.0,2.0,0.0,1.0,1.0,0.0,1.0,0.0,0.0,0.0,0.0,0.0,0.0,0.0,0.0,0.0,0.0,5.0,0.0,1.0,0.0,3.0,2.0,0.0
-474,0.0,2.0,2.0,1.0,2.0,0.0,1.0,1.0,0.0,1.0,0.0,0.0,0.0,0.0,0.0,0.0,0.0,0.0,0.0,0.0,5.0,0.0,1.0,0.0,3.0,2.0,0.0
-473,0.0,2.0,2.0,1.0,2.0,0.0,1.0,1.0,0.0,0.75,0.0,0.0,0.0,0.0,0.0,0.0,0.0,0.0,0.0,0.0,5.0,0.0,1.0,0.0,3.0,2.0,0.0
-472,0.0,2.0,2.0,1.0,2.0,0.0,1.0,1.0,0.0,0.5,0.0,0.0,0.0,0.0,0.0,0.0,0.0,0.0,0.0,0.0,5.0,0.0,1.0,0.0,3.0,2.0,0.0
-471,0.0,2.0,2.0,1.0,2.0,0.0,1.0,1.0,0.0,0.25,0.0,0.0,0.0,0.0,0.0,0.0,0.0,0.0,0.0,0.0,5.0,0.0,1.0,0.0,3.0,2.0,0.0
-470,0.0,2.0,2.0,1.0,2.0,0.0,1.0,1.0,0.0,0.0,0.0,0.0,0.0,0.0,0.0,0.0,0.0,0.0,0.0,0.0,5.0,0.0,1.0,0.0,3.0,2.0,0.0
-469,0.0,2.0,2.0,1.0,2.0,0.0,1.0,1.0,0.0,0.0,0.0,0.0,0.0,0.0,0.0,0.0,0.0,0.0,0.0,0.0,5.0,0.0,1.0,0.0,3.0,2.0,0.0
-468,0.0,2.0,2.0,1.0,2.0,0.0,1.0,1.0,0.0,0.0,0.0,0.0,0.0,0.0,0.0,0.0,0.0,0.0,0.0,0.0,5.0,0.0,1.0,0.0,3.0,2.0,0.0
-467,0.0,2.0,2.0,1.0,2.0,0.0,1.0,1.0,0.0,0.0,0.0,0.0,0.0,0.0,0.0,0.0,0.0,0.0,0.0,0.0,5.0,0.0,1.0,0.0,3.0,2.0,0.0
-466,0.0,2.0,2.0,1.0,2.0,0.0,1.0,1.0,0.0,0.0,0.0,0.0,0.0,0.0,0.0,0.0,0.0,0.0,0.0,0.0,5.0,0.0,1.0,0.0,3.0,2.0,0.0
-465,0.0,2.0,2.0,1.0,2.0,0.0,1.0,1.0,0.0,0.0,0.0,0.0,0.0,0.0,0.0,0.0,0.0,0.0,0.0,0.0,5.0,0.0,1.0,0.0,3.0,2.0,0.0
-464,0.0,2.0,2.0,1.0,2.0,0.0,1.0,1.0,0.0,0.0,0.0,0.0,0.0,0.0,0.0,0.0,0.0,0.0,0.0,0.0,5.0,0.0,1.0,0.0,3.0,2.0,0.0
-463,0.0,2.0,2.0,1.0,2.0,0.0,1.0,1.0,0.0,0.0,0.0,0.0,0.0,0.0,0.0,0.0,0.0,0.0,0.0,0.0,5.0,0.0,1.0,0.0,3.0,2.0,0.0
-462,0.0,2.0,2.0,1.0,2.0,0.0,1.0,1.0,0.0,0.0,0.0,0.0,0.0,0.0,0.0,0.0,0.0,0.0,0.0,0.0,5.0,0.0,1.0,0.0,3.0,2.0,0.0
-461,0.0,2.0,2.0,1.0,2.0,0.0,1.0,1.0,0.0,0.0,0.0,0.0,0.0,0.0,0.0,0.0,0.0,0.0,0.0,0.0,5.0,0.0,1.0,0.0,3.0,2.0,0.0
-460,0.0,2.0,2.0,1.0,2.0,0.0,1.0,1.0,0.0,0.0,0.0,0.0,0.0,0.0,0.0,0.0,0.0,0.0,0.0,0.0,5.0,0.0,1.0,0.0,3.0,2.0,0.0
-459,0.0,2.0,2.0,1.0,2.0,0.0,1.0,1.0,0.0,0.0,0.0,0.0,0.0,0.0,0.0,0.0,0.0,0.0,0.0,0.0,5.0,0.0,1.0,0.0,3.0,2.0,0.0
-458,0.0,2.0,2.0,1.0,2.0,0.0,1.0,1.0,0.0,0.0,0.0,0.0,0.0,0.0,0.0,0.0,0.0,0.0,0.0,0.0,5.0,0.0,1.0,0.0,3.0,2.0,0.0
-457,0.0,2.0,2.0,1.0,2.0,0.0,1.0,1.0,0.0,0.0,0.0,0.0,0.0,0.0,0.0,0.0,0.0,0.0,0.0,0.0,5.0,0.0,1.0,0.0,3.0,2.0,0.0
-456,0.0,2.0,2.0,1.0,2.0,0.0,1.0,1.0,0.0,0.0,0.0,0.0,0.0,0.0,0.0,0.0,0.0,0.0,0.0,0.0,5.0,0.0,1.0,0.0,3.0,2.0,0.0
-455,0.0,2.0,2.0,1.0,2.0,0.0,1.0,1.0,0.0,0.0,0.0,0.0,0.0,0.0,0.0,0.0,0.0,0.0,0.0,0.0,5.0,0.0,1.0,0.0,3.0,2.0,0.0
-454,0.0,2.0,2.0,1.0,2.0,0.0,1.0,1.0,0.0,0.0,0.0,0.0,0.0,0.0,0.0,0.0,0.0,0.0,0.0,0.0,5.0,0.0,1.0,0.0,3.0,2.0,0.0
-453,0.0,2.0,2.0,1.0,2.0,0.0,1.0,1.0,0.0,0.0,0.0,0.0,0.0,0.0,0.0,0.0,0.0,0.0,0.0,0.0,5.0,0.0,1.0,0.0,3.0,2.0,0.0
-452,0.0,2.0,2.0,1.0,2.0,0.0,1.0,1.0,0.0,0.0,0.0,0.0,0.0,0.0,0.0,0.0,0.0,0.0,0.0,0.0,5.0,0.0,1.0,0.0,3.0,2.0,0.0
-451,0.0,2.0,2.0,1.0,2.0,0.0,1.0,1.0,0.0,0.0,0.0,0.0,0.0,0.0,0.0,0.0,0.0,0.0,0.0,0.0,5.0,0.0,1.0,0.0,3.0,2.0,0.0
-450,0.0,2.0,2.0,1.0,2.0,0.0,1.0,1.0,0.0,0.0,0.0,0.0,0.0,0.0,0.0,0.0,0.0,0.0,0.0,0.0,5.0,0.0,1.0,0.0,3.0,2.0,0.0
-449,0.0,2.0,2.0,1.0,2.0,0.0,1.0,1.0,0.0,0.0,0.0,0.0,0.0,0.0,0.0,0.0,0.0,0.0,0.0,0.0,5.0,0.0,1.0,0.0,3.0,2.0,0.0
-448,0.0,2.0,2.0,1.0,2.0,0.0,1.0,1.0,0.0,0.0,0.0,0.0,0.0,0.0,0.0,0.0,0.0,0.0,0.0,0.0,5.0,0.0,1.0,0.0,3.0,2.0,0.0
-447,0.0,2.0,2.0,1.0,2.0,0.0,1.0,1.0,0.0,0.0,0.0,0.0,0.0,0.0,0.0,0.0,0.0,0.0,0.0,0.0,5.0,0.0,1.0,0.0,3.0,2.0,0.0
-446,0.0,2.0,2.0,1.0,2.0,0.0,1.0,1.0,0.0,0.0,0.0,0.0,0.0,0.0,0.0,0.0,0.0,0.0,0.0,0.0,5.0,0.0,1.0,0.0,3.0,2.0,0.0
-445,0.0,2.0,1.7142857142857144,1.0,2.0,0.0,1.0,1.0,0.0,0.0,0.0,0.0,0.0,0.0,0.0,0.0,0.0,0.0,0.0,0.0,5.0,0.0,1.0,0.0,3.0,2.0,0.0
-444,0.0,2.0,1.4285714285714286,1.0,2.0,0.0,1.0,1.0,0.0,0.0,0.0,0.0,0.0,0.0,0.0,0.0,0.0,0.0,0.0,0.0,5.0,0.0,1.0,0.0,3.0,2.0,0.0
-443,0.0,2.0,1.1428571428571428,1.0,2.0,0.0,1.0,1.0,0.0,0.0,0.0,0.0,0.0,0.0,0.0,0.0,0.0,0.0,0.0,0.0,5.0,0.0,1.0,0.0,3.0,2.0,0.0
-442,0.0,2.0,0.8571428571428572,1.0,2.0,0.0,1.0,1.0,0.0,0.0,0.0,0.0,0.0,0.0,0.0,0.0,0.0,0.0,0.0,0.0,5.0,0.0,1.0,0.0,3.0,2.0,0.0
-441,0.0,2.0,0.5714285714285716,1.0,2.0,0.0,1.0,1.0,0.0,0.0,0.0,0.0,0.0,0.0,0.0,0.0,0.0,0.0,0.0,0.0,5.0,0.0,1.0,0.0,3.0,2.0,0.0
-440,0.0,2.0,0.2857142857142858,1.0,2.0,0.0,1.0,1.0,0.0,0.0,0.0,0.0,0.0,0.0,0.0,0.0,0.0,0.0,0.0,0.0,5.0,0.0,1.0,0.0,3.0,2.0,0.0
-439,0.0,2.0,0.0,1.0,2.0,0.0,1.0,1.0,0.0,0.0,0.0,0.0,0.0,0.0,0.0,0.0,0.0,0.0,0.0,0.0,5.0,0.0,1.0,0.0,3.0,2.0,0.0
-438,0.0,2.0,0.0,1.0,2.0,0.0,1.0,1.0,0.0,0.0,0.0,0.0,0.0,0.0,0.0,0.0,0.0,0.0,0.0,0.0,5.0,0.0,1.0,0.0,3.0,2.0,0.0
-437,0.0,2.0,0.0,1.0,2.0,0.0,1.0,1.0,0.0,0.0,0.0,0.0,0.0,0.0,0.0,0.0,0.0,0.0,0.0,0.0,5.0,0.0,1.0,0.0,3.0,2.0,0.0
-436,0.0,2.0,0.0,1.0,2.0,0.0,1.0,1.0,0.0,0.0,0.0,0.0,0.0,0.0,0.0,0.0,0.0,0.0,0.0,0.0,5.0,0.0,1.0,0.0,3.0,2.0,0.0
-435,0.0,2.0,0.0,1.0,2.0,0.0,1.0,1.0,0.0,0.0,0.0,0.0,0.0,0.0,0.0,0.0,0.0,0.0,0.0,0.0,5.0,0.0,1.0,0.0,3.0,2.0,0.0
-434,0.0,2.0,0.0,1.0,2.0,0.0,1.0,1.0,0.0,0.0,0.0,0.0,0.0,0.0,0.0,0.0,0.0,0.0,0.0,0.0,5.0,0.0,1.0,0.0,3.0,2.0,0.0
-433,0.0,2.0,0.0,1.0,2.0,0.0,1.0,1.0,0.0,0.0,0.0,0.0,0.0,0.0,0.0,0.0,0.0,0.0,0.0,0.0,5.0,0.0,1.0,0.0,3.0,2.0,0.0
-432,0.0,2.0,0.0,1.0,2.0,0.0,1.0,1.0,0.0,0.0,0.0,0.0,0.0,0.0,0.0,0.0,0.0,0.0,0.0,0.0,5.0,0.0,1.0,0.0,3.0,2.0,0.0
-431,0.0,2.0,0.0,1.0,2.0,0.0,1.0,1.0,0.0,0.0,0.0,0.0,0.0,0.0,0.0,0.0,0.0,0.0,0.0,0.0,5.0,0.0,1.0,0.0,3.0,2.0,0.0
-430,0.0,2.0,0.0,1.0,2.0,0.0,1.0,1.0,0.0,0.0,0.0,0.0,0.0,0.0,0.0,0.0,0.0,0.0,0.0,0.0,5.0,0.0,1.0,0.0,3.0,2.0,0.0
-429,0.0,2.0,0.0,1.0,2.0,0.0,1.0,1.0,0.0,0.0,0.0,0.0,0.0,0.0,0.0,0.0,0.0,0.0,0.0,0.0,5.0,0.0,1.0,0.0,3.0,2.0,0.0
-428,0.0,2.0,0.0,1.0,2.0,0.0,1.0,1.0,0.0,0.0,0.0,0.0,0.0,0.0,0.0,0.0,0.0,0.0,0.0,0.0,5.0,0.0,1.0,0.0,3.0,2.0,0.0
-427,0.0,2.0,0.0,1.0,2.0,0.0,1.0,1.0,0.0,0.0,0.0,0.0,0.0,0.0,0.0,0.0,0.0,0.0,0.0,0.0,5.0,0.0,1.0,0.0,3.0,2.0,0.0
-426,0.0,2.0,0.0,1.0,2.0,0.0,1.0,1.0,0.0,0.0,0.0,0.0,0.0,0.0,0.0,0.0,0.0,0.0,0.0,0.0,5.0,0.0,1.0,0.0,3.0,2.0,0.0
-425,0.0,2.0,0.0,1.0,2.0,0.0,1.0,1.0,0.0,0.0,0.0,0.0,0.0,0.0,0.0,0.0,0.0,0.0,0.0,0.0,5.0,0.0,1.0,0.0,3.0,2.0,0.0
-424,0.0,2.0,0.0,1.0,2.0,0.0,1.0,1.0,0.0,0.0,0.0,0.0,0.0,0.0,0.0,0.0,0.0,0.0,0.0,0.0,5.0,0.0,1.0,0.0,3.0,2.0,0.0
-423,0.0,2.0,0.0,1.0,2.0,0.0,1.0,1.0,0.0,0.0,0.0,0.0,0.0,0.0,0.0,0.0,0.0,0.0,0.0,0.0,5.0,0.0,1.0,0.0,3.0,2.0,0.0
-422,0.0,2.0,0.0,1.0,2.0,0.0,1.0,1.0,0.0,0.0,0.0,0.0,0.0,0.0,0.0,0.0,0.0,0.0,0.0,0.0,5.0,0.0,1.0,0.0,3.0,2.0,0.0
-421,0.0,2.0,0.0,1.0,2.0,0.0,1.0,1.0,0.0,0.0,0.0,0.0,0.0,0.0,0.0,0.0,0.0,0.0,0.0,0.0,5.0,0.0,1.0,0.0,3.0,2.0,0.0
-420,0.0,2.0,0.0,1.0,2.0,0.0,1.0,1.0,0.0,0.0,0.0,0.0,0.0,0.0,0.0,0.0,0.0,0.0,0.0,0.0,5.0,0.0,1.0,0.0,3.0,2.0,0.0
-419,0.0,2.0,0.0,1.0,2.0,0.0,1.0,1.0,0.0,0.0,0.0,0.0,0.0,0.0,0.0,0.0,0.0,0.0,0.0,0.0,5.0,0.0,1.0,0.0,3.0,2.0,0.0
-418,0.0,2.0,0.0,1.0,2.0,0.0,1.0,1.0,0.0,0.0,0.0,0.0,0.0,0.0,0.0,0.0,0.0,0.0,0.0,0.0,5.0,0.0,1.0,0.0,3.0,2.0,0.0
-417,0.0,2.0,0.0,1.0,2.0,0.0,1.0,1.0,0.0,0.0,0.0,0.0,0.0,0.0,0.0,0.0,0.0,0.0,0.0,0.0,5.0,0.0,1.0,0.0,3.0,2.0,0.0
-416,0.0,2.0,0.0,1.0,2.0,0.0,1.0,1.0,0.0,0.0,0.0,0.0,0.0,0.0,0.0,0.0,0.0,0.0,0.0,0.0,5.0,0.0,1.0,0.0,3.0,2.0,0.0
-415,0.0,2.0,0.0,1.0,2.0,0.0,1.0,1.0,0.0,0.0,0.0,0.0,0.0,0.0,0.0,0.0,0.0,0.0,0.0,0.0,5.0,0.0,1.0,0.0,3.0,2.0,0.0
-414,0.0,2.0,0.0,1.0,2.0,0.0,1.0,1.0,0.0,0.0,0.0,0.0,0.0,0.0,0.0,0.0,0.0,0.0,0.0,0.0,5.0,0.0,1.0,0.0,3.0,2.0,0.0
-413,0.0,2.0,0.0,1.0,2.0,0.0,1.0,1.0,0.0,0.0,0.0,0.0,0.0,0.0,0.0,0.0,0.0,0.0,0.0,0.0,5.0,0.0,1.0,0.0,3.0,2.0,0.0
-412,0.0,2.0,0.0,1.0,2.0,0.0,1.0,1.0,0.0,0.0,0.0,0.0,0.0,0.0,0.0,0.0,0.0,0.0,0.0,0.0,5.0,0.0,1.0,0.0,3.0,2.0,0.0
-411,0.0,2.0,0.0,1.0,2.0,0.0,1.0,1.0,0.0,0.0,0.0,0.0,0.0,0.0,0.0,0.0,0.0,0.0,0.0,0.0,5.0,0.0,1.0,0.0,3.0,2.0,0.0
-410,0.0,2.0,0.0,1.0,2.0,0.0,1.0,1.0,0.0,0.0,0.0,0.0,0.0,0.0,0.0,0.0,0.0,0.0,0.0,0.0,5.0,0.0,1.0,0.0,3.0,2.0,0.0
-409,0.0,2.0,0.0,1.0,2.0,0.0,1.0,1.0,0.0,0.0,0.0,0.0,0.0,0.0,0.0,0.0,0.0,0.0,0.0,0.0,5.0,0.0,1.0,0.0,3.0,2.0,0.0
-408,0.0,2.0,0.0,1.0,2.0,0.0,1.0,1.0,0.0,0.0,0.0,0.0,0.0,0.0,0.0,0.0,0.0,0.0,0.0,0.0,5.0,0.0,1.0,0.0,3.0,2.0,0.0
-407,0.0,2.0,0.0,1.0,2.0,0.0,1.0,1.0,0.0,0.0,0.0,0.0,0.0,0.0,0.0,0.0,0.0,0.0,0.0,0.0,5.0,0.0,1.0,0.0,3.0,2.0,0.0
-406,0.0,2.0,0.0,1.0,2.0,0.0,1.0,1.0,0.0,0.0,0.0,0.0,0.0,0.0,0.0,0.0,0.0,0.0,0.0,0.0,5.0,0.0,1.0,0.0,3.0,2.0,0.0
-405,0.0,2.0,0.0,1.0,2.0,0.0,1.0,1.0,0.0,0.0,0.0,0.0,0.0,0.0,0.0,0.0,0.0,0.0,0.0,0.0,5.0,0.0,1.0,0.0,3.0,2.0,0.0
-404,0.0,2.0,0.0,1.0,2.0,0.0,1.0,1.0,0.0,0.0,0.0,0.0,0.0,0.0,0.0,0.0,0.0,0.0,0.0,0.0,5.0,0.0,1.0,0.0,3.0,2.0,0.0
-403,0.0,2.0,0.0,1.0,2.0,0.0,1.0,1.0,0.0,0.0,0.0,0.0,0.0,0.0,0.0,0.0,0.0,0.0,0.0,0.0,5.0,0.0,1.0,0.0,3.0,2.0,0.0
-402,0.0,2.0,0.0,1.0,2.0,0.0,1.0,1.0,0.0,0.0,0.0,0.0,0.0,0.0,0.0,0.0,0.0,0.0,0.0,0.0,5.0,0.0,1.0,0.0,3.0,2.0,0.0
-401,0.0,2.0,0.0,1.0,2.0,0.0,1.0,1.0,0.0,0.0,0.0,0.0,0.0,0.0,0.0,0.0,0.0,0.0,0.0,0.0,5.0,0.0,1.0,0.0,3.0,2.0,0.0
-400,0.0,2.0,0.0,1.0,2.0,0.0,1.0,1.0,0.0,0.0,0.0,0.0,0.0,0.0,0.0,0.0,0.0,0.0,0.0,0.0,5.0,0.0,1.0,0.0,3.0,2.0,0.0
-399,0.0,2.0,0.0,1.0,2.0,0.0,1.0,1.0,0.0,0.0,0.0,0.0,0.0,0.0,0.0,0.0,0.0,0.0,0.0,0.0,5.0,0.0,1.0,0.0,3.0,2.0,0.0
-398,0.0,2.0,0.0,1.0,2.0,0.0,1.0,1.0,0.0,0.0,0.0,0.0,0.0,0.0,0.0,0.0,0.0,0.0,0.0,0.0,5.0,0.0,1.0,0.0,3.0,2.0,0.0
-397,0.0,2.0,0.0,1.0,2.0,0.0,1.0,1.0,0.0,0.0,0.0,0.0,0.0,0.0,0.0,0.0,0.0,0.0,0.0,0.0,5.0,0.0,1.0,0.0,3.0,2.0,0.0
-396,0.0,2.0,0.0,1.0,2.0,0.0,1.0,1.0,0.0,0.0,0.0,0.0,0.0,0.0,0.0,0.0,0.0,0.0,0.0,0.0,5.0,0.0,1.0,0.0,3.0,2.0,0.0
-395,0.0,2.0,0.0,1.0,2.0,0.0,1.0,1.0,0.0,0.0,0.0,0.0,0.0,0.0,0.0,0.0,0.0,0.0,0.0,0.0,5.0,0.0,1.0,0.0,3.0,2.0,0.0
-394,0.0,2.0,0.0,1.0,2.0,0.0,1.0,1.0,0.0,0.0,0.0,0.0,0.0,0.0,0.0,0.0,0.0,0.0,0.0,0.0,5.0,0.0,1.0,0.0,3.0,2.0,0.0
-393,0.0,2.0,0.0,1.0,2.0,0.0,1.0,1.0,0.0,0.0,0.0,0.0,0.0,0.0,0.0,0.0,0.0,0.0,0.0,0.0,5.0,0.0,1.0,0.0,3.0,2.0,0.0
-392,0.0,2.0,0.0,1.0,2.0,0.0,1.0,1.0,0.0,0.0,0.0,0.0,0.0,0.0,0.0,0.0,0.0,0.0,0.0,0.0,5.0,0.0,1.0,0.0,3.0,2.0,0.0
-391,0.0,2.0,0.0,1.0,2.0,0.0,1.0,1.0,0.0,0.0,0.0,0.0,0.0,0.0,0.0,0.0,0.0,0.0,0.0,0.0,5.0,0.0,1.0,0.0,3.0,2.0,0.0
-390,0.0,2.0,0.0,1.0,2.0,0.0,1.0,1.0,0.0,0.0,0.0,0.0,0.0,0.0,0.0,0.0,0.0,0.0,0.0,0.0,5.0,0.0,1.0,0.0,3.0,2.0,0.0
-389,0.0,2.0,0.0,1.0,2.0,0.0,1.0,1.0,0.0,0.0,0.0,0.0,0.0,0.0,0.0,0.0,0.0,0.0,0.0,0.0,5.0,0.0,1.0,0.0,3.0,2.0,0.0
-388,0.0,2.0,0.0,1.0,2.0,0.0,1.0,1.0,0.0,0.0,0.0,0.0,0.0,0.0,0.0,0.0,0.0,0.0,0.0,0.0,5.0,0.0,1.0,0.0,3.0,2.0,0.0
-387,0.0,2.0,0.0,1.0,2.0,0.0,1.0,1.0,0.0,0.0,0.0,0.0,0.0,0.0,0.0,0.0,0.0,0.0,0.0,0.0,5.0,0.0,1.0,0.0,3.0,2.0,0.0
-386,0.0,2.0,0.0,1.0,2.0,0.0,1.0,1.0,0.0,0.0,0.0,0.0,0.0,0.0,0.0,0.0,0.0,0.0,0.0,0.0,5.0,0.0,1.0,0.0,3.0,2.0,0.0
-385,0.0,2.0,0.0,1.0,2.0,0.0,1.0,1.0,0.0,0.0,0.0,0.0,0.0,0.0,0.0,0.0,0.0,0.0,0.0,0.0,5.0,0.0,1.0,0.0,3.0,2.0,0.0
-384,0.0,2.0,0.0,1.0,2.0,0.0,1.0,1.0,0.0,0.0,0.0,0.0,0.0,0.0,0.0,0.0,0.0,0.0,0.0,0.0,5.0,0.0,1.0,0.0,3.0,2.0,0.0
-383,0.0,2.0,0.0,1.0,2.0,0.0,1.0,1.0,0.0,0.0,0.0,0.0,0.0,0.0,0.0,0.0,0.0,0.0,0.0,0.0,5.0,0.0,1.0,0.0,3.0,2.0,0.0
-382,0.0,2.0,0.0,1.0,2.0,0.0,1.0,1.0,0.0,0.0,0.0,0.0,0.0,0.0,0.0,0.0,0.0,0.0,0.0,0.0,5.0,0.0,1.0,0.0,3.0,2.0,0.0
-381,0.0,2.0,0.0,1.0,2.0,0.0,1.0,1.0,0.0,0.0,0.0,0.0,0.0,0.0,0.0,0.0,0.0,0.0,0.0,0.0,5.0,0.0,1.0,0.0,3.0,2.0,0.0
-380,0.0,2.0,0.0,1.0,2.0,0.0,1.0,1.0,0.0,0.0,0.0,0.0,0.0,0.0,0.0,0.0,0.0,0.0,0.0,0.0,5.0,0.0,1.0,0.0,3.0,2.0,0.0
-379,0.0,2.0,0.0,1.0,2.0,0.0,1.0,1.0,0.0,0.0,0.0,0.0,0.0,0.0,0.0,0.0,0.0,0.0,0.0,0.0,5.0,0.0,1.0,0.0,3.0,2.0,0.0
-378,0.0,2.0,0.0,1.0,2.0,0.0,1.0,1.0,0.0,0.0,0.0,0.0,0.0,0.0,0.0,0.0,0.0,0.0,0.0,0.0,5.0,0.0,1.0,0.0,3.0,2.0,0.0
-377,0.0,2.0,0.0,1.0,2.0,0.0,1.0,1.0,0.0,0.0,0.0,0.0,0.0,0.0,0.0,0.0,0.0,0.0,0.0,0.0,5.0,0.0,1.0,0.0,3.0,2.0,0.0
-376,0.0,2.0,0.0,1.0,2.0,0.0,1.0,1.0,0.0,0.0,0.0,0.0,0.0,0.0,0.0,0.0,0.0,0.0,0.0,0.0,5.0,0.0,1.0,0.0,3.0,2.0,0.0
-375,0.0,2.0,0.0,1.0,2.0,0.0,1.0,1.0,0.0,0.0,0.0,0.0,0.0,0.0,0.0,0.0,0.0,0.0,0.0,0.0,5.0,0.0,1.0,0.0,3.0,2.0,0.0
-374,0.0,2.0,0.0,1.0,2.0,0.0,1.0,1.0,0.0,0.0,0.0,0.0,0.0,0.0,0.0,0.0,0.0,0.0,0.0,0.0,5.0,0.0,1.0,0.0,3.0,2.0,0.0
-373,0.0,2.0,0.0,1.0,2.0,0.0,1.0,1.0,0.0,0.0,0.0,0.0,0.0,0.0,0.0,0.0,0.0,0.0,0.0,0.0,5.0,0.0,1.0,0.0,3.0,2.0,0.0
-372,0.0,2.0,0.0,1.0,2.0,0.0,1.0,1.0,0.0,0.0,0.0,0.0,0.0,0.0,0.0,0.0,0.0,0.0,0.0,0.0,5.0,0.0,1.0,0.0,3.0,2.0,0.0
-371,0.0,2.0,0.0,1.0,2.0,0.0,1.0,1.0,0.0,0.0,0.0,0.0,0.0,0.0,0.0,0.0,0.0,0.0,0.0,0.0,5.0,0.0,1.0,0.0,3.0,2.0,0.0
-370,0.0,2.0,0.0,1.0,2.0,0.0,1.0,1.0,0.0,0.0,0.0,0.0,0.0,0.0,0.0,0.0,0.0,0.0,0.0,0.0,5.0,0.0,1.0,0.0,3.0,2.0,0.0
-369,0.0,2.0,0.0,1.0,2.0,0.0,1.0,1.0,0.0,0.0,0.0,0.0,0.0,0.0,0.0,0.16666666666666666,0.0,0.0,0.0,0.0,5.0,0.0,1.0,0.0,3.0,2.0,0.0
-368,0.0,2.0,0.0,1.0,2.0,0.0,1.0,1.0,0.0,0.0,0.0,0.0,0.0,0.0,0.0,0.3333333333333333,0.0,0.0,0.0,0.0,5.0,0.0,1.0,0.0,3.0,2.0,0.0
-367,0.0,2.0,0.0,1.0,2.0,0.0,1.0,1.0,0.0,0.0,0.0,0.0,0.0,0.0,0.0,0.5,0.0,0.0,0.0,0.0,5.0,0.0,1.0,0.0,3.0,2.0,0.0
-366,0.0,2.0,0.0,1.0,2.0,0.0,1.0,1.0,0.0,0.0,0.0,0.0,0.0,0.0,0.25,0.6666666666666666,0.0,0.0,0.0,0.0,5.0,0.0,1.0,0.0,3.0,2.0,0.0
-365,0.0,2.0,0.0,1.0,2.0,0.0,1.0,1.0,0.0,0.0,0.0,0.0,0.0,0.0,0.5,0.8333333333333333,0.0,0.0,0.0,0.0,5.0,0.0,1.0,0.0,3.0,2.0,0.0
-364,0.0,2.0,0.0,1.0,2.0,0.0,1.0,1.0,0.0,0.0,0.0,0.0,0.0,0.0,0.75,1.0,0.0,0.0,0.0,0.0,5.0,0.0,1.0,0.0,3.0,2.0,0.0
-363,0.0,2.0,0.0,1.0,2.0,0.0,1.0,1.0,0.0,0.0,0.0,0.0,0.0,0.0,1.0,1.0,0.0,0.0,0.0,0.0,5.0,0.0,1.0,0.0,3.0,2.0,0.0
-362,0.0,2.0,0.0,1.0,2.0,0.0,1.0,1.0,0.0,0.0,0.0,0.0,0.0,0.0,1.25,1.0,0.0,0.0,0.0,0.0,5.0,0.0,1.0,0.0,3.0,2.0,0.0
-361,0.0,2.0,0.0,1.0,2.0,0.0,1.0,1.0,0.0,0.0,0.0,0.0,0.0,0.0,1.5,1.0,0.0,0.0,0.0,0.0,5.0,0.0,1.0,0.0,3.0,2.0,0.0
-360,0.0,2.0,0.0,1.0,2.0,0.0,1.0,1.0,0.0,0.0,0.0,0.0,0.0,0.0,1.75,1.0,0.0,0.0,0.0,0.0,5.0,0.0,1.0,0.0,3.0,2.0,0.0
-359,0.0,2.0,0.0,1.0,2.0,0.0,1.0,1.0,0.0,0.0,0.0,0.0,0.0,0.0,2.0,1.0,0.0,0.0,0.0,0.0,5.0,0.0,1.0,0.0,3.0,2.0,0.0
-358,0.0,2.0,0.0,1.0,2.0,0.0,1.0,1.0,0.0,0.0,0.0,0.0,0.0,0.0,2.0,1.0,0.0,0.0,0.0,0.0,5.0,0.0,1.0,0.0,3.0,2.0,0.0
-357,0.0,2.0,0.0,1.0,2.0,0.0,1.0,1.0,0.0,0.0,0.0,0.0,0.0,0.0,2.0,1.0,0.0,0.0,0.0,0.0,5.0,0.0,1.0,0.0,3.0,2.0,0.0
-356,0.0,2.0,0.0,1.0,2.0,0.0,1.0,1.0,0.0,0.0,0.0,0.0,0.0,0.0,2.0,1.0,0.0,0.0,0.0,0.0,5.0,0.0,1.0,0.0,3.0,2.0,0.0
-355,0.0,2.0,0.0,1.0,2.0,0.0,1.0,1.0,0.0,0.0,0.0,0.0,0.0,0.0,2.0,1.0,0.0,0.0,0.0,0.0,5.0,0.0,1.0,0.0,3.0,2.0,0.0
-354,0.0,2.0,0.0,1.0,2.0,0.0,1.0,1.0,0.0,0.0,0.0,0.0,0.0,0.0,2.0,1.0,0.0,0.0,0.0,0.0,5.0,0.0,1.0,0.0,3.0,2.0,0.0
-353,0.0,2.0,0.0,1.0,2.0,0.0,1.0,1.0,0.0,0.0,0.0,0.0,0.0,0.0,2.0,1.0,0.0,0.0,0.0,0.0,5.0,0.0,1.0,0.0,3.0,2.0,0.0
-352,0.0,2.0,0.0,1.0,2.0,0.0,1.0,1.0,0.0,0.0,0.0,0.0,0.0,0.0,2.0,1.0,0.0,0.0,0.0,0.0,5.0,0.0,1.0,0.0,3.0,2.0,0.0
-351,0.0,2.0,0.0,1.0,2.0,0.0,1.0,1.0,0.0,0.0,0.0,0.0,0.0,0.0,2.0,1.0,0.0,0.0,0.0,0.0,5.0,0.0,1.0,0.0,3.0,2.0,0.0
-350,0.0,2.0,0.0,1.0,2.0,0.0,1.0,1.0,0.0,0.0,0.0,0.0,0.0,0.0,2.0,1.0,0.0,0.0,0.0,0.0,5.0,0.0,1.0,0.0,3.0,2.0,0.0
-349,0.0,2.0,0.0,1.0,2.0,0.0,1.0,1.0,0.0,0.0,0.0,0.0,0.0,0.0,2.0,1.0,0.0,0.0,0.0,0.0,5.0,0.0,1.0,0.0,3.0,2.0,0.0
-348,0.0,2.0,0.0,1.0,2.0,0.0,1.0,1.0,0.0,0.0,0.0,0.0,0.0,0.0,2.0,1.0,0.0,0.0,0.0,0.0,5.0,0.0,1.0,0.0,3.0,2.0,0.0
-347,0.0,2.0,0.0,1.0,2.0,0.0,1.0,1.0,0.0,0.0,0.0,0.0,0.0,0.0,2.0,1.0,0.0,0.0,0.0,0.0,5.0,0.0,1.0,0.0,3.0,2.0,0.0
-346,0.0,2.0,0.0,1.0,2.0,0.0,1.0,1.0,0.0,0.0,0.0,0.0,0.0,0.0,2.0,1.0,0.0,0.0,0.0,0.0,5.0,0.0,1.0,0.0,3.0,2.0,0.0
-345,0.0,2.0,0.0,1.0,2.0,0.0,1.0,1.0,0.0,0.0,0.0,0.0,0.0,0.0,2.0,1.0,0.0,0.0,0.0,0.0,5.0,0.0,1.0,0.0,3.0,2.0,0.0
-344,0.0,2.0,0.0,1.0,2.0,0.0,1.0,1.0,0.0,0.0,0.0,0.0,0.0,0.0,2.0,1.0,0.0,0.0,0.0,0.0,5.0,0.0,1.0,0.0,3.0,2.0,0.0
-343,0.0,2.0,0.0,1.0,2.0,0.0,1.0,1.0,0.0,0.0,0.0,0.0,0.0,0.0,2.0,1.0,0.0,0.0,0.0,0.0,5.0,0.0,1.0,0.0,3.0,2.0,0.0
-342,0.0,2.0,0.0,1.0,2.0,0.0,1.0,1.0,0.0,0.0,0.0,0.0,0.0,0.0,2.0,1.0,0.0,0.0,0.0,0.0,5.0,0.0,1.0,0.0,3.0,2.0,0.0
-341,0.0,2.0,0.0,1.0,2.0,0.0,1.0,1.0,0.0,0.0,0.0,0.0,0.0,0.0,2.0,1.0,0.0,0.0,0.0,0.0,5.0,0.0,1.0,0.0,3.0,2.0,0.0
-340,0.0,2.0,0.0,1.0,2.0,0.0,1.0,1.0,0.0,0.0,0.0,0.0,0.0,0.0,2.0,1.0,0.0,0.0,0.0,0.0,5.0,0.0,1.0,0.0,3.0,2.0,0.0
-339,0.0,2.0,0.0,1.0,2.0,0.0,1.0,1.0,0.0,0.0,0.0,0.0,0.0,0.0,2.0,1.0,0.0,0.0,0.0,0.0,5.0,0.0,1.0,0.0,3.0,2.0,0.0
-338,0.0,2.0,0.0,1.0,2.0,0.0,1.0,1.0,0.0,0.0,0.0,0.0,0.0,0.0,2.0,1.0,0.0,0.0,0.0,0.0,5.0,0.0,1.0,0.0,3.0,2.0,0.0
-337,0.0,2.0,0.0,1.0,2.0,0.0,1.0,1.0,0.0,0.0,0.0,0.0,0.0,0.0,2.0,1.0,0.0,0.0,0.0,0.0,5.0,0.0,1.0,0.0,3.0,2.0,0.0
-336,0.0,2.0,0.0,1.0,2.0,0.0,1.0,1.0,0.0,0.0,0.0,0.0,0.0,0.0,2.0,1.0,0.0,0.0,0.0,0.0,5.0,0.0,1.0,0.0,3.0,2.0,0.0
-335,0.0,2.0,0.0,1.0,2.0,0.0,1.0,1.0,0.0,0.0,0.0,0.0,0.0,0.0,2.0,1.0,0.0,0.0,0.0,0.0,5.0,0.0,1.0,0.0,3.0,2.0,0.0
-334,0.0,2.0,0.0,1.0,2.0,0.0,1.0,1.0,0.0,0.0,0.0,0.0,0.0,0.0,2.0,1.0,0.0,0.0,0.0,0.0,5.0,0.0,1.0,0.0,3.0,2.0,0.0
-333,0.0,2.0,0.0,1.0,2.0,0.0,1.0,1.0,0.0,0.0,0.0,0.0,0.0,0.0,2.0,1.0,0.0,0.0,0.0,0.0,5.0,0.0,1.0,0.0,3.0,2.0,0.0
-332,0.0,2.0,0.0,1.0,2.0,0.0,1.0,1.0,0.0,0.0,0.0,0.0,0.0,0.0,2.0,1.0,0.0,0.0,0.0,0.0,5.0,0.0,1.0,0.0,3.0,2.0,0.0
-331,0.0,2.0,0.0,1.0,2.0,0.0,1.0,1.0,0.0,0.0,0.0,0.0,0.0,0.0,2.0,1.0,0.0,0.0,0.0,0.0,5.0,0.0,1.0,0.0,3.0,2.0,0.0
-330,0.0,2.0,0.0,1.0,2.0,0.0,1.0,1.0,0.0,0.0,0.0,0.0,0.0,0.0,2.0,1.0,0.0,0.0,0.0,0.0,5.0,0.0,1.0,0.0,3.0,2.0,0.0
-329,0.0,2.0,0.0,1.0,2.0,0.0,1.0,1.0,0.0,0.0,0.0,0.0,0.0,0.0,2.0,1.0,0.0,0.0,0.0,0.0,5.0,0.0,1.0,0.0,3.0,2.0,0.0
-328,0.0,2.0,0.0,1.0,2.0,0.0,1.0,1.0,0.0,0.0,0.0,0.0,0.0,0.0,2.0,1.0,0.0,0.0,0.0,0.0,5.0,0.0,1.0,0.0,3.0,2.0,0.0
-327,0.0,2.0,0.0,1.0,2.0,0.0,1.0,1.0,0.0,0.0,0.0,0.0,0.0,0.0,2.0,1.0,0.0,0.0,0.0,0.0,5.0,0.0,1.0,0.0,3.0,2.0,0.0
-326,0.0,2.0,0.0,1.0,2.0,0.0,1.0,1.0,0.0,0.0,0.0,0.0,0.0,0.0,2.0,1.0,0.0,0.0,0.0,0.0,5.0,0.0,1.0,0.0,3.0,2.0,0.0
-325,0.0,2.0,0.0,1.0,2.0,0.0,1.0,1.0,0.0,0.0,0.0,0.0,0.0,0.0,2.0,1.0,0.0,0.0,0.0,0.0,5.0,0.0,1.0,0.0,3.0,2.0,0.0
-324,0.0,2.0,0.0,1.0,2.0,0.0,1.0,1.0,0.0,0.0,0.0,0.0,0.0,0.0,2.0,1.0,0.0,0.0,0.0,0.0,5.0,0.0,1.0,0.0,3.0,2.0,0.0
-323,0.0,2.0,0.0,1.0,2.0,0.0,1.0,1.0,0.0,0.0,0.0,0.0,0.0,0.0,2.0,1.0,0.0,0.0,0.0,0.0,5.0,0.0,1.0,0.0,3.0,2.0,0.0
-322,0.0,2.0,0.0,1.0,2.0,0.0,1.0,1.0,0.0,0.0,0.0,0.0,0.0,0.0,2.0,1.0,0.0,0.0,0.0,0.0,5.0,0.0,1.0,0.0,3.0,2.0,0.0
-321,0.0,2.0,0.0,1.0,2.0,0.0,1.0,1.0,0.0,0.0,0.0,0.0,0.0,0.0,2.0,1.0,0.0,0.0,0.0,0.0,5.0,0.0,1.0,0.0,3.0,2.0,0.0
-320,0.0,2.0,0.0,1.0,2.0,0.0,1.0,1.0,0.0,0.0,0.0,0.0,0.0,0.0,2.0,1.0,0.0,0.0,0.0,0.0,5.0,0.0,1.0,0.0,3.0,2.0,0.0
-319,0.0,2.0,0.0,1.0,2.0,0.0,1.0,1.0,0.0,0.0,0.0,0.0,0.0,0.0,2.0,1.0,0.0,0.0,0.0,0.0,5.0,0.0,1.0,0.0,3.0,2.0,0.0
-318,0.0,2.0,0.0,1.0,2.0,0.0,1.0,1.0,0.0,0.0,0.0,0.0,0.0,0.0,2.0,1.0,0.0,0.0,0.0,0.0,5.0,0.0,1.0,0.0,3.0,2.0,0.0
-317,0.0,2.0,0.0,1.0,2.0,0.0,1.0,1.0,0.0,0.0,0.0,0.0,0.0,0.0,2.0,1.0,0.0,0.0,0.0,0.0,5.0,0.0,1.0,0.0,3.0,2.0,0.0
-316,0.0,2.0,0.0,1.0,2.0,0.0,1.0,1.0,0.0,0.0,0.0,0.0,0.0,0.0,2.0,1.0,0.0,0.0,0.0,0.0,5.0,0.0,1.0,0.0,3.0,2.0,0.0
-315,0.0,2.0,0.0,1.0,2.0,0.0,1.0,1.0,0.0,0.0,0.0,0.0,0.0,0.0,2.0,1.0,0.0,0.0,0.0,0.0,5.0,0.0,1.0,0.0,3.0,2.0,0.0
-314,0.0,2.0,0.0,1.0,2.0,0.0,1.0,1.0,0.0,0.0,0.0,0.0,0.0,0.0,2.0,1.0,0.0,0.0,0.0,0.0,5.0,0.0,1.0,0.0,3.0,2.0,0.0
-313,0.0,2.0,0.0,1.0,2.0,0.0,1.0,1.0,0.0,0.0,0.0,0.0,0.0,0.0,2.0,1.0,0.0,0.0,0.0,0.0,5.0,0.0,1.0,0.0,3.0,2.0,0.0
-312,0.0,2.0,0.0,1.0,2.0,0.0,1.0,1.0,0.0,0.0,0.0,0.0,0.0,0.0,2.0,1.0,0.0,0.0,0.0,0.0,5.0,0.0,1.0,0.0,3.0,2.0,0.0
-311,0.0,2.0,0.0,1.0,2.0,0.0,1.0,1.0,0.0,0.0,0.0,0.0,0.0,0.0,2.0,1.0,0.0,0.0,0.0,0.0,5.0,0.0,1.0,0.0,3.0,2.0,0.0
-310,0.0,2.0,0.0,1.0,2.0,0.0,1.0,1.0,0.0,0.0,0.0,0.0,0.0,0.0,2.0,1.0,0.0,0.0,0.0,0.0,5.0,0.0,1.0,0.0,3.0,2.0,0.0
-309,0.0,2.0,0.0,1.0,2.0,0.0,1.0,1.0,0.0,0.0,0.0,0.0,0.0,0.0,2.0,1.0,0.0,0.0,0.0,0.0,5.0,0.0,1.0,0.0,3.0,2.0,0.0
-308,0.0,2.0,0.0,1.0,2.0,0.0,1.0,1.0,0.0,0.0,0.0,0.0,0.0,0.0,2.0,1.0,0.0,0.0,0.0,0.0,5.0,0.0,1.0,0.0,3.0,2.0,0.0
-307,0.0,2.0,0.0,1.0,2.0,0.0,1.0,1.0,0.0,0.0,0.0,0.0,0.0,0.0,2.0,1.0,0.0,0.0,0.0,0.0,5.0,0.0,1.0,0.0,3.0,2.0,0.0
-306,0.0,2.0,0.0,1.0,2.0,0.0,1.0,1.0,0.0,0.0,0.0,0.0,0.0,0.0,2.0,1.0,0.0,0.0,0.0,0.0,5.0,0.0,1.0,0.0,3.0,2.0,0.0
-305,0.0,2.0,0.0,1.0,2.0,0.0,1.0,1.0,0.0,0.0,0.0,0.0,0.0,0.0,2.0,1.0,0.0,0.0,0.0,0.0,5.0,0.0,1.0,0.0,3.0,2.0,0.0
-304,0.0,2.0,0.0,1.0,2.0,0.0,1.0,1.0,0.0,0.0,0.0,0.0,0.0,0.0,2.0,1.0,0.0,0.0,0.0,0.0,5.0,0.0,1.0,0.0,3.0,2.0,0.0
-303,0.0,2.0,0.0,1.0,2.0,0.0,1.0,1.0,0.0,0.0,0.0,0.0,0.0,0.0,2.0,1.0,0.0,0.0,0.0,0.0,5.0,0.0,1.0,0.0,3.0,2.0,0.0
-302,0.0,2.0,0.0,1.0,2.0,0.0,1.0,1.0,0.0,0.0,0.0,0.0,0.0,0.0,2.0,1.0,0.0,0.0,0.0,0.0,5.0,0.0,1.0,0.0,3.0,2.0,0.0
-301,0.0,2.0,0.0,1.0,2.0,0.0,1.0,1.0,0.0,0.0,0.0,0.0,0.0,0.0,2.0,1.0,0.0,0.0,0.0,0.0,5.0,0.0,1.0,0.0,3.0,2.0,0.0
-300,0.0,2.0,0.0,1.0,2.0,0.0,1.0,1.0,0.0,0.0,0.0,0.0,0.0,0.0,2.0,1.0,0.0,0.0,0.0,0.0,5.0,0.0,1.0,0.0,3.0,2.0,0.0
-299,0.0,2.0,0.0,1.0,2.0,0.0,1.0,1.0,0.0,0.0,0.0,0.0,0.0,0.0,2.0,1.0,0.0,0.0,0.0,0.0,5.0,0.0,1.0,0.0,3.0,2.0,0.0
-298,0.0,2.0,0.0,1.0,2.0,0.0,1.0,1.0,0.0,0.0,0.0,0.0,0.0,0.0,2.0,1.0,0.0,0.0,0.0,0.0,5.0,0.0,1.0,0.0,3.0,2.0,0.0
-297,0.0,2.0,0.0,1.0,2.0,0.0,1.0,1.0,0.0,0.0,0.0,0.0,0.0,0.0,2.0,1.0,0.0,0.0,0.0,0.0,5.0,0.0,1.0,0.0,3.0,2.0,0.0
-296,0.0,2.0,0.0,1.0,2.0,0.0,1.0,1.0,0.0,0.0,0.0,0.0,0.0,0.0,2.0,1.0,0.0,0.0,0.0,0.0,5.0,0.0,1.0,0.0,3.0,2.0,0.0
-295,0.0,2.0,0.0,1.0,2.0,0.0,1.0,1.0,0.0,0.0,0.0,0.0,0.0,0.0,2.0,1.0,0.0,0.0,0.0,0.0,5.0,0.0,1.0,0.0,3.0,2.0,0.0
-294,0.0,2.0,0.0,1.0,2.0,0.0,1.0,1.0,0.0,0.0,0.0,0.0,0.0,0.0,2.0,1.0,0.0,0.0,0.0,0.0,5.0,0.0,1.0,0.0,3.0,2.0,0.0
-293,0.0,2.0,0.0,1.0,2.0,0.0,1.0,1.0,0.0,0.0,0.0,0.0,0.0,0.0,2.0,1.0,0.0,0.0,0.0,0.0,5.0,0.0,1.0,0.0,3.0,2.0,0.0
-292,0.0,2.0,0.0,1.0,2.0,0.0,1.0,1.0,0.0,0.0,0.0,0.0,0.0,0.0,2.0,1.0,0.0,0.0,0.0,0.0,5.0,0.0,1.0,0.0,3.0,2.0,0.0
-291,0.0,2.0,0.0,1.0,2.0,0.0,1.0,1.0,0.0,0.0,0.0,0.0,0.0,0.0,2.0,1.0,0.0,0.0,0.0,0.0,5.0,0.0,1.0,0.0,3.0,2.0,0.0
-290,0.0,2.0,0.0,1.0,2.0,0.0,1.0,1.0,0.0,0.0,0.0,0.0,0.0,0.0,2.0,1.0,0.0,0.0,0.0,0.0,5.0,0.0,1.0,0.0,3.0,2.0,0.0
-289,0.0,2.0,0.0,1.0,2.0,0.0,1.0,1.0,0.0,0.0,0.0,0.0,0.0,0.0,2.0,1.0,0.0,0.0,0.0,0.0,5.0,0.0,1.0,0.0,3.0,2.0,0.0
-288,0.0,2.0,0.0,1.0,2.0,0.0,1.0,1.0,0.0,0.0,0.0,0.0,0.0,0.0,2.0,1.0,0.0,0.0,0.0,0.0,5.0,0.0,1.0,0.0,3.0,2.0,0.0
-287,0.0,2.0,0.0,1.0,2.0,0.0,1.0,1.0,0.0,0.0,0.0,0.0,0.0,0.0,2.0,1.0,0.0,0.0,0.0,0.0,5.0,0.0,1.0,0.0,3.0,2.0,0.0
-286,0.0,2.0,0.0,1.0,2.0,0.0,1.0,1.0,0.0,0.0,0.0,0.0,0.0,0.0,2.0,1.0,0.0,0.0,0.0,0.0,5.0,0.0,1.0,0.0,3.0,2.0,0.0
-285,0.0,2.0,0.0,1.0,2.0,0.0,1.0,1.0,0.0,0.0,0.0,0.0,0.0,0.0,2.0,1.0,0.0,0.0,0.0,0.0,5.0,0.0,1.0,0.0,3.0,2.0,0.0
-284,0.0,2.0,0.0,1.0,2.0,0.0,1.0,1.0,0.0,0.0,0.0,0.0,0.0,0.0,2.0,1.0,0.0,0.0,0.0,0.0,5.0,0.0,1.0,0.0,3.0,2.0,0.0
-283,0.0,2.0,0.0,1.0,2.0,0.0,1.0,1.0,0.0,0.0,0.0,0.0,0.0,0.0,2.0,1.0,0.0,0.0,0.0,0.0,5.0,0.0,1.0,0.0,3.0,2.0,0.0
-282,0.0,2.0,0.0,1.0,2.0,0.0,1.0,1.0,0.0,0.0,0.0,0.0,0.0,0.0,2.0,1.0,0.0,0.0,0.0,0.0,5.0,0.0,1.0,0.0,3.0,2.0,0.0
-281,0.0,2.0,0.0,1.0,2.0,0.0,1.0,1.0,0.0,0.0,0.0,0.0,0.0,0.0,2.0,1.0,0.0,0.0,0.0,0.0,5.0,0.0,1.0,0.0,3.0,2.0,0.0
-280,0.0,2.0,0.0,1.0,2.0,0.0,1.0,1.0,0.0,0.0,0.0,0.0,0.0,0.0,2.0,1.0,0.0,0.0,0.0,0.0,5.0,0.0,1.0,0.0,3.0,2.0,0.0
-279,0.0,2.0,0.0,1.0,2.0,0.0,1.0,1.0,0.0,0.0,0.0,0.0,0.0,0.0,2.0,1.0,0.0,0.0,0.0,0.0,5.0,0.0,1.0,0.0,3.0,2.0,0.0
-278,0.0,2.0,0.0,1.0,2.0,0.0,1.0,1.0,0.0,0.0,0.0,0.0,0.0,0.0,2.0,1.0,0.0,0.0,0.0,0.0,5.0,0.0,1.0,0.0,3.0,2.0,0.0
-277,0.0,2.0,0.0,1.0,2.0,0.0,1.0,1.0,0.0,0.0,0.0,0.0,0.0,0.0,2.0,1.0,0.0,0.0,0.0,0.0,5.0,0.0,1.0,0.0,3.0,2.0,0.0
-276,0.0,2.0,0.0,1.0,2.0,0.0,1.0,1.0,0.0,0.0,0.0,0.0,0.0,0.0,2.0,1.0,0.0,0.0,0.0,0.0,5.0,0.0,1.0,0.0,3.0,2.0,0.0
-275,0.0,2.0,0.0,1.0,2.0,0.0,1.0,1.0,0.0,0.0,0.0,0.0,0.0,0.0,2.0,1.0,0.0,0.0,0.0,0.0,5.0,0.0,1.0,0.0,3.0,2.0,0.0
-274,0.0,2.0,0.0,1.0,2.0,0.0,1.0,1.0,0.0,0.0,0.0,0.0,0.0,0.0,2.0,1.0,0.0,0.0,0.0,0.0,5.0,0.0,1.0,0.0,3.0,2.0,0.0
-273,0.0,2.0,0.0,1.0,2.0,0.0,1.0,1.0,0.0,0.0,0.0,0.0,0.0,0.0,2.0,1.0,0.0,0.0,0.0,0.0,5.0,0.0,1.0,0.0,3.0,2.0,0.0
-272,0.0,2.0,0.0,1.0,2.0,0.0,1.0,1.0,0.0,0.0,0.0,0.0,0.0,0.0,2.0,1.0,0.0,0.0,0.0,0.0,5.0,0.0,1.0,0.0,3.0,2.0,0.0
-271,0.0,2.0,0.0,1.0,2.0,0.0,1.0,1.0,0.0,0.0,0.0,0.0,0.0,0.0,2.0,1.0,0.0,0.0,0.0,0.0,5.0,0.0,1.0,0.0,3.0,2.0,0.0
-270,0.0,2.0,0.0,1.0,2.0,0.0,1.0,1.0,0.0,0.0,0.0,0.0,0.0,0.0,2.0,1.0,0.0,0.0,0.0,0.0,5.0,0.0,1.0,0.0,3.0,2.0,0.0
-269,0.0,2.0,0.0,1.0,2.0,0.0,1.0,1.0,0.0,0.0,0.0,0.0,0.0,0.0,2.0,1.0,0.0,0.0,0.0,0.0,5.0,0.0,1.0,0.0,3.0,2.0,0.0
-268,0.0,2.0,0.0,1.0,2.0,0.0,1.0,1.0,0.0,0.0,0.0,0.0,0.0,0.0,2.0,1.0,0.0,0.0,0.0,0.0,5.0,0.0,1.0,0.0,3.0,2.0,0.0
-267,0.0,2.0,0.0,1.0,2.0,0.0,1.0,1.0,0.0,0.0,0.0,0.0,0.0,0.0,2.0,1.0,0.0,0.0,0.0,0.0,5.0,0.0,1.0,0.0,3.0,2.0,0.0
-266,0.0,2.0,0.0,1.0,2.0,0.0,1.0,1.0,0.0,0.0,0.0,0.0,0.0,0.0,2.0,1.0,0.0,0.0,0.0,0.0,5.0,0.0,1.0,0.0,3.0,2.0,0.0
-265,0.0,2.0,0.0,1.0,2.0,0.0,1.0,1.0,0.0,0.0,0.0,0.0,0.0,0.0,2.0,1.0,0.0,0.0,0.0,0.0,5.0,0.0,1.0,0.0,3.0,2.0,0.0
-264,0.0,2.0,0.0,1.0,2.0,0.0,1.0,1.0,0.0,0.0,0.0,0.0,0.0,0.0,2.0,1.0,0.0,0.0,0.0,0.0,5.0,0.0,1.0,0.0,3.0,2.0,0.0
-263,0.0,2.0,0.0,1.0,2.0,0.0,1.0,1.0,0.0,0.0,0.0,0.0,0.0,0.0,2.0,1.0,0.0,0.0,0.0,0.0,5.0,0.0,1.0,0.0,3.0,2.0,0.0
-262,0.0,2.0,0.0,1.0,2.0,0.0,1.0,1.0,0.0,0.0,0.0,0.0,0.0,0.0,2.0,1.0,0.0,0.0,0.0,0.0,5.0,0.0,1.0,0.0,3.0,2.0,0.0
-261,0.0,2.0,0.0,1.0,2.0,0.0,1.0,1.0,0.0,0.0,0.0,0.0,0.0,0.0,2.0,1.0,0.0,0.0,0.0,0.0,5.0,0.0,1.0,0.0,3.0,2.0,0.0
-260,0.0,2.0,0.0,1.0,2.0,0.0,1.0,1.0,0.0,0.0,0.0,0.0,0.0,0.0,2.0,1.0,0.0,0.0,0.0,0.0,5.0,0.0,1.0,0.0,3.0,2.0,0.0
-259,0.0,2.0,0.0,1.0,2.0,0.0,1.0,1.0,0.0,0.0,0.0,0.0,0.0,0.0,2.0,1.0,0.0,0.0,0.0,0.0,5.0,0.0,1.0,0.0,3.0,2.0,0.0
-258,0.0,2.0,0.0,1.0,2.0,0.0,1.0,1.0,0.0,0.0,0.0,0.0,0.0,0.0,2.0,1.0,0.0,0.0,0.0,0.0,5.0,0.0,1.0,0.0,3.0,2.0,0.0
-257,0.0,2.0,0.0,1.0,2.0,0.0,1.0,1.0,0.0,0.0,0.0,0.0,0.0,0.0,2.0,1.0,0.0,0.0,0.0,0.0,5.0,0.0,1.0,0.0,3.0,2.0,0.0
-256,0.0,2.0,0.0,1.0,2.0,0.0,1.0,1.0,0.0,0.0,0.0,0.0,0.0,0.0,2.0,1.0,0.0,0.0,0.0,0.0,5.0,0.0,1.0,0.0,3.0,2.0,0.0
-255,0.0,2.0,0.0,1.0,2.0,0.0,1.0,1.0,0.0,0.0,0.0,0.0,0.0,0.0,2.0,1.0,0.0,0.0,0.0,0.0,5.0,0.0,1.0,0.0,3.0,2.0,0.0
-254,0.0,2.0,0.0,1.0,2.0,0.0,1.0,1.0,0.0,0.0,0.0,0.0,0.0,0.0,2.0,1.0,0.0,0.0,0.0,0.0,5.0,0.0,1.0,0.0,3.0,2.0,0.0
-253,0.0,2.0,0.0,1.0,2.0,0.0,1.0,1.0,0.0,0.0,0.0,0.0,0.0,0.0,2.0,1.0,0.0,0.0,0.0,0.0,5.0,0.0,1.0,0.0,3.0,2.0,0.0
-252,0.0,2.0,0.0,1.0,2.0,0.0,1.0,1.0,0.0,0.0,0.0,0.0,0.0,0.0,2.0,1.0,0.0,0.0,0.0,0.0,5.0,0.0,1.0,0.0,3.0,2.0,0.0
-251,0.0,2.0,0.0,1.0,2.0,0.0,1.0,1.0,0.0,0.0,0.0,0.0,0.0,0.0,2.0,1.0,0.0,0.0,0.0,0.0,5.0,0.0,1.0,0.0,3.0,2.0,0.0
-250,0.0,2.0,0.0,1.0,2.0,0.0,1.0,1.0,0.0,0.0,0.0,0.0,0.0,0.0,2.0,1.0,0.0,0.0,0.0,0.0,5.0,0.0,1.0,0.0,3.0,2.0,0.0
-249,0.0,2.0,0.0,1.0,2.0,0.0,1.0,1.0,0.0,0.0,0.0,0.0,0.0,0.0,2.0,1.0,0.0,0.0,0.0,0.0,5.0,0.0,1.0,0.0,3.0,2.0,0.0
-248,0.0,2.0,0.0,1.0,2.0,0.0,1.0,1.0,0.0,0.0,0.0,0.0,0.0,0.0,2.0,1.0,0.0,0.0,0.0,0.0,5.0,0.0,1.0,0.0,3.0,2.0,0.0
-247,0.0,2.0,0.0,1.0,2.0,0.0,1.0,1.0,0.0,0.0,0.0,0.0,0.0,0.0,2.0,1.0,0.0,0.0,0.0,0.0,5.0,0.0,1.0,0.0,3.0,2.0,0.0
-246,0.0,2.0,0.0,1.0,2.0,0.0,1.0,1.0,0.0,0.0,0.0,0.0,0.0,0.0,2.0,1.0,0.0,0.0,0.0,0.0,5.0,0.0,1.0,0.0,3.0,2.0,0.0
-245,0.0,2.0,0.0,1.0,2.0,0.0,1.0,1.0,0.0,0.0,0.0,0.0,0.0,0.0,2.0,1.0,0.0,0.0,0.0,0.0,5.0,0.0,1.0,0.0,3.0,2.0,0.0
-244,0.0,2.0,0.0,1.0,2.0,0.0,1.0,1.0,0.0,0.0,0.0,0.0,0.0,0.0,2.0,1.0,0.0,0.0,0.0,0.0,5.0,0.0,1.0,0.0,3.0,2.0,0.0
-243,0.0,2.0,0.0,1.0,2.0,0.0,1.0,1.0,0.0,0.0,0.0,0.0,0.0,0.0,2.0,1.0,0.0,0.0,0.0,0.0,5.0,0.0,1.0,0.0,3.0,2.0,0.0
-242,0.0,2.0,0.0,1.0,2.0,0.0,1.0,1.0,0.0,0.0,0.0,0.0,0.0,0.0,2.0,1.0,0.0,0.0,0.0,0.0,5.0,0.0,1.0,0.0,3.0,2.0,0.0
-241,0.0,2.0,0.0,1.0,2.0,0.0,1.0,1.0,0.0,0.0,0.0,0.0,0.0,0.0,2.0,1.0,0.0,0.0,0.0,0.0,5.0,0.0,1.0,0.0,3.0,2.0,0.0
-240,0.0,2.0,0.0,1.0,2.0,0.0,1.0,1.0,0.0,0.0,0.0,0.0,0.0,0.0,2.0,1.0,0.0,0.0,0.0,0.0,5.0,0.0,1.0,0.0,3.0,2.0,0.0
-239,0.0,2.0,0.0,1.0,2.0,0.0,1.0,1.0,0.0,0.0,0.0,0.0,0.0,0.0,2.0,1.0,0.0,0.0,0.0,0.0,5.0,0.0,1.0,0.0,3.0,2.0,0.0
-238,0.0,2.0,0.0,1.0,2.0,0.0,1.0,1.0,0.0,0.0,0.0,0.0,0.0,0.0,2.0,1.0,0.0,0.0,0.0,0.0,5.0,0.0,1.0,0.0,3.0,2.0,0.0
-237,0.0,2.0,0.0,1.0,2.0,0.0,1.0,1.0,0.0,0.0,0.0,0.0,0.0,0.0,2.0,1.0,0.0,0.0,0.0,0.0,5.0,0.0,1.0,0.0,3.0,2.0,0.0
-236,0.0,2.0,0.0,1.0,2.0,0.0,1.0,1.0,0.0,0.0,0.0,0.0,0.0,0.0,2.0,1.0,0.0,0.0,0.0,0.0,5.0,0.0,1.0,0.0,3.0,2.0,0.0
-235,0.0,2.0,0.0,1.0,2.0,0.0,1.0,1.0,0.0,0.0,0.0,0.0,0.0,0.0,2.0,1.0,0.0,0.0,0.0,0.0,5.0,0.0,1.0,0.0,3.0,2.0,0.0
-234,0.0,2.0,0.0,1.0,2.0,0.0,1.0,1.0,0.0,0.0,0.0,0.0,0.0,0.0,2.0,1.0,0.0,0.0,0.0,0.0,5.0,0.0,1.0,0.0,3.0,2.0,0.0
-233,0.0,2.0,0.0,1.0,2.0,0.0,1.0,1.0,0.0,0.0,0.0,0.0,0.0,0.0,2.0,1.0,0.0,0.0,0.0,0.0,5.0,0.0,1.0,0.0,3.0,2.0,0.0
-232,0.0,2.0,0.0,1.0,2.0,0.0,1.0,1.0,0.0,0.0,0.0,0.0,0.0,0.0,2.0,1.0,0.0,0.0,0.0,0.0,5.0,0.0,1.0,0.0,3.0,2.0,0.0
-231,0.0,2.0,0.0,1.0,2.0,0.0,1.0,1.0,0.0,0.0,0.0,0.0,0.0,0.0,2.0,1.0,0.0,0.0,0.0,0.0,5.0,0.0,1.0,0.0,3.0,2.0,0.0
-230,0.0,2.0,0.0,1.0,2.0,0.0,1.0,1.0,0.0,0.0,0.0,0.0,0.0,0.0,2.0,1.0,0.0,0.0,0.0,0.0,5.0,0.0,1.0,0.0,3.0,2.0,0.0
-229,0.0,2.0,0.0,1.0,2.0,0.0,1.0,1.0,0.0,0.0,0.0,0.0,0.0,0.0,2.0,1.0,0.0,0.0,0.0,0.0,5.0,0.0,1.0,0.0,3.0,2.0,0.0
-228,0.0,2.0,0.0,1.0,2.0,0.0,1.0,1.0,0.0,0.0,0.0,0.0,0.0,0.0,2.0,1.0,0.0,0.0,0.0,0.0,5.0,0.0,1.0,0.0,3.0,2.0,0.0
-227,0.0,2.0,0.0,1.0,2.0,0.0,1.0,1.0,0.0,0.0,0.0,0.0,0.0,0.0,2.0,1.0,0.0,0.0,0.0,0.0,5.0,0.0,1.0,0.0,3.0,2.0,0.0
-226,0.0,2.0,0.0,1.0,2.0,0.0,1.0,1.0,0.0,0.0,0.0,0.0,0.0,0.0,2.0,1.0,0.0,0.0,0.0,0.0,5.0,0.0,1.0,0.0,3.0,2.0,0.0
-225,0.0,2.0,0.0,1.0,2.0,0.0,1.0,1.0,0.0,0.0,0.0,0.0,0.0,0.0,2.0,1.0,0.0,0.0,0.0,0.0,5.0,0.0,1.0,0.0,3.0,2.0,0.0
-224,0.0,2.0,0.0,1.0,2.0,0.0,1.0,1.0,0.0,0.0,0.0,0.0,0.0,0.0,2.0,1.0,0.0,0.0,0.0,0.0,5.0,0.0,1.0,0.0,3.0,2.0,0.0
-223,0.0,2.0,0.0,1.0,2.0,0.0,1.0,1.0,0.0,0.0,0.0,0.0,0.0,0.0,2.0,1.0,0.0,0.0,0.0,0.0,5.0,0.0,1.0,0.0,3.0,2.0,0.0
-222,0.0,2.0,0.0,1.0,2.0,0.0,1.0,1.0,0.0,0.0,0.0,0.0,0.0,0.0,2.0,1.0,0.0,0.0,0.0,0.0,5.0,0.0,1.0,0.0,3.0,2.0,0.0
-221,0.0,2.0,0.0,1.0,2.0,0.0,1.0,1.0,0.0,0.0,0.0,0.0,0.0,0.0,2.0,1.0,0.0,0.0,0.0,0.0,5.0,0.0,1.0,0.0,3.0,2.0,0.0
-220,0.0,2.0,0.0,1.0,2.0,0.0,1.0,1.0,0.0,0.0,0.0,0.0,0.0,0.0,2.0,1.0,0.0,0.0,0.0,0.0,5.0,0.0,1.0,0.0,3.0,2.0,0.0
-219,0.0,2.0,0.0,1.0,2.0,0.0,1.0,1.0,0.0,0.0,0.0,0.0,0.0,0.0,2.0,1.0,0.0,0.0,0.0,0.0,5.0,0.0,1.0,0.0,3.0,2.0,0.0
-218,0.0,2.0,0.0,1.0,2.0,0.0,1.0,1.0,0.0,0.0,0.0,0.0,0.0,0.0,2.0,1.0,0.0,0.0,0.0,0.0,5.0,0.0,1.0,0.0,3.0,2.0,0.0
-217,0.0,2.0,0.0,1.0,2.0,0.0,1.0,1.0,0.0,0.0,0.0,0.0,0.0,0.0,2.0,1.0,0.0,0.0,0.0,0.0,5.0,0.0,1.0,0.0,3.0,2.0,0.0
-216,0.0,2.0,0.0,1.0,2.0,0.0,1.0,1.0,0.0,0.0,0.0,0.0,0.0,0.0,2.0,1.0,0.0,0.0,0.0,0.0,5.0,0.0,1.0,0.0,3.0,2.0,0.0
-215,0.0,2.0,0.0,1.0,2.0,0.0,1.0,1.0,0.0,0.0,0.0,0.0,0.0,0.0,2.0,1.0,0.0,0.0,0.0,0.0,5.0,0.0,1.0,0.0,3.0,2.0,0.0
-214,0.0,2.0,0.0,1.0,2.0,0.0,1.0,1.0,0.0,0.0,0.0,0.0,0.0,0.0,2.0,1.0,0.0,0.0,0.0,0.0,5.0,0.0,1.0,0.0,3.0,2.0,0.0
-213,0.0,2.0,0.0,1.0,2.0,0.0,1.0,1.0,0.0,0.0,0.0,0.0,0.0,0.0,2.0,1.0,0.0,0.0,0.0,0.0,5.0,0.0,1.0,0.0,3.0,2.0,0.0
-212,0.0,2.0,0.0,1.0,2.0,0.0,1.0,1.0,0.0,0.0,0.0,0.0,0.0,0.0,2.0,1.0,0.0,0.0,0.0,0.0,5.0,0.0,1.0,0.0,3.0,2.0,0.0
-211,0.0,2.0,0.0,1.0,2.0,0.0,1.0,1.0,0.0,0.0,0.0,0.0,0.0,0.0,2.0,1.0,0.0,0.0,0.0,0.0,5.0,0.0,1.0,0.0,3.0,2.0,0.0
-210,0.0,2.0,0.0,1.0,2.0,0.0,1.0,1.0,0.0,0.0,0.0,0.0,0.0,0.0,2.0,1.0,0.0,0.0,0.0,0.0,5.0,0.0,1.0,0.0,3.0,2.0,0.0
-209,0.0,2.0,0.0,1.0,2.0,0.0,1.0,1.0,0.0,0.0,0.0,0.0,0.0,0.0,2.0,1.0,0.0,0.0,0.0,0.0,5.0,0.0,1.0,0.0,3.0,2.0,0.0
-208,0.0,2.0,0.0,1.0,2.0,0.0,1.0,1.0,0.0,0.0,0.0,0.0,0.0,0.0,2.0,1.0,0.0,0.0,0.0,0.0,5.0,0.0,1.0,0.0,3.0,2.0,0.0
-207,0.0,2.0,0.0,1.0,2.0,0.0,1.0,1.0,0.0,0.0,0.0,0.0,0.0,0.0,2.0,1.0,0.0,0.0,0.0,0.0,5.0,0.0,1.0,0.0,3.0,2.0,0.0
-206,0.0,2.0,0.0,1.0,2.0,0.0,1.0,1.0,0.0,0.0,0.0,0.0,0.0,0.0,2.0,1.0,0.0,0.0,0.0,0.0,4.933333333333334,0.0,1.0,0.0,3.0,2.0,0.0
-205,0.0,2.0,0.0,1.0,2.0,0.0,1.0,1.0,0.0,0.0,0.0,0.0,0.0,0.0,2.0,1.0,0.0,0.0,0.0,0.0,4.866666666666666,0.0,1.0,0.0,3.0,2.0,0.0
-204,0.0,2.0,0.0,1.0,2.0,0.0,1.0,1.0,0.0,0.0,0.0,0.0,0.0,0.0,2.0,1.0,0.0,0.0,0.0,0.0,4.8,0.0,1.0,0.0,3.0,2.0,0.0
-203,0.0,2.0,0.0,1.0,2.0,0.0,1.0,1.0,0.0,0.0,0.0,0.0,0.0,0.0,2.0,1.0,0.0,0.0,0.0,0.0,4.733333333333333,0.0,1.0,0.0,3.0,2.0,0.0
-202,0.0,2.0,0.0,1.0,2.0,0.0,1.0,1.0,0.0,0.0,0.0,0.0,0.0,0.0,2.0,1.0,0.0,0.0,0.0,0.0,4.666666666666667,0.0,1.0,0.0,3.0,2.0,0.0
-201,0.0,2.0,0.0,1.0,2.0,0.0,1.0,1.0,0.0,0.0,0.0,0.0,0.0,0.0,2.0,1.0,0.0,0.0,0.0,0.0,4.6,0.0,1.0,0.0,3.0,2.0,0.0
-200,0.0,2.0,0.0,1.0,2.0,0.0,1.0,1.0,0.0,0.0,0.0,0.0,0.0,0.0,2.0,1.0,0.0,0.0,0.0,0.0,4.533333333333333,0.0,1.0,0.0,3.0,2.0,0.0
-199,0.0,2.0,0.0,1.0,2.0,0.0,1.0,1.0,0.0,0.0,0.0,0.0,0.0,0.0,2.0,1.0,0.0,0.0,0.0,0.0,4.466666666666667,0.0,1.0,0.0,3.0,2.0,0.0
-198,0.0,2.0,0.0,1.0,2.0,0.0,1.0,1.0,0.0,0.0,0.0,0.0,0.0,0.0,2.0,1.0,0.0,0.0,0.0,0.0,4.4,0.0,1.0,0.0,3.0,2.0,0.0
-197,0.0,2.0,0.0,1.0,2.0,0.0,1.0,1.0,0.0,0.0,0.0,0.0,0.0,0.0,2.0,1.0,0.0,0.0,0.0,0.0,4.333333333333333,0.0,1.0,0.0,3.0,2.0,0.0
-196,0.0,2.0,0.0,1.0,2.0,0.0,1.0,1.0,0.0,0.0,0.0,0.0,0.0,0.0,2.0,1.0,0.0,0.0,0.0,0.0,4.266666666666667,0.0,1.0,0.0,3.0,2.0,0.0
-195,0.0,2.0,0.0,1.0,2.0,0.0,1.0,1.0,0.0,0.0,0.0,0.0,0.0,0.0,2.0,1.0,0.0,0.0,0.0,0.0,4.2,0.0,1.0,0.0,3.0,2.0,0.0
-194,0.0,2.0,0.0,1.0,2.0,0.0,1.0,1.0,0.0,0.0,0.0,0.0,0.0,0.0,2.0,1.0,0.0,0.0,0.0,0.0,4.133333333333333,0.0,1.0,0.0,3.0,2.0,0.0
-193,0.0,2.0,0.0,1.0,2.0,0.0,1.0,1.0,0.0,0.0,0.0,0.0,0.0,0.0,2.0,1.0,0.0,0.0,0.0,0.0,4.066666666666666,0.0,1.0,0.0,3.0,2.0,0.0
-192,0.0,2.0,0.0,1.0,2.0,0.0,1.0,1.0,0.0,0.0,0.0,0.0,0.0,0.0,2.0,1.0,0.0,0.0,0.0,0.0,4.0,0.0,1.0,0.0,3.0,2.0,0.0
-191,0.0,2.0,0.0,1.0,2.0,0.0,1.0,1.0,0.0,0.0,0.0,0.0,0.0,0.0,2.0,1.0,0.0,0.0,0.0,0.0,4.0,0.0,1.0,0.0,3.0,2.0,0.0
-190,0.0,2.0,0.0,1.0,2.0,0.0,1.0,1.0,0.0,0.0,0.0,0.0,0.0,0.0,2.0,1.0,0.0,0.0,0.0,0.0,4.0,0.0,1.0,0.0,3.0,2.0,0.0
-189,0.0,2.0,0.0,1.0,2.0,0.0,1.0,1.0,0.0,0.0,0.0,0.0,0.0,0.0,2.0,1.0,0.0,0.0,0.0,0.0,4.0,0.0,1.0,0.0,3.0,2.0,0.0
-188,0.0,2.0,0.0,1.0,2.0,0.0,1.0,1.0,0.0,0.0,0.0,0.0,0.0,0.0,2.0,1.0,0.0,0.0,0.0,0.0,4.0,0.0,1.0,0.0,3.0,2.0,0.0
-187,0.0,2.0,0.0,1.0,2.0,0.0,1.0,1.0,0.0,0.0,0.0,0.0,0.0,0.0,2.0,1.0,0.0,0.0,0.0,0.0,4.0,0.0,1.0,0.0,3.0,2.0,0.0
-186,0.0,2.0,0.0,1.0,2.0,0.0,1.0,1.0,0.0,0.0,0.0,0.0,0.0,0.0,2.0,1.0,0.0,0.0,0.0,0.0,4.0,0.0,1.0,0.0,3.0,2.0,0.0
-185,0.0,2.0,0.0,1.0,2.0,0.0,1.0,1.0,0.0,0.0,0.0,0.0,0.0,0.0,2.0,1.0,0.0,0.0,0.0,0.0,4.0,0.0,1.0,0.0,3.0,2.0,0.0
-184,0.0,2.0,0.0,1.0,2.0,0.0,1.0,1.0,0.0,0.0,0.0,0.0,0.0,0.0,2.0,1.0,0.0,0.0,0.0,0.0,3.7,0.0,1.0,0.0,3.0,2.0,0.0
-183,0.0,2.0,0.0,1.0,2.0,0.0,1.0,1.0,0.0,0.0,0.0,0.0,0.0,0.0,2.0,1.0,0.0,0.0,0.0,0.0,3.4,0.0,1.0,0.0,3.0,2.0,0.0
-182,0.0,2.0,0.0,1.0,2.0,0.0,1.0,1.0,0.0,0.0,0.0,0.0,0.0,0.0,2.0,1.0,0.0,0.0,0.0,0.0,3.1,0.0,1.0,0.0,3.0,2.0,0.0
-181,0.0,2.0,0.0,1.0,2.0,0.0,1.0,1.0,0.0,0.0,0.0,0.0,0.0,0.0,2.0,1.0,0.0,0.0,0.0,0.0,2.8,0.0,1.0,0.0,3.0,2.0,0.0
-180,0.0,2.0,0.0,1.0,2.0,0.0,1.0,1.0,0.0,0.0,0.0,0.0,0.0,0.0,2.0,1.0,0.0,0.0,0.0,0.0,2.5,0.0,1.0,0.0,3.0,2.0,0.0
-179,0.0,2.0,0.0,1.0,2.0,0.0,1.0,1.0,0.0,0.0,0.0,0.0,0.0,0.0,2.0,1.0,0.0,0.0,0.0,0.0,2.2,0.0,1.0,0.0,3.0,2.0,0.0
-178,0.0,2.0,0.0,1.0,2.0,0.0,1.0,1.0,0.0,0.0,0.0,0.0,0.0,0.0,2.0,1.0,0.0,0.0,0.0,0.0,1.9,0.0,1.0,0.0,3.0,2.0,0.0
-177,0.0,2.0,0.0,1.0,2.0,0.0,1.0,1.0,0.0,0.0,0.0,0.0,0.0,0.0,2.0,1.0,0.0,0.0,0.0,0.0,1.6,0.0,1.0,0.0,3.0,2.0,0.0
-176,0.0,2.0,0.0,1.0,2.0,0.0,1.0,1.0,0.0,0.0,0.0,0.0,0.0,0.0,2.0,1.0,0.0,0.0,0.0,0.0,1.3000000000000003,0.0,1.0,0.0,3.0,2.0,0.0
-175,0.0,2.0,0.0,1.0,2.0,0.0,1.0,1.0,0.0,0.0,0.0,0.0,0.0,0.0,2.0,1.0,0.0,0.0,0.0,0.0,1.0,0.0,1.0,0.0,3.0,2.0,0.0
-174,0.0,2.0,0.0,1.0,2.0,0.0,1.0,1.0,0.0,0.0,0.0,0.0,0.0,0.0,2.0,1.0,0.0,0.0,0.0,0.0,0.875,0.0,1.0,0.0,3.0,2.0,0.0
-173,0.0,2.0,0.0,1.0,2.0,0.0,1.0,1.0,0.0,0.0,0.0,0.0,0.0,0.0,2.0,1.0,0.0,0.0,0.0,0.0,0.75,0.0,1.0,0.0,3.0,2.0,0.0
-172,0.0,2.0,0.0,1.0,2.0,0.0,1.0,1.0,0.0,0.0,0.0,0.0,0.0,0.0,2.0,1.0,0.0,0.0,0.0,0.0,0.625,0.0,1.0,0.0,3.0,2.0,0.0
-171,0.0,2.0,0.0,1.0,2.0,0.0,1.0,1.0,0.0,0.0,0.0,0.0,0.0,0.0,2.0,1.0,0.0,0.0,0.0,0.0,0.5,0.0,1.0,0.0,3.0,2.0,0.0
-170,0.0,2.0,0.0,1.0,2.0,0.0,1.0,1.0,0.0,0.0,0.0,0.0,0.0,0.0,2.0,1.0,0.0,0.0,0.0,0.0,0.375,0.0,1.0,0.0,3.0,2.0,0.0
-169,0.0,2.0,0.0,1.0,2.0,0.0,1.0,1.0,0.0,0.0,0.0,0.0,0.0,0.0,2.0,1.0,0.0,0.0,0.0,0.0,0.25,0.0,1.0,0.0,3.0,2.0,0.0
-168,0.0,2.0,0.0,1.0,2.0,0.0,1.0,1.0,0.0,0.0,0.0,0.0,0.0,0.0,2.0,1.0,0.0,0.0,0.0,0.0,0.125,0.0,1.0,0.0,3.0,2.0,0.0
-167,0.0,2.0,0.0,1.0,2.0,0.0,1.0,1.0,0.0,0.0,0.0,0.0,0.0,0.0,2.0,1.0,0.0,0.0,0.0,0.0,0.0,0.0,1.0,0.0,3.0,2.0,0.0
-166,0.0,2.0,0.0,1.0,2.0,0.0,1.0,1.0,0.0,0.0,0.0,0.0,0.0,0.0,2.0,1.0,0.0,0.0,0.0,0.0,0.0,0.0,1.0,0.0,3.0,2.0,0.0
-165,0.0,2.0,0.0,1.0,2.0,0.0,1.0,1.0,0.0,0.0,0.0,0.0,0.0,0.0,2.0,1.0,0.0,0.0,0.0,0.0,0.0,0.0,1.0,0.0,3.0,2.0,0.0
-164,0.0,2.0,0.0,1.0,2.0,0.0,1.0,1.0,0.0,0.0,0.0,0.0,0.0,0.0,2.0,1.0,0.0,0.0,0.0,0.0,0.0,0.0,1.0,0.0,3.0,2.0,0.0
-163,0.0,2.0,0.0,1.0,2.0,0.0,1.0,1.0,0.0,0.0,0.0,0.0,0.0,0.0,2.0,1.0,0.0,0.0,0.0,0.0,0.0,0.0,1.0,0.0,3.0,2.0,0.0
-162,0.0,2.0,0.0,1.0,2.0,0.0,1.0,1.0,0.0,0.0,0.0,0.0,0.0,0.0,2.0,1.0,0.0,0.0,0.0,0.0,0.0,0.0,1.0,0.0,3.0,2.0,0.0
-161,0.0,2.0,0.0,1.0,2.0,0.0,1.0,1.0,0.0,0.0,0.0,0.0,0.0,0.0,2.0,1.0,0.0,0.0,0.0,0.0,0.0,0.0,1.0,0.0,3.0,2.0,0.0
-160,0.0,2.0,0.0,1.0,2.0,0.0,1.0,1.0,0.0,0.0,0.0,0.0,0.0,0.0,2.0,1.0,0.0,0.0,0.0,0.0,0.0,0.0,1.0,0.0,3.0,2.0,0.0
-159,0.0,2.0,0.0,1.0,2.0,0.0,1.0,1.0,0.0,0.0,0.0,0.0,0.0,0.0,2.0,1.0,0.0,0.0,0.0,0.0,0.0,0.0,1.0,0.0,3.0,2.0,0.0
-158,0.0,2.0,0.0,1.0,2.0,0.0,1.0,1.0,0.0,0.0,0.0,0.0,0.0,0.0,2.0,1.0,0.0,0.0,0.0,0.0,0.0,0.0,1.0,0.0,3.0,2.0,0.0
-157,0.0,2.0,0.0,1.0,2.0,0.0,1.0,1.0,0.0,0.0,0.0,0.0,0.0,0.0,2.0,1.0,0.0,0.0,0.0,0.0,0.0,0.0,1.0,0.0,3.0,2.0,0.0
-156,0.0,2.0,0.0,1.0,2.0,0.0,1.0,1.0,0.0,0.0,0.0,0.0,0.0,0.0,2.0,1.0,0.0,0.0,0.0,0.0,0.0,0.0,1.0,0.0,3.0,2.0,0.0
-155,0.0,2.0,0.0,1.0,2.0,0.0,1.0,1.0,0.0,0.0,0.0,0.0,0.0,0.0,2.0,1.0,0.0,0.0,0.0,0.0,0.0,0.0,1.0,0.0,3.0,2.0,0.0
-154,0.0,2.0,0.0,1.0,2.0,0.0,1.0,1.0,0.0,0.0,0.0,0.0,0.0,0.0,2.0,1.0,0.0,0.0,0.0,0.0,0.0,0.0,1.0,0.0,3.0,2.0,0.0
-153,0.0,2.0,0.0,1.0,2.0,0.0,1.0,1.0,0.0,0.0,0.0,0.0,0.0,0.0,2.0,1.0,0.0,0.0,0.0,0.0,0.0,0.0,1.0,0.0,3.0,2.0,0.0
-152,0.0,2.0,0.0,1.0,2.0,0.0,1.0,1.0,0.0,0.0,0.0,0.0,0.0,0.0,2.0,1.0,0.0,0.0,0.0,0.0,0.0,0.0,1.0,0.0,3.0,2.0,0.0
-151,0.0,2.0,0.0,1.0,2.0,0.0,1.0,1.0,0.0,0.0,0.0,0.0,0.0,0.0,2.0,1.0,0.0,0.0,0.0,0.0,0.0,0.0,1.0,0.0,3.0,2.0,0.0
-150,0.0,2.0,0.0,1.0,2.0,0.0,1.0,1.0,0.0,0.0,0.0,0.0,0.0,0.0,2.0,1.0,0.0,0.0,0.0,0.0,0.0,0.0,1.0,0.0,3.0,2.0,0.0
-149,0.0,2.0,0.0,1.0,2.0,0.0,1.0,1.0,0.0,0.0,0.0,0.0,0.0,0.0,2.0,1.0,0.0,0.0,0.0,0.0,0.0,0.0,1.0,0.0,3.0,2.0,0.0
-148,0.0,2.0,0.0,1.0,2.0,0.0,1.0,1.0,0.0,0.0,0.0,0.0,0.0,0.0,2.0,1.0,0.0,0.0,0.0,0.0,0.0,0.0,1.0,0.0,3.0,2.0,0.0
-147,0.0,2.0,0.0,1.0,2.0,0.0,1.0,1.0,0.0,0.0,0.0,0.0,0.0,0.0,2.0,1.0,0.0,0.0,0.0,0.0,0.0,0.0,1.0,0.0,3.0,2.0,0.0
-146,0.0,2.0,0.0,1.0,2.0,0.0,1.0,1.0,0.0,0.0,0.0,0.0,0.0,0.0,2.0,1.0,0.0,0.0,0.0,0.0,0.0,0.0,1.0,0.0,3.0,2.0,0.0
-145,0.0,2.0,0.0,1.0,2.0,0.0,1.0,1.0,0.0,0.0,0.0,0.0,0.0,0.0,2.0,1.0,0.0,0.0,0.0,0.0,0.0,0.0,1.0,0.0,3.0,2.0,0.0
-144,0.0,2.0,0.0,1.0,2.0,0.0,1.0,1.0,0.0,0.0,0.0,0.0,0.0,0.0,2.0,1.0,0.0,0.0,0.0,0.0,0.0,0.0,1.0,0.0,3.0,2.0,0.0
-143,0.0,2.0,0.0,1.0,2.0,0.0,1.0,1.0,0.0,0.0,0.0,0.0,0.0,0.0,2.0,1.0,0.0,0.0,0.0,0.0,0.0,0.0,1.0,0.0,3.0,2.0,0.0
-142,0.0,2.0,0.0,1.0,2.0,0.0,1.0,1.0,0.0,0.0,0.0,0.0,0.0,0.0,2.0,1.0,0.0,0.0,0.0,0.0,0.0,0.0,1.0,0.0,3.0,2.0,0.0
-141,0.0,2.0,0.0,1.0,2.0,0.0,1.0,1.0,0.0,0.0,0.0,0.0,0.0,0.0,2.0,1.0,0.0,0.0,0.0,0.0,0.0,0.0,1.0,0.0,3.0,2.0,0.0
-140,0.0,2.0,0.0,1.0,2.0,0.0,1.0,1.0,0.0,0.0,0.0,0.0,0.0,0.0,2.0,1.0,0.0,0.0,0.0,0.0,0.0,0.0,1.0,0.0,3.0,2.0,0.0
-139,0.0,2.0,0.0,1.0,2.0,0.0,1.0,1.0,0.0,0.0,0.0,0.0,0.0,0.0,2.0,1.0,0.0,0.0,0.0,0.0,0.0,0.0,1.0,0.0,3.0,2.0,0.0
-138,0.0,2.0,0.0,1.0,2.0,0.0,1.0,1.0,0.0,0.0,0.0,0.0,0.0,0.0,2.0,1.0,0.0,0.0,0.0,0.0,0.0,0.0,1.0,0.0,3.0,2.0,0.0
-137,0.0,2.0,0.0,1.0,2.0,0.0,1.0,1.0,0.0,0.0,0.0,0.0,0.0,0.0,2.0,1.0,0.0,0.0,0.0,0.0,0.0,0.0,1.0,0.0,3.0,2.0,0.0
-136,0.0,2.0,0.0,1.0,2.0,0.0,1.0,1.0,0.0,0.0,0.0,0.0,0.0,0.0,2.0,1.0,0.0,0.0,0.0,0.0,0.0,0.0,1.0,0.0,3.0,2.0,0.0
-135,0.0,2.0,0.0,1.0,2.0,0.0,1.0,1.0,0.0,0.0,0.0,0.0,0.0,0.0,2.0,1.0,0.0,0.0,0.0,0.0,0.0,0.0,1.0,0.0,3.0,2.0,0.0
-134,0.0,2.0,0.0,1.0,2.0,0.0,1.0,1.0,0.0,0.0,0.0,0.0,0.0,0.0,2.0,1.0,0.0,0.0,0.0,0.0,0.0,0.0,1.0,0.0,3.0,2.0,0.0
-133,0.0,2.0,0.0,1.0,2.0,0.0,1.0,1.0,0.0,0.0,0.0,0.0,0.0,0.0,2.0,1.0,0.0,0.0,0.0,0.0,0.0,0.0,1.0,0.0,3.0,1.8181818181818181,0.0
-132,0.0,2.0,0.0,1.0,2.0,0.0,1.0,1.0,0.0,0.0,0.0,0.0,0.0,0.0,2.0,1.0,0.0,0.0,0.0,0.0,0.0,0.0,1.0,0.0,3.0,1.6363636363636362,0.0
-131,0.0,2.0,0.0,1.0,2.0,0.0,1.0,1.0,0.0,0.0,0.0,0.0,0.0,0.0,2.0,1.0,0.0,0.0,0.0,0.0,0.0,0.0,1.0,0.0,3.0,1.4545454545454546,0.0
-130,0.0,2.0,0.0,1.0,2.0,0.0,1.0,1.0,0.0,0.0,0.0,0.0,0.0,0.0,2.0,1.0,0.0,0.0,0.0,0.0,0.0,0.0,1.0,0.0,3.0,1.2727272727272727,0.0
-129,0.0,2.0,0.0,1.0,2.0,0.0,1.0,1.0,0.0,0.0,0.0,0.0,0.0,0.0,2.0,1.0,0.0,0.0,0.0,0.0,0.0,0.0,1.0,0.0,3.0,1.0909090909090908,0.0
-128,0.0,2.0,0.0,1.0,2.0,0.0,1.0,1.0,0.0,0.0,0.0,0.0,0.0,0.0,2.0,1.0,0.0,0.0,0.0,0.0,0.0,0.0,1.0,0.0,3.0,0.9090909090909092,0.0
-127,0.0,2.0,0.0,1.0,2.0,0.0,1.0,1.0,0.0,0.0,0.0,0.0,0.0,0.0,2.0,1.0,0.0,0.0,0.0,0.0,0.0,0.0,1.0,0.0,3.0,0.7272727272727273,0.0
-126,0.0,2.0,0.0,1.0,2.0,0.0,1.0,1.0,0.0,0.0,0.0,0.0,0.0,0.0,2.0,1.0,0.0,0.0,0.0,0.0,0.0,0.0,1.0,0.0,3.0,0.5454545454545454,0.0
-125,0.0,2.0,0.0,1.0,2.0,0.0,1.0,1.0,0.0,0.0,0.0,0.0,0.0,0.0,2.0,1.0,0.0,0.0,0.0,0.0,0.0,0.0,1.0,0.0,3.0,0.36363636363636354,0.0
-124,0.0,2.0,0.0,1.0,2.0,0.0,1.0,1.0,0.0,0.0,0.0,0.0,0.0,0.0,2.0,1.0,0.0,0.0,0.0,0.0,0.0,0.0,1.0,0.0,3.0,0.18181818181818166,0.0
-123,0.0,2.0,0.0,1.0,2.0,0.0,1.0,1.0,0.0,0.0,0.0,0.0,0.0,0.0,2.0,1.0,0.0,0.0,0.0,0.0,0.0,0.0,1.0,0.0,3.0,0.0,0.0
-122,0.0,2.0,0.0,1.0,2.0,0.0,1.0,1.0,0.0,0.0,0.0,0.0,0.0,0.0,2.0,1.0,0.0,0.0,0.0,0.0,0.0,0.0,1.0,0.0,3.0,0.0,0.0
-121,0.0,2.0,0.0,1.0,2.0,0.0,1.0,1.0,0.0,0.0,0.0,0.0,0.0,0.0,2.0,1.0,0.0,0.0,0.0,0.0,0.0,0.0,1.0,0.0,3.0,0.0,0.0
-120,0.0,2.0,0.0,1.0,2.0,0.0,1.0,1.0,0.0,0.0,0.0,0.0,0.0,0.0,2.0,1.0,0.0,0.0,0.0,0.0,0.0,0.0,1.0,0.0,3.0,0.0,0.0
-119,0.0,2.0,0.0,1.0,2.0,0.0,1.0,1.0,0.0,0.0,0.0,0.0,0.0,0.0,2.0,1.0,0.0,0.0,0.0,0.0,0.0,0.0,1.0,0.0,3.0,0.0,0.0
-118,0.0,2.0,0.0,1.0,2.0,0.0,1.0,1.0,0.0,0.0,0.0,0.0,0.0,0.0,2.0,1.0,0.0,0.0,0.0,0.0,0.0,0.0,1.0,0.0,3.0,0.0,0.0
-117,0.0,2.0,0.0,1.0,2.0,0.0,1.0,1.0,0.0,0.0,0.0,0.0,0.0,0.0,2.0,1.0,0.0,0.0,0.0,0.0,0.0,0.0,1.0,0.0,3.0,0.0,0.0
-116,0.0,2.0,0.0,1.0,2.0,0.0,1.0,1.0,0.0,0.0,0.0,0.0,0.0,0.0,2.0,1.0,0.0,0.0,0.0,0.0,0.0,0.0,1.0,0.0,3.0,0.0,0.0
-115,0.0,2.0,0.0,1.0,2.0,0.0,1.0,1.0,0.0,0.0,0.0,0.0,0.0,0.0,2.0,1.0,0.0,0.0,0.0,0.0,0.0,0.0,1.0,0.0,3.0,0.0,0.0
-114,0.0,2.0,0.0,1.0,2.0,0.0,1.0,1.0,0.0,0.0,0.0,0.0,0.0,0.0,2.0,1.0,0.0,0.0,0.0,0.0,0.0,0.0,1.0,0.0,3.0,0.0,0.0
-113,0.0,2.0,0.0,1.0,2.0,0.0,1.0,1.0,0.0,0.0,0.0,0.0,0.0,0.0,2.0,1.0,0.0,0.0,0.0,0.0,0.0,0.0,1.0,0.0,3.0,0.0,0.0
-112,0.0,2.0,0.0,1.0,2.0,0.0,1.0,1.0,0.0,0.0,0.0,0.0,0.0,0.0,2.0,1.0,0.0,0.0,0.0,0.0,0.0,0.0,1.0,0.0,3.0,0.0,0.0
-111,0.0,2.0,0.0,1.0,2.0,0.0,1.0,1.0,0.0,0.0,0.0,0.0,0.0,0.0,2.0,1.0,0.0,0.0,0.0,0.0,0.0,0.0,1.0,0.0,3.0,0.0,0.0
-110,0.0,2.0,0.0,1.0,2.0,0.0,1.0,1.0,0.0,0.0,0.0,0.0,0.0,0.0,2.0,1.0,0.0,0.0,0.0,0.0,0.0,0.0,1.0,0.0,3.0,0.0,0.0
-109,0.0,2.0,0.0,1.0,2.0,0.0,1.0,1.0,0.0,0.0,0.0,0.0,0.0,0.0,2.0,1.0,0.0,0.0,0.0,0.0,0.0,0.0,1.0,0.0,3.0,0.0,0.0
-108,0.0,2.0,0.0,1.0,2.0,0.0,1.0,1.0,0.0,0.0,0.0,0.0,0.0,0.0,2.0,1.0,0.0,0.0,0.0,0.0,0.0,0.0,1.0,0.0,3.0,0.0,0.0
-107,0.0,2.0,0.0,1.0,2.0,0.0,1.0,1.0,0.0,0.0,0.0,0.0,0.0,0.0,2.0,1.0,0.0,0.0,0.0,0.0,0.0,0.0,1.0,0.0,3.0,0.0,0.0
-106,0.0,2.0,0.0,1.0,2.0,0.0,1.0,1.0,0.0,0.0,0.0,0.0,0.0,0.0,2.0,1.0,0.0,0.0,0.0,0.0,0.0,0.0,1.0,0.0,3.0,0.0,0.0
-105,0.0,2.0,0.0,1.0,2.0,0.0,1.0,1.0,0.0,0.0,0.0,0.0,0.0,0.0,2.0,1.0,0.0,0.0,0.0,0.0,0.0,0.0,1.0,0.0,3.0,0.0,0.0
-104,0.0,2.0,0.0,1.0,2.0,0.0,1.0,1.0,0.0,0.0,0.0,0.0,0.0,0.0,2.0,1.0,0.0,0.0,0.0,0.0,0.0,0.0,1.0,0.0,3.0,0.0,0.0
-103,0.0,2.0,0.0,1.0,2.0,0.0,1.0,1.0,0.0,0.0,0.0,0.0,0.0,0.0,2.0,1.0,0.0,0.0,0.0,0.0,0.0,0.0,1.0,0.0,3.0,0.0,0.0
-102,0.0,2.0,0.0,1.0,2.0,0.0,1.0,1.0,0.0,0.0,0.0,0.0,0.0,0.0,2.0,1.0,0.0,0.0,0.0,0.0,0.0,0.0,1.0,0.0,3.0,0.0,0.0
-101,0.0,2.0,0.0,1.0,2.0,0.0,1.0,1.0,0.0,0.0,0.0,0.0,0.0,0.0,2.0,1.0,0.125,0.0,0.0,0.0,0.0,0.0,1.0,0.0,3.0,0.0,0.0
-100,0.0,2.0,0.0,1.0,2.0,0.0,1.0,1.0,0.0,0.0,0.0,0.0,0.0,0.0,2.0,1.0,0.25,0.0,0.0,0.0,0.0,0.0,1.0,0.0,3.0,0.0,0.0
-99,0.0,2.0,0.0,1.0,2.0,0.0,1.0,1.0,0.0,0.0,0.0,0.0,0.0,0.0,2.0,1.0,0.375,0.0,0.0,0.0,0.0,0.0,1.0,0.0,3.0,0.0,0.0
-98,0.0,2.0,0.0,1.0,2.0,0.0,1.0,1.0,0.0,0.0,0.0,0.0,0.0,0.0,2.0,1.0,0.5,0.0,0.0,0.0,0.0,0.0,1.0,0.0,3.0,0.0,0.0
-97,0.0,2.0,0.0,1.0,2.0,0.0,1.0,1.0,0.0,0.0,0.0,0.0,0.0,0.0,2.0,1.0,0.625,0.0,0.0,0.0,0.0,0.0,1.0,0.0,3.0,0.0,0.0
-96,0.0,2.0,0.0,1.0,2.0,0.0,1.0,1.0,0.0,0.0,0.0,0.0,0.0,0.0,2.0,1.0,0.75,0.0,0.0,0.0,0.0,0.0,1.0,0.0,3.0,0.0,0.0
-95,0.0,2.0,0.0,1.0,2.0,0.0,1.0,1.0,0.0,0.0,0.0,0.0,0.0,0.0,2.0,1.0,0.875,0.0,0.0,0.0,0.0,0.0,1.0,0.0,3.0,0.0,0.0
-94,0.0,2.0,0.0,1.0,2.0,0.0,1.0,1.0,0.0,0.0,0.0,0.0,0.0,0.0,2.0,1.0,1.0,0.0,0.0,0.0,0.0,0.0,1.0,0.0,3.0,0.0,0.0
-93,0.0,2.0,0.0,1.0,2.0,0.0,1.0,1.0,0.0,0.0,0.0,0.0,0.0,0.0,2.0,1.0,1.0,0.0,0.0,0.0,0.0,0.0,1.0,0.0,3.0,0.0,0.0
-92,0.0,2.0,0.0,1.0,2.0,0.0,1.0,1.0,0.0,0.0,0.0,0.0,0.0,0.0,2.0,1.0,1.0,0.0,0.0,0.0,0.0,0.0,1.0,0.0,3.0,0.0,0.0
-91,0.0,2.0,0.0,1.0,2.0,0.0,1.0,1.0,0.0,0.0,0.0,0.0,0.0,0.0,2.0,1.0,1.0,0.0,0.0,0.0,0.0,0.0,1.0,0.0,3.0,0.0,0.0
-90,0.0,2.0,0.0,1.0,2.0,0.0,1.0,1.0,0.0,0.0,0.0,0.0,0.0,0.0,2.0,1.0,1.0,0.0,0.0,0.0,0.0,0.0,1.0,0.0,3.0,0.0,0.0
-89,0.0,2.0,0.0,1.0,2.0,0.0,1.0,1.0,0.0,0.0,0.0,0.0,0.0,0.0,2.0,1.0,1.0,0.0,0.0,0.0,0.0,0.0,1.0,0.0,3.0,0.0,0.0
-88,0.0,2.0,0.0,1.0,2.0,0.0,1.0,1.0,0.0,0.0,0.0,0.0,0.0,0.0,2.0,1.0,1.0,0.0,0.0,0.0,0.0,0.0,1.0,0.0,3.0,0.0,0.0
-87,0.0,2.0,0.0,1.0,2.0,0.0,1.0,1.0,0.0,0.0,0.0,0.0,0.0,0.0,2.0,1.0,1.0,0.0,0.0,0.0,0.0,0.0,1.0,0.0,3.0,0.0,0.0
-86,0.0,2.0,0.0,1.0,2.0,0.0,1.0,1.0,0.0,0.0,0.0,0.0,0.0,0.0,2.0,1.0,1.0,0.0,0.0,0.0,0.0,0.0,1.0,0.0,3.0,0.0,0.0
-85,0.0,2.0,0.0,1.0,2.0,0.0,1.0,1.0,0.0,0.0,0.0,0.0,0.0,0.0,2.0,1.0,1.0,0.0,0.0,0.0,0.0,0.0,1.0,0.0,3.0,0.0,0.0
-84,0.0,2.0,0.0,1.0,2.0,0.0,1.0,1.0,0.0,0.0,0.0,0.0,0.0,0.0,2.0,1.0,1.0,0.0,0.0,0.0,0.0,0.0,1.0,0.0,3.0,0.0,0.0
-83,0.0,2.0,0.0,1.0,2.0,0.0,1.0,1.0,0.0,0.0,0.0,0.0,0.0,0.0,2.0,1.0,1.0,0.0,0.0,0.0,0.0,0.0,1.0,0.0,3.0,0.0,0.0
-82,0.0,2.0,0.0,1.0,2.0,0.0,1.0,1.0,0.0,0.0,0.15625,0.0,0.0,0.0,2.0,1.0,1.0,0.0,0.0,0.0,0.0,0.0,1.0,0.0,3.0,0.0,0.0
-81,0.0,2.0,0.0,1.0,2.0,0.0,1.0,1.0,0.0,0.0,0.3125,0.0,0.0,0.0,2.0,1.0,1.0,0.0,0.0,0.0,0.0,0.0,1.0,0.0,3.0,0.0,0.0
-80,0.0,2.0,0.0,1.0,2.0,0.0,1.0,1.0,0.0,0.0,0.46875,0.0,0.0,0.0,2.0,1.0,1.0,0.0,0.0,0.0,0.0,0.0,1.0,0.0,3.0,0.0,0.0
-79,0.0,2.0,0.0,1.0,2.0,0.0,1.0,1.0,0.0,0.0,0.625,0.0,0.0,0.0,2.0,1.0,1.0,0.0,0.0,0.0,0.0,0.0,1.0,0.0,3.0,0.0,0.0
-78,0.0,2.0,0.0,1.0,2.0,0.0,1.0,1.0,0.0,0.0,0.78125,0.0,0.0,0.0,2.0,1.0,1.0,0.0,0.0,0.0,0.0,0.0,1.0,0.0,3.0,0.0,0.0
-77,0.0,2.0,0.0,1.0,2.0,0.0,1.0,1.0,0.0,0.0,0.9375,0.0,0.0,0.0,2.0,1.0,1.0,0.0,0.0,0.0,0.0,0.0,1.0,0.0,3.0,0.0,0.0
-76,0.0,2.0,0.0,1.0,2.0,0.0,1.0,1.0,0.0,0.0,1.09375,0.0,0.0,0.0,2.0,1.0,1.0,0.0,0.0,0.0,0.0,0.0,1.0,0.0,3.0,0.0,0.0
-75,0.0,2.0,0.0,1.0,2.0,0.0,1.0,1.0,0.0,0.0,1.25,0.0,0.0,0.0,2.0,1.0,1.0,0.0,0.0,0.0,0.0,0.0,1.0,0.0,3.0,0.0,0.0
-74,0.0,2.0,0.0,1.0,2.0,0.0,1.0,1.0,0.0,0.0,1.40625,0.0,0.0,0.0,2.0,1.0,1.0,0.0,0.0,0.0,0.0,0.0,1.0,0.0,3.0,0.0,0.0
-73,0.0,2.0,0.0,1.0,2.0,0.0,1.0,1.0,0.0,0.0,1.5625,0.0,0.0,0.0,2.0,1.0,1.0,0.0,0.0,0.0,0.0,0.0,1.0,0.125,2.7142857142857144,0.0,0.0
-72,0.0,2.0,0.0,1.0,2.0,0.0,1.0,1.0,0.0,0.0,1.71875,0.0,0.0,0.0,2.0,1.0,1.0,0.0,0.0,0.0,0.0,0.0,1.0,0.25,2.428571428571429,0.0,0.0
-71,0.0,2.0,0.0,1.0,2.0,0.0,1.0,1.0,0.0,0.0,1.875,0.0,0.0,0.0,2.0,1.0,1.0,0.0,0.0,0.0,0.0,0.0,1.0,0.375,2.142857142857143,0.0,0.0
-70,0.0,2.0,0.0,1.0,2.0,0.0,1.0,1.0,0.0,0.0,2.03125,0.0,0.0,0.0,2.0,1.0,1.0,0.0,0.0,0.0,0.0,0.0,1.0,0.5,1.8571428571428572,0.0,0.0
-69,0.0,2.0,0.0,1.0,2.0,0.0,1.0,1.0,0.0,0.0,2.1875,0.0,0.0,0.0,2.0,1.0,1.0,0.0,0.0,0.0,0.0,0.0,1.0,0.625,1.5714285714285716,0.0,0.0
-68,0.0,2.0,0.0,1.0,2.0,0.0,1.0,1.0,0.0,0.0,2.34375,0.0,0.0,0.0,2.0,1.0,1.0,0.0,0.0,0.0,0.0,0.0,1.0,0.75,1.2857142857142858,0.0,0.0
-67,0.0,2.0,0.0,1.0,2.0,0.0,1.0,1.0,0.0,0.0,2.5,0.0,0.0,0.0,2.0,1.0,1.0,0.0,0.0,0.0,0.0,0.0,1.0,0.875,1.0,0.0,0.0
-66,0.0,2.0,0.0,1.0,2.0,0.0,1.0,1.0,0.0,0.0,2.65625,0.0,0.0,0.0,2.0,1.0,1.0,0.0,0.0,0.0,0.0,0.0,1.0,1.0,0.8571428571428572,0.0,0.0
-65,0.0,2.0,0.0,1.0,2.0,0.0,1.0,1.0,0.0,0.0,2.8125,0.0,0.0,0.0,2.0,1.0,1.0,0.0,0.0,0.0,0.0,0.0,1.0,1.0,0.7142857142857143,0.0,0.0
-64,0.0,2.0,0.0,1.0,2.0,0.0,1.0,1.0,0.0,0.0,2.96875,0.0,0.0,0.0,2.0,1.0,1.0,0.0,0.0,0.0,0.0,0.0,1.0,1.0,0.5714285714285714,0.0,0.0
-63,0.0,2.0,0.0,1.0,2.0,0.0,1.0,1.0,0.0,0.0,3.125,0.0,0.0,0.0,2.0,1.0,1.0,0.0,0.0,0.0,0.0,0.0,1.0,1.0,0.4285714285714286,0.0,0.0
-62,0.0,2.0,0.0,1.0,2.0,0.0,1.0,1.0,0.0,0.0,3.28125,0.0,0.0,0.0,2.0,1.0,1.0,0.0,0.0,0.0,0.0,0.0,1.0,1.0,0.2857142857142858,0.0,0.0
-61,0.0,2.0,0.0,1.0,2.0,0.0,1.0,1.0,0.0,0.0,3.4375,0.0,0.0,0.0,2.0,1.0,1.0,0.0,0.0,0.0,0.0,0.0,1.0,1.0,0.1428571428571429,0.0,0.0
-60,0.0,2.0,0.0,1.0,2.0,0.0,1.0,1.0,0.0,0.0,3.59375,0.0,0.0,0.0,2.0,1.0,1.0,0.0,0.0,0.0,0.0,0.0,1.0,1.0,0.0,0.0,0.0
-59,0.0,2.0,0.0,1.0,2.0,0.0,1.0,1.0,0.0,0.0,3.75,0.0,0.0,0.0,2.0,1.0,1.0,0.0,0.0,0.0,0.0,0.0,1.0,1.0,0.0,0.0,0.0
-58,0.0,2.0,0.0,1.0,2.0,0.0,1.0,1.0,0.0,0.0,3.90625,0.0,0.0,0.0,2.0,1.0,0.9375,0.0,0.0,0.0,0.0,0.0,1.0,1.0,0.0,0.0,0.0
-57,0.0,2.0,0.0,1.0,2.0,0.0,1.0,1.0,0.0,0.0,4.0625,0.0,0.0,0.0,2.0,1.0,0.875,0.0,0.0,0.0,0.0,0.0,1.0,1.0,0.0,0.0,0.14285714285714285
-56,0.0,2.0,0.0,1.0,2.0,0.0,1.0,1.0,0.0,0.0,4.21875,0.0,0.0,0.0,2.0,1.0,0.8125,0.0,0.0,0.0,0.0,0.0,1.0,1.0,0.0,0.0,0.2857142857142857
-55,0.0,2.0,0.0,1.0,2.0,0.0,1.0,1.0,0.0,0.0,4.375,0.0,0.0,0.0,2.0,1.0,0.75,0.0,0.0,0.0,0.0,0.0,1.0,1.0,0.0,0.0,0.42857142857142855
-54,0.0,2.0,0.0,1.0,2.0,0.0,1.0,1.0,0.0,0.0,4.53125,0.0,0.0,0.0,2.0,1.0,0.6875,0.0,0.0,0.0,0.0,0.0,1.0,1.0,0.0,0.0,0.5714285714285714
-53,0.0,2.0,0.0,1.0,2.0,0.0,1.0,1.0,0.0,0.0,4.6875,0.0,0.0,0.0,2.0,1.0,0.625,0.0,0.0,0.0,0.0,0.0,1.0,1.0,0.0,0.0,0.7142857142857142
-52,0.0,2.0,0.0,1.0,2.0,0.0,1.0,1.0,0.0,0.0,4.84375,0.0,0.0,0.0,2.0,1.0,0.5625,0.0,0.0,0.0,0.0,0.0,1.0,1.0,0.0,0.0,0.8571428571428571
-51,0.0,2.0,0.0,1.0,2.0,0.0,1.0,1.0,0.0,0.0,5.0,0.0,0.0,0.0,2.0,1.0,0.5,0.0,0.0,0.0,0.0,0.0,1.0,1.0,0.0,0.0,1.0
-50,0.0,2.0,0.0,1.0,2.0,0.0,1.0,1.0,0.0,0.0,5.0,0.0,0.0,0.0,2.0,1.0,0.4375,0.0,0.0,0.0,0.0,0.0,1.0,1.0,0.0,0.0,1.0
-49,0.0,2.0,0.0,1.0,2.0,0.0,1.0,1.0,0.0,0.0,5.0,0.0,0.0,0.0,2.0,1.0,0.375,0.0,0.0,0.0,0.0,0.0,1.0,1.0,0.0,0.0,1.0
-48,0.0,2.0,0.0,1.0,2.0,0.0,1.0,1.0,0.0,0.0,5.0,0.0,0.0,0.0,2.0,1.0,0.3125,0.0,0.0,0.0,0.0,0.0,1.0,1.0,0.0,0.0,1.0
-47,0.0,2.0,0.0,1.0,2.0,0.0,1.0,1.0,0.0,0.0,5.0,0.0,0.0,0.0,2.0,1.0,0.25,0.0,0.0,0.0,0.0,0.0,1.0,1.0,0.0,0.0,1.0
-46,0.0,2.0,0.0,1.0,2.0,0.0,1.0,1.0,0.0,0.0,5.0,0.0,0.0,0.0,2.0,1.0,0.1875,0.0,0.0,0.0,0.0,0.0,1.0,1.0,0.0,0.0,1.0
-45,0.0,2.0,0.0,1.0,2.0,0.0,1.0,1.0,0.0,0.0,5.0,0.0,0.0,0.0,2.0,1.0,0.125,0.0,0.0,0.0,0.0,0.0,1.0,1.0,0.0,0.0,1.0
-44,0.0,2.0,0.0,1.0,2.0,0.0,1.0,1.0,0.0,0.0,5.0,0.0,0.0,0.0,2.0,1.0,0.0625,0.0,0.0,0.0,0.0,0.0,1.0,1.0,0.0,0.0,1.0
-43,0.0,2.0,0.0,1.0,2.0,0.0,1.0,1.0,0.0,0.0,5.0,0.0,0.0,0.0,2.0,1.0,0.0,0.0,0.0,0.0,0.0,0.0,1.0,1.0,0.0,0.0,1.0
-42,0.0,2.0,0.0,1.0,2.0,0.0,1.0,1.0,0.0,0.0,5.0,0.0,0.0,0.0,2.0,1.0,0.07142857142857142,0.0,0.0,0.0,0.0,0.0,1.0,1.0,0.0,0.0,1.0
-41,0.0,2.0,0.0,1.0,2.0,0.0,1.0,1.0,0.0,0.0,5.0,0.0,0.0,0.0,2.0,1.0,0.14285714285714285,0.0,0.0,0.0,0.0,0.0,1.0,1.0,0.0,0.0,1.0
-40,0.0,2.0,0.0,1.0,2.0,0.0,1.0,1.0,0.0,0.0,5.0,0.0,0.0,0.0,2.0,1.0,0.21428571428571427,0.0,0.0,0.0,0.0,0.0,1.0,1.0,0.0,0.0,1.0
-39,0.0,2.0,0.0,1.0,2.0,0.0,1.0,1.0,0.0,0.0,5.0,0.0,0.0,0.0,2.142857142857143,1.0,0.2857142857142857,0.0,0.0,0.0,0.0,0.0,1.0,1.0,0.0,0.0,1.0
-38,0.0,2.0,0.0,1.0,2.0,0.0,1.0,1.0,0.0,0.0,5.0,0.0,0.0,0.0,2.2857142857142856,1.0,0.3571428571428571,0.0,0.0,0.0,0.0,0.0,1.0,1.0,0.0,0.0,1.0
-37,0.0,2.0,0.0,1.0,2.0,0.0,1.0,1.0,0.0,0.0,5.0,0.0,0.0,0.0,2.4285714285714284,1.0,0.42857142857142855,0.0,0.0,0.0,0.0,0.0,1.0,1.0,0.0,0.0,1.0
-36,0.0,2.0,0.0,1.0,2.0,0.0,1.0,1.0,0.0,0.0,5.0,0.0,0.0,0.0,2.571428571428571,1.0,0.5,0.0,0.0,0.0,0.0,0.0,1.0,1.0,0.0,0.0,1.0
-35,0.0,2.0,0.0,1.0,2.0,0.0,1.0,1.0,0.0,0.0,5.0,0.0,0.0,0.0,2.7142857142857144,1.0,0.5714285714285714,0.0,0.0,0.0,0.0,0.0,1.0,1.0,0.0,0.0,1.0
-34,0.0,2.0,0.0,1.0,2.0,0.0,1.0,1.0,0.0,0.0,5.0,0.0,0.0,0.0,2.857142857142857,1.0,0.6428571428571428,0.0,0.0,0.0,0.0,0.0,1.0,1.0,0.0,0.0,1.0
-33,0.0,2.0,0.0,1.0,2.0,0.0,1.0,1.0,0.0,0.0,5.0,0.0,0.0,0.0,3.0,1.0,0.7142857142857142,0.0,0.0,0.0,0.0,0.0,1.0,1.0,0.0,0.0,1.0
-32,0.0,2.0,0.0,1.0,2.0,0.0,1.0,1.0,0.0,0.0,5.0,0.0,0.0,0.0,2.6666666666666665,1.0,0.7857142857142857,0.0,0.0,0.0,0.0,0.0,1.0,1.0,0.0,0.0,1.0
-31,0.0,2.0,0.0,1.0,2.0,0.0,1.0,1.0,0.0,0.0,5.0,0.0,0.0,0.0,2.3333333333333335,1.0,0.8571428571428571,0.0,0.0,0.0,0.0,0.0,1.0,1.0,0.0,0.0,1.0
-30,0.0,2.0,0.0,1.0,2.0,0.0,1.0,1.0,0.0,0.0,5.0,0.0,0.0,0.0,2.0,1.0,0.9285714285714285,0.0,0.0,0.0,0.0,0.0,1.0,1.0,0.0,0.0,1.0
-29,0.0,2.0,0.0,1.0,2.0,0.0,1.0,1.0,0.0,0.0,5.0,0.0,0.0,0.0,2.0,1.0,1.0,0.0,0.0,0.0,0.0,0.0,1.0,1.0,0.0,0.0,1.0
-28,0.0,2.0,0.0,1.0,2.0,0.0,1.0,1.0,0.0,0.0,5.0,0.0,0.0,0.0,2.0,1.0,1.0,0.0,0.0,0.0,0.0,0.0,1.0,1.0,0.0,0.0,1.0
-27,0.0,2.0,0.0,1.0,2.0,0.0,1.0,1.0,0.0,0.0,5.0,0.07692307692307693,0.0,0.0,2.0,1.0,1.0,0.0,0.0,0.0,0.0,0.0,1.0,1.0,0.0,0.0,1.0
-26,0.0,2.0,0.0,1.0,2.0,0.0,1.0,1.0,0.0,0.0,5.0,0.15384615384615385,0.0,0.0,2.0,1.0,1.0,0.0,0.0,0.0,0.0,0.0,1.0,1.0,0.0,0.0,1.0
-25,0.0,2.0,0.0,1.0,2.0,0.0,1.0,1.0,0.0,0.0,5.0,0.23076923076923078,0.0,0.0,2.0,1.0,1.0,0.0,0.0,0.0,0.0,0.0,1.0,1.0,0.0,0.0,1.0
-24,0.0,2.0,0.0,1.0,2.0,0.0,1.0,1.0,0.0,0.0,5.0,0.3076923076923077,0.0,0.0,2.0,1.0,1.0,0.0,0.0,0.0,0.0,0.0,1.0,1.0,0.0,0.0,1.0
-23,0.0,2.0,0.0,1.0,2.0,0.0,1.0,1.0,0.0,0.0,5.0,0.38461538461538464,0.0,0.0,2.0,1.0,1.0,0.0,0.0,0.0,0.0,0.0,1.0,1.0,0.0,0.0,1.0
-22,0.0,2.0,0.0,1.0,2.0,0.0,1.0,1.0,0.0,0.0,5.0,0.46153846153846156,0.0,0.0,2.090909090909091,1.0,1.0,0.0,0.0,0.0,0.0,0.0,1.0,1.0,0.0,0.0,1.0
-21,0.0,2.0,0.0,1.0,2.0,0.0,1.0,1.0,0.0,0.0,5.0,0.5384615384615385,0.0,0.0,2.1818181818181817,1.0,1.0,0.0,0.0,0.0,0.0,0.14285714285714285,1.0,1.0,0.0,0.0,1.0
-20,0.0,2.0,0.0,1.0,2.0,0.0,1.0,1.0,0.0,0.0,5.0,0.6153846153846154,0.0,0.0,2.2727272727272725,1.0,1.0,0.0,0.0,0.0,0.0,0.2857142857142857,1.0,1.0,0.0,0.0,1.0
-19,0.0,2.0,0.0,1.0,2.0,0.0,1.0,1.0,0.0,0.0,5.0,0.6923076923076923,0.0,0.0,2.3636363636363638,1.0,1.0,0.0,0.0,0.0,0.0,0.42857142857142855,1.0,1.0,0.0,0.0,1.0
-18,0.0,2.0,0.0,1.0,2.0,0.0,1.0,1.0,0.0,0.0,5.0,0.7692307692307693,0.0,0.0,2.4545454545454546,1.0,1.0,0.0,0.0,0.0,0.0,0.5714285714285714,1.0,1.0,0.0,0.0,1.0
-17,0.0,2.0,0.0,1.0,2.0,0.0,1.0,1.0,0.0,0.0,5.0,0.8461538461538463,0.0,0.0,2.5454545454545454,1.0,1.0,0.0,0.0,0.0,0.0,0.7142857142857142,1.0,1.0,0.0,0.0,1.0
-16,0.0,2.0,0.0,1.0,2.0,0.0,1.0,1.0,0.0,0.0,5.0,0.9230769230769231,0.0,0.0,2.6363636363636362,1.0,1.0,0.0,0.0,0.0,0.0,0.8571428571428571,1.0,1.0,0.0,0.0,1.0
-15,0.0,2.0,0.0,1.0,2.0,0.0,1.0,1.0,0.0,0.0,5.0,1.0,0.0,0.0,2.7272727272727275,1.0,1.0,0.0,0.0,0.0,0.0,1.0,1.0,1.0,0.0,0.0,1.0
-14,0.0,2.0,0.0,1.0,2.0,0.0,1.0,1.0,0.0,0.0,5.0,1.0,0.0,0.0,2.8181818181818183,1.0,1.0,0.0,0.0,0.0,0.0,0.9090909090909091,1.0,1.0,0.0,0.0,1.0
-13,0.0,2.0,0.0,1.0,2.0,0.0,1.0,1.0,0.0,0.0,5.0,1.0,0.0,0.0,2.909090909090909,1.0,1.0,0.0,0.0,0.0,0.0,0.8181818181818181,1.0,1.0,0.0,0.0,1.0
-12,0.0,2.0,0.0,1.0,2.0,0.0,1.0,1.0,0.0,0.0,5.0,1.0,0.0,0.0,3.0,1.0,1.0,0.0,0.0,0.0,0.0,0.7272727272727273,1.0,1.0,0.0,0.0,1.0
-11,0.0,2.0,0.0,1.0,2.0,0.0,1.0,1.0,0.0,0.0,5.0,1.0,0.0,0.0,3.0,1.0,1.0,0.0,0.0,0.0,0.0,0.6363636363636364,1.0,1.0,0.0,0.0,1.0
-10,0.0,2.0,0.0,1.0,2.0,0.0,1.0,1.0,0.0,0.0,5.0,1.0,0.0,0.0,3.0,1.0,1.0,0.0,0.0,0.0,0.0,0.5454545454545454,1.0,1.0,0.0,0.0,1.0
-9,0.0,2.0,0.0,1.0,2.0,0.0,1.0,1.0,0.0,0.0,5.0,1.0,0.0,0.0,3.0,1.0,1.0,0.0,0.0,0.0,0.0,0.4545454545454546,1.0,1.0,0.0,0.0,1.0
-8,0.0,2.0,0.0,1.0,2.0,0.0,1.0,1.0,0.0,0.0,5.0,1.0,0.0,0.0,3.0,1.0,1.0,0.0,0.0,0.0,0.0,0.36363636363636365,1.0,1.0,0.0,0.0,1.0
-7,0.0,2.0,0.0,1.0,2.0,0.0,1.0,1.0,0.0,0.0,5.0,1.0,0.0,0.0,3.0,1.0,1.0,0.0,0.0,0.0,0.0,0.2727272727272727,1.0,1.0,0.0,0.0,1.0
-6,0.0,2.0,0.0,1.0,2.0,0.0,1.0,1.0,0.0,0.0,5.0,1.0,0.0,0.0,3.0,1.0,1.0,0.0,0.0,0.0,0.0,0.18181818181818177,1.0,1.0,0.0,0.0,1.0
-5,0.0,2.0,0.0,1.0,2.0,0.0,1.0,1.0,0.0,0.0,5.0,1.0,0.0,0.0,3.0,1.0,1.0,0.0,0.0,0.0,0.0,0.09090909090909083,1.0,1.0,0.0,0.0,1.0
-4,0.0,2.0,0.0,1.0,2.0,0.0,1.0,1.0,0.0,0.0,5.0,1.0,0.0,0.0,3.0,1.0,1.0,0.0,0.0,0.0,0.0,0.0,1.0,1.0,0.0,0.0,1.0
-3,0.0,2.0,0.0,1.0,2.0,0.0,1.0,1.0,0.0,0.0,5.0,1.0,0.0,0.0,3.0,1.0,1.0,0.0,0.0,0.0,0.0,0.0,1.0,1.0,0.0,0.0,1.0
-2,0.0,2.0,0.0,1.0,2.0,0.0,1.0,1.0,0.0,0.0,5.0,1.0,0.0,0.0,3.0,1.0,1.0,0.0,0.0,0.0,0.0,0.0,1.0,1.0,0.0,0.0,1.0
-1,0.0,2.0,0.0,1.0,2.0,0.0,1.0,1.0,0.0,0.0,5.0,1.0,0.0,0.0,3.0,1.0,1.0,0.0,0.0,0.0,0.0,0.0,1.0,1.0,0.0,0.0,1.0
0,0.0,2.0,0.0,1.0,2.0,0.0,1.0,1.0,0.0,0.0,5.0,1.0,0.0,0.0,3.0,1.0,1.0,0.0,0.0,0.0,0.0,0.0,1.0,1.0,0.0,0.0,1.0
1,0.0,2.0,0.0,1.0,2.0,0.0,1.0,1.0,0.0,0.0,5.0,1.0,0.0,0.0,3.0,1.0,1.0,0.0,0.0,0.0,0.0,0.0,0.0,1.0,0.0,0.0,1.0
2,0.0,2.0,0.0,1.0,2.0,0.0,1.0,1.0,0.0,0.0,5.0,1.0,0.0,0.0,3.0,1.0,1.0,0.0,0.0,0.0,0.0,0.0,0.0,1.0,0.0,0.0,1.0
3,0.0,2.0,0.0,1.0,2.0,0.0,1.0,1.0,0.0,0.0,5.0,1.0,0.0,0.0,3.0,1.0,0.875,0.0,0.0,0.0,0.0,0.0,0.0,1.0,0.0,0.0,1.0
4,0.0,2.0,0.0,1.0,2.0,0.0,1.0,1.0,0.0,0.0,5.0,1.0,0.0,0.0,3.0,1.0,0.75,0.0,0.0,0.0,0.0,0.0,0.0,1.0,0.0,0.0,1.0
5,0.0,2.0,0.0,1.0,2.0,0.0,1.0,1.0,0.0,0.0,5.0,1.0,0.0,0.0,3.0,1.0,0.625,0.0,0.0,0.0,0.0,0.0,0.0,1.0,0.0,0.0,1.0
6,0.0,2.0,0.0,1.0,2.0,0.0,1.0,1.0,0.0,0.0,5.0,1.0,0.0,0.0,3.0,1.0,0.5,0.0,0.0,0.0,0.0,0.0,0.0,1.0,0.0,0.0,1.0
7,0.0,2.0,0.0,1.0,2.0,0.0,1.0,1.0,0.0,0.0,5.0,1.0,0.0,0.0,3.0,1.0,0.375,0.0,0.0,0.0,0.0,0.0,0.0,1.0,0.0,0.0,1.0
8,0.0,2.0,0.0,1.0,2.0,0.0,1.0,1.0,0.0,0.0,5.0,1.0,0.0,0.0,3.0,1.0,0.25,0.0,0.0,0.0,0.0,0.0,0.0,1.0,0.0,0.0,1.0
9,0.0,2.0,0.0,1.0,2.0,0.0,1.0,1.0,0.0,0.0,5.0,1.0,0.0,0.0,3.0,1.0,0.125,0.0,0.0,0.0,0.0,0.0,0.0,1.0,0.0,0.0,1.0
10,0.0,2.0,0.0,1.0,2.0,0.0,1.0,1.0,0.0,0.0,5.0,1.0,0.0,0.0,3.0,1.0,0.0,0.0,0.0,0.0,0.0,0.0,0.0,1.0,0.0,0.0,1.0
11,0.0,2.0,0.0,1.0,2.0,0.0,1.0,1.0,0.0,0.0,5.0,1.0,0.0,0.0,3.0,1.0,0.0,0.0,0.0,0.0,0.0,0.0,0.0,1.0,0.0,0.0,1.0
12,0.0,2.0,0.0,1.0,2.0,0.0,1.0,1.0,0.0,0.0,5.0,1.0,0.0,0.14285714285714285,3.0,1.0,0.0,0.0,0.0,0.0,0.0,0.0,0.0,1.0,0.0,0.0,1.0
13,0.0,2.0,0.0,1.0,2.0,0.0,1.0,1.0,0.0,0.0,5.0,1.0,0.0,0.2857142857142857,3.0,1.0,0.0,0.0,0.0,0.0,0.0,0.0,0.0,0.8571428571428572,0.0,0.0,1.0
14,0.0,2.0,0.0,1.0,2.0,0.0,1.0,1.0,0.0,0.0,5.0,1.0,0.0,0.42857142857142855,3.0,1.0,0.0,0.0,0.0,0.0,0.0,0.0,0.0,0.7142857142857143,0.0,0.0,1.0
15,0.0,2.0,0.0,1.0,2.0,0.0,1.0,1.0,0.0,0.0,5.0,1.0,0.0,0.5714285714285714,3.0,1.0,0.0,0.0,0.0,0.0,0.0,0.0,0.0,0.5714285714285714,0.0,0.0,1.0
16,0.0,2.0,0.0,1.0,2.0,0.0,1.0,1.0,0.0,0.0,5.0,1.0,0.0,0.7142857142857142,3.0,1.0,0.0,0.0,0.0,0.0,0.0,0.0,0.0,0.4285714285714286,0.0,0.0,1.0
17,0.0,2.0,0.0,1.0,2.0,0.0,1.0,1.0,0.0,0.0,5.0,1.0,0.0,0.8571428571428571,3.0,1.0,0.0,0.0,0.0,0.0,0.0,0.0,0.0,0.2857142857142858,0.0,0.0,1.0
18,0.0,2.0,0.0,1.0,2.0,0.0,1.0,1.0,0.0,0.0,5.0,1.0,0.0,1.0,3.0,1.0,0.0,0.0,0.0,0.0,0.0,0.0,0.0,0.1428571428571429,0.0,0.0,1.0
19,0.0,2.0,0.0,1.0,2.0,0.0,1.0,1.0,0.0,0.0,5.0,1.0,0.0,1.0,3.0,1.0,0.0,0.0,0.0,0.0,0.0,0.0,0.0,0.0,0.0,0.0,1.0
20,0.0,2.0,0.0,1.0,2.0,0.0,1.0,1.0,0.0,0.0,5.0,1.0,0.0,1.0,3.0,1.0,0.0,0.0,0.0,0.0,0.0,0.0,0.0,0.0,0.0,0.0,1.0
21,0.0,2.0,0.0,1.0,2.0,0.0,1.0,1.0,0.0,0.0,5.0,1.0,0.0,1.0,3.0,1.0,0.0,0.0,0.0,0.0,0.0,0.0,0.0,0.0,0.0,0.0,1.0
22,0.0,2.0,0.0,1.0,2.0,0.0,1.0,1.0,0.0,0.0,5.0,1.0,0.0,1.0,3.0,1.0,0.0,0.0,0.0,0.0,0.0,0.0,0.0,0.0,0.0,0.0,1.0
23,0.0,2.0,0.0,1.0,2.0,0.0,1.0,1.0,0.0,0.0,5.0,1.0,0.0,1.0,3.0,1.0,0.0,0.0,0.0,0.0,0.0,0.0,0.0,0.0,0.0,0.0,1.0
24,0.0,2.0,0.0,1.0,2.0,0.0,1.0,1.0,0.0,0.0,5.0,1.0,0.0,1.0,3.0,1.0,0.0,0.0,0.0,0.0,0.0,0.0,0.0,0.0,0.0,0.0,1.0
25,0.0,2.0,0.0,1.0,2.0,0.0,1.0,1.0,0.0,0.0,5.0,1.0,0.0,1.0,3.0,1.0,0.0,0.0,0.0,0.0,0.0,0.0,0.0,0.0,0.0,0.0,1.0
26,0.0,2.0,0.0,1.0,2.0,0.0,1.0,1.0,0.0,0.0,5.125,1.0,0.0,1.0,3.0,1.0,0.0,0.0,0.0,0.0,0.0,0.0,0.0,0.0,0.0,0.0,1.0
27,0.0,2.0,0.0,1.0,2.0,0.0,1.0,1.0,0.0,0.0,5.25,1.0,0.0,1.0,3.0,1.0,0.0,0.0,0.0,0.0,0.0,0.0,0.0,0.0,0.0,0.0,1.0
28,0.0,2.0,0.0,1.0,2.0,0.0,1.0,1.0,0.0,0.0,5.375,1.0,0.0,1.0,3.0,1.0,0.0,0.0,0.0,0.0,0.0,0.0,0.0,0.0,0.0,0.0,1.0
29,0.0,2.0,0.0,1.0,2.0,0.0,1.0,1.0,0.0,0.0,5.5,1.0,0.0,1.0,3.0,1.0,0.0,0.0,0.0,0.0,0.0,0.0,0.0,0.0,0.0,0.0,1.0
30,0.0,2.0,0.0,1.0,2.0,0.0,1.0,1.0,0.0,0.0,5.625,1.0,0.0,1.0,3.0,1.0,0.0,0.0,0.0,0.0,0.0,0.0,0.0,0.0,0.0,0.0,1.0
31,0.0,2.0,0.0,1.0,2.0,0.0,1.0,1.0,0.0,0.0,5.75,1.0,0.0,1.0,3.0,1.0,0.0,0.0,0.0,0.0,0.0,0.0,0.0,0.0,0.0,0.0,1.0
32,0.0,2.0,0.0,1.0,2.0,0.0,1.0,1.0,0.0,0.0,5.875,1.0,0.0,1.0,3.0,1.0,0.0,0.0,0.0,0.0,0.0,0.0,0.0,0.0,0.0,0.0,1.0
33,0.0,2.0,0.0,1.0,2.0,0.0,1.0,1.0,0.0,0.0,6.0,1.0,0.0,1.0,3.0,1.0,0.0,0.0,0.0,0.0,0.0,0.0,0.0,0.0,0.0,0.0,1.0
34,0.0,2.0,0.0,1.0,2.0,0.0,1.0,1.0,0.0,0.0,6.142857142857143,1.0,0.0,1.0,3.0,1.0,0.0,0.0,0.0,0.0,0.0,0.0,0.0,0.0,0.0,0.0,1.0
35,0.0,2.0,0.0,1.0,2.0,0.0,1.0,1.0,0.0,0.0,6.285714285714286,1.0,0.0,1.0,3.0,1.0,0.0,0.0,0.0,0.0,0.0,0.0,0.0,0.0,0.0,0.0,1.0
36,0.0,2.0,0.0,1.0,2.0,0.0,1.0,1.0,0.0,0.0,6.428571428571429,1.0,0.0,1.0,3.0,1.0,0.0,0.0,0.0,0.0,0.0,0.0,0.0,0.0,0.0,0.0,1.0
37,0.0,2.0,0.0,1.0,2.0,0.0,1.0,1.0,0.0,0.0,6.571428571428571,1.0,0.0,1.0,3.0,1.0,0.0,0.0,0.0,0.0,0.0,0.0,0.0,0.0,0.0,0.0,1.0
38,0.0,2.0,0.0,1.0,2.0,0.0,1.0,1.0,0.0,0.0,6.714285714285714,1.0,0.0,1.0,3.0,1.0,0.0,0.0,0.0,0.0,0.0,0.0,0.0,0.0,0.0,0.0,1.0
39,0.0,2.0,0.0,1.0,2.0,0.0,1.0,1.0,0.0,0.0,6.857142857142857,1.0,0.0,1.0,3.0,1.0,0.0,0.0,0.0,0.0,0.0,0.0,0.0,0.0,0.0,0.0,1.0
40,0.0,2.0,0.0,1.0,2.0,0.0,1.0,1.0,0.0,0.0,7.0,1.0,0.0,1.0,3.0,1.0,0.0,0.0,0.0,0.0,0.0,0.0,0.0,0.0,0.0,0.0,1.0
41,0.0,2.0,0.0,1.0,2.0,0.0,1.0,1.0,0.0,0.0,7.142857142857143,1.0,0.25,1.0,3.0,1.0,0.0,0.0,0.0,0.0,0.0,0.0,0.0,0.0,0.0,0.0,1.0
42,0.0,2.0,0.0,1.0,2.0,0.0,1.0,1.0,0.0,0.0,7.285714285714286,1.0,0.5,1.0,3.0,1.0,0.0,0.0,0.0,0.0,0.0,0.0,0.0,0.0,0.0,0.0,1.0
43,0.0,2.0,0.0,1.0,2.0,0.0,1.0,1.0,0.0,0.0,7.428571428571429,1.0,0.75,1.0,3.0,1.0,0.0,0.0,0.0,0.0,0.0,0.0,0.0,0.0,0.0,0.0,1.0
44,0.0,2.0,0.0,1.0,2.0,0.0,1.0,1.0,0.0,0.0,7.571428571428571,1.0,1.0,1.0,3.0,1.0,0.0,0.0,0.0,0.0,0.0,0.0,0.0,0.0,0.0,0.0,1.0
45,0.0,2.0,0.0,1.0,2.0,0.0,1.0,1.0,0.0,0.0,7.714285714285714,1.0,1.25,1.0,3.0,1.0,0.0,0.0,0.0,0.0,0.0,0.0,0.0,0.0,0.0,0.0,1.0
46,0.0,2.0,0.0,1.0,2.0,0.0,1.0,1.0,0.0,0.0,7.857142857142857,1.0,1.5,1.0,3.0,1.0,0.0,0.0,0.0,0.0,0.0,0.0,0.0,0.0,0.0,0.0,1.0
47,0.0,2.0,0.0,1.0,2.0,0.0,1.0,1.0,0.0,0.0,8.0,1.0,1.75,1.0,3.0,1.0,0.0,0.0,0.0,0.0,0.0,0.0,0.0,0.0,0.0,0.0,1.0
48,0.0,2.0,0.0,1.0,2.0,0.0,1.0,1.0,0.0,0.0,8.0,1.0,2.0,1.0,3.0,1.0,0.0,0.0,0.0,0.0,0.0,0.0,0.0,0.0,0.0,0.0,1.0
49,0.0,2.0,0.0,1.0,2.0,0.0,1.0,1.0,0.0,0.0,8.0,1.0,2.25,1.0,3.0,1.0,0.0,0.0,0.0,0.0,0.0,0.0,0.0,0.0,0.0,0.0,1.0
50,0.0,2.0,0.0,1.0,2.0,0.0,1.0,1.0,0.0,0.0,8.0,1.0,2.5,1.0,3.0,1.0,0.0,0.0,0.0,0.0,0.0,0.0,0.0,0.0,0.0,0.0,1.0
51,0.0,2.0,0.0,1.0,2.0,0.0,1.0,1.0,0.0,0.0,8.0,1.0,2.75,1.0,3.0,1.0,0.0,0.0,0.0,0.0,0.0,0.0,0.0,0.0,0.0,0.0,1.0
52,0.0,2.0,0.0,1.0,2.0,0.0,1.0,1.0,0.0,0.0,8.0,1.0,3.0,1.0,3.0,1.0,0.0,0.0,0.0,0.0,0.0,0.0,0.0,0.0,0.0,0.0,1.0
53,0.0,2.0,0.0,1.0,2.0,0.0,1.0,1.0,0.0,0.0,8.0,1.0,3.25,1.0,3.0,1.0,0.0,0.0,0.0,0.0,0.0,0.0,0.0,0.0,0.0,0.0,1.0
54,0.0,2.0,0.0,1.0,2.0,0.0,1.0,1.0,0.0,0.0,8.0,1.0,3.5,1.0,3.0,1.0,0.0,0.0,0.0,0.0,0.0,0.0,0.0,0.0,0.0,0.0,1.0
55,0.0,2.0,0.0,1.0,2.0,0.0,1.0,1.0,0.0,0.0,8.0,1.0,3.75,1.0,3.0,1.0,0.0,0.0,0.0,0.0,0.0,0.0,0.0,0.0,0.0,0.0,1.0
56,0.0,2.0,0.0,1.0,2.0,0.0,1.0,1.0,0.0,0.0,8.0,1.0,4.0,1.0,3.0,1.0,0.0,0.0,0.0,0.0,0.0,0.0,0.0,0.0,0.0,0.0,1.0
57,0.0,2.0,0.0,1.0,2.0,0.0,1.0,1.0,0.0,0.0,8.0,1.0,3.428571428571429,1.0,3.0,1.0,0.0,0.0,0.0,0.0,0.0,0.0,0.0,0.0,0.0,0.0,1.0
58,0.0,2.0,0.0,1.0,2.0,0.0,1.0,1.0,0.0,0.0,8.0,1.0,2.857142857142857,1.0,3.0,1.0,0.0,0.0,0.0,0.0,0.0,0.0,0.0,0.0,0.0,0.0,1.0
59,0.0,2.0,0.0,1.0,2.0,0.0,1.0,1.0,0.0,0.0,8.0,1.0,2.2857142857142856,1.0,3.0,1.0,0.0,0.0,0.0,0.0,0.0,0.0,0.0,0.0,0.0,0.0,1.0
60,0.0,2.0,0.0,1.0,2.0,0.0,1.0,1.0,0.0,0.0,8.0,1.0,1.7142857142857144,1.0,3.0,1.0,0.0,0.0,0.0,0.0,0.0,0.0,0.0,0.0,0.0,0.0,1.0
61,0.0,2.0,0.0,1.0,2.0,0.0,1.0,1.0,0.0,0.0,8.0,1.0,1.1428571428571432,1.0,3.0,1.0,0.0,0.0,0.0,0.0,0.0,0.0,0.0,0.0,0.0,0.0,1.0
62,0.0,2.0,0.0,1.0,2.0,0.0,1.0,1.0,0.0,0.0,8.0,1.0,0.5714285714285716,1.0,3.0,1.0,0.0,0.0,0.0,0.0,0.0,0.0,0.0,0.0,0.0,0.0,1.0
63,0.0,2.0,0.0,1.0,2.0,0.0,1.0,1.0,0.0,0.0,8.0,1.0,0.0,1.0,3.0,1.0,0.0,0.0,0.0,0.0,0.0,0.0,0.0,0.0,0.0,0.0,1.0
64,0.0,2.0,0.0,1.0,2.0,0.0,1.0,1.0,0.0,0.0,8.0,1.0,0.0,1.0,3.0,1.0,0.0,0.0,0.0,0.0,0.0,0.0,0.0,0.0,0.0,0.0,1.0
65,0.0,2.0,0.0,1.0,2.0,0.0,1.0,1.0,0.0,0.0,8.0,1.0,0.0,1.0,3.0,1.0,0.0,0.0,0.0,0.0,0.0,0.0,0.0,0.0,0.0,0.0,1.0
66,0.0,2.0,0.0,1.0,2.0,0.0,1.0,1.0,0.0,0.0,8.0,1.0,0.0,1.0,3.0,1.0,0.0,0.0,0.0,0.0,0.0,0.0,0.0,0.0,0.0,0.0,1.0
67,0.0,2.0,0.0,1.0,2.0,0.0,1.0,1.0,0.0,0.0,8.0,1.0,0.0,1.0,3.0,1.0,0.0,0.0,0.0,0.0,0.0,0.0,0.0,0.0,0.0,0.0,1.0
68,0.0,2.0,0.0,1.0,2.0,0.0,1.0,1.0,0.0,0.0,8.0,1.0,0.0,1.0,3.0,1.0,0.0,0.0,0.0,0.0,0.0,0.0,0.0,0.0,0.0,0.0,1.0
69,0.0,2.0,0.0,1.0,2.0,0.0,1.0,1.0,0.0,0.0,8.0,1.0,0.0,1.0,3.0,1.0,0.0,0.0,0.0,0.0,0.0,0.0,0.0,0.0,0.0,0.0,1.0
70,0.0,2.0,0.0,1.0,2.0,0.0,1.0,1.0,0.0,0.0,8.0,1.0,0.0,1.0,3.0,1.0,0.0,0.0,0.0,0.0,0.0,0.0,0.0,0.0,0.0,0.0,1.0
71,0.0,2.0,0.0,1.0,2.0,0.0,1.0,1.0,0.0,0.0,8.0,1.0,0.0,1.0,3.0,1.0,0.0,0.0,0.0,0.0,0.0,0.0,0.0,0.0,0.0,0.0,1.0
72,0.0,2.0,0.0,1.0,2.0,0.0,1.0,1.0,0.0,0.0,8.0,1.0,0.0,1.0,3.0,1.0,0.0,0.0,0.0,0.0,0.0,0.0,0.0,0.0,0.0,0.0,1.0
73,0.0,2.0,0.0,1.0,2.0,0.0,1.0,1.0,0.0,0.0,8.0,1.0,0.0,1.0,3.0,1.0,0.0,0.0,0.0,0.0,0.0,0.0,0.0,0.0,0.0,0.0,1.0
74,0.0,2.0,0.0,1.0,2.0,0.0,1.0,1.0,0.0,0.0,8.0,1.0,0.0,1.0,3.0,1.0,0.0,0.0,0.0,0.0,0.0,0.0,0.0,0.0,0.0,0.0,1.0
75,0.0,2.0,0.0,1.0,2.0,0.0,1.0,1.0,0.0,0.0,8.0,1.0,0.0,1.0,3.0,1.0,0.0,0.0,0.0,0.0,0.0,0.0,0.0,0.0,0.0,0.0,1.0
76,0.0,2.0,0.0,1.0,2.0,0.0,1.0,1.0,0.0,0.0,8.0,1.0,0.0,1.0,3.0,1.0,0.0,0.0,0.0,0.0,0.0,0.0,0.0,0.0,0.0,0.0,1.0
77,0.0,2.0,0.0,1.0,2.0,0.0,1.0,1.0,0.0,0.0,8.0,1.0,0.0,1.0,3.0,1.0,0.0,0.0,0.0,0.0,0.0,0.0,0.0,0.0,0.0,0.0,1.0
78,0.0,2.0,0.0,1.0,2.0,0.0,1.0,1.0,0.0,0.0,8.0,1.0,0.0,1.0,3.0,1.0,0.0,0.0,0.0,0.0,0.0,0.0,0.0,0.0,0.0,0.0,1.0
79,0.0,2.0,0.0,1.0,2.0,0.0,1.0,1.0,0.0,0.0,8.0,1.0,0.0,1.0,3.0,1.0,0.0,0.0,0.0,0.0,0.0,0.0,0.0,0.0,0.0,0.0,1.0
80,0.0,2.0,0.0,1.0,2.0,0.0,1.0,1.0,0.0,0.0,8.0,1.0,0.0,1.0,3.0,1.0,0.0,0.0,0.0,0.0,0.0,0.0,0.0,0.0,0.0,0.0,1.0
81,0.0,2.0,0.0,1.0,2.0,0.0,1.0,1.0,0.0,0.0,8.0,1.0,0.0,1.0,3.0,1.0,0.0,0.0,0.0,0.0,0.0,0.0,0.0,0.0,0.0,0.0,1.0
82,0.0,2.0,0.0,1.0,2.0,0.0,1.0,1.0,0.0,0.0,8.0,1.0,0.0,1.0,3.0,1.0,0.0,0.0,0.0,0.0,0.0,0.0,0.0,0.0,0.0,0.0,1.0
83,0.0,2.0,0.0,1.0,2.0,0.0,1.0,1.0,0.0,0.0,8.0,1.0,0.0,1.0,3.0,1.0,0.0,0.0,0.0,0.0,0.0,0.0,0.0,0.0,0.0,0.0,1.0
84,0.0,2.0,0.0,1.0,2.0,0.0,1.0,1.0,0.0,0.0,8.0,1.0,0.0,1.0,3.0,1.0,0.0,0.0,0.0,0.0,0.0,0.0,0.0,0.0,0.0,0.0,1.0
85,0.0,2.0,0.0,1.0,2.0,0.0,1.0,1.0,0.0,0.0,8.0,1.0,0.0,1.0,3.0,1.0,0.0,0.0,0.0,0.0,0.0,0.0,0.0,0.0,0.0,0.0,1.0
86,0.0,2.0,0.0,1.0,2.0,0.0,1.0,1.0,0.0,0.0,8.0,1.0,0.0,1.0,3.0,1.0,0.0,0.0,0.0,0.0,0.0,0.0,0.0,0.0,0.0,0.0,1.0
87,0.0,2.0,0.0,1.0,2.0,0.0,1.0,1.0,0.0,0.0,8.0,1.0,0.0,1.0,3.0,1.0,0.0,0.0,0.0,0.0,0.0,0.0,0.0,0.0,0.0,0.0,1.0
88,0.0,2.0,0.0,1.0,2.0,0.0,1.0,1.0,0.0,0.0,8.0,1.0,0.0,1.0,3.0,1.0,0.0,0.0,0.0,0.0,0.0,0.0,0.0,0.0,0.0,0.0,1.0
89,0.0,2.0,0.0,1.0,2.0,0.0,1.0,1.0,0.0,0.0,8.0,1.0,0.0,1.0,3.0,1.0,0.0,0.0,0.0,0.0,0.0,0.0,0.0,0.0,0.0,0.0,1.0
90,0.0,2.0,0.0,1.0,2.0,0.0,1.0,1.0,0.0,0.0,8.0,1.0,0.0,1.0,3.0,1.0,0.0,0.0,0.0,0.0,0.0,0.0,0.0,0.0,0.0,0.0,1.0
91,0.0,2.0,0.0,1.0,2.0,0.0,1.0,1.0,0.0,0.0,8.0,1.0,0.0,1.0,3.0,1.0,0.0,0.0,0.0,0.0,0.0,0.0,0.0,0.0,0.0,0.0,1.0
92,0.0,2.0,0.0,1.0,2.0,0.0,1.0,1.0,0.0,0.0,8.0,1.0,0.0,1.0,3.0,1.0,0.0,0.0,0.0,0.0,0.0,0.0,0.0,0.0,0.0,0.0,1.0
93,0.0,2.0,0.0,1.0,2.0,0.0,1.0,1.0,0.0,0.0,8.0,1.0,0.0,1.0,3.0,1.0,0.0,0.0,0.0,0.0,0.0,0.0,0.0,0.0,0.0,0.0,1.0
94,0.0,2.0,0.0,1.0,2.0,0.0,1.0,1.0,0.0,0.0,8.0,1.0,0.0,1.0,3.0,0.8333333333333334,0.0,0.0,0.0,0.0,0.0,0.0,0.0,0.0,0.0,0.0,1.0
95,0.0,2.0,0.0,1.0,2.0,0.0,1.0,1.0,0.0,0.0,8.0,1.0,0.0,1.0,3.0,0.6666666666666667,0.0,0.0,0.0,0.0,0.0,0.0,0.0,0.0,0.0,0.0,1.0
96,0.0,2.0,0.0,1.0,2.0,0.0,1.0,1.0,0.0,0.0,8.0,1.0,0.0,1.0,3.0,0.5,0.0,0.0,0.0,0.0,0.0,0.0,0.0,0.0,0.0,0.0,1.0
97,0.0,2.0,0.0,1.0,2.0,0.0,1.0,1.0,0.0,0.0,8.0,1.0,0.0,1.0,3.0,0.33333333333333337,0.0,0.0,0.0,0.0,0.0,0.0,0.0,0.0,0.0,0.0,1.0
98,0.0,2.0,0.0,1.0,2.0,0.0,1.0,1.0,0.0,0.0,8.0,1.0,0.0,1.0,3.0,0.16666666666666674,0.0,0.0,0.0,0.0,0.0,0.0,0.0,0.0,0.0,0.0,1.0
99,0.0,2.0,0.0,1.0,2.0,0.0,1.0,1.0,0.0,0.0,8.0,1.0,0.0,1.0,3.0,0.0,0.0,0.0,0.0,0.0,0.0,0.0,0.0,0.0,0.0,0.0,1.0
100,0.0,2.0,0.0,1.0,2.0,0.0,1.0,1.0,0.0,0.0,8.0,1.0,0.0,1.0,3.0,0.0,0.0,0.0,0.0,0.0,0.0,0.0,0.0,0.0,0.0,0.0,1.0
101,0.0,2.0,0.0,1.0,2.0,0.0,1.0,1.0,0.0,0.0,8.0,1.0,0.0,1.0,3.0,0.0,0.0,0.0,0.0,0.0,0.0,0.0,0.0,0.0,0.0,0.0,1.0
102,0.0,2.0,0.0,1.0,2.0,0.0,1.0,1.0,0.0,0.0,8.0,1.0,0.0,1.0,3.0,0.0,0.0,0.0,0.0,0.0,0.0,0.0,0.0,0.0,0.0,0.0,1.0
103,0.0,2.0,0.0,1.0,2.0,0.0,1.0,1.0,0.0,0.0,8.0,1.0,0.0,1.0,3.0,0.0,0.0,0.0,0.0,0.0,0.0,0.0,0.0,0.0,0.0,0.0,1.0
104,0.0,2.0,0.0,1.0,2.0,0.0,1.0,1.0,0.0,0.0,8.0,1.0,0.0,1.0,3.0,0.0,0.0,0.0,0.0,0.0,0.0,0.0,0.0,0.0,0.0,0.0,1.0
105,0.0,2.0,0.0,1.0,2.0,0.0,1.0,1.0,0.0,0.0,8.0,1.0,0.0,1.0,3.0,0.0,0.0,0.0,0.0,0.0,0.0,0.0,0.0,0.0,0.0,0.0,1.0
106,0.0,2.0,0.0,1.0,2.0,0.0,1.0,1.0,0.0,0.0,8.0,1.0,0.0,1.0,3.0,0.0,0.0,0.0,0.0,0.0,0.0,0.0,0.0,0.0,0.0,0.0,1.0
107,0.0,2.0,0.0,1.0,2.0,0.0,1.0,1.0,0.0,0.0,8.0,1.0,0.0,1.0,3.0,0.0,0.0,0.0,0.0,0.0,0.0,0.0,0.0,0.0,0.0,0.0,1.0
108,0.0,2.0,0.0,1.0,2.0,0.0,1.0,1.0,0.0,0.0,8.0,1.0,0.0,1.0,3.0,0.0,0.0,0.0,0.0,0.0,0.0,0.0,0.0,0.0,0.0,0.0,1.0
109,0.0,2.0,0.0,1.0,2.0,0.0,1.0,1.0,0.0,0.0,8.0,1.0,0.0,1.0,3.0,0.0,0.0,0.0,0.0,0.0,0.0,0.0,0.0,0.0,0.0,0.0,1.0
110,0.0,2.0,0.0,1.0,2.0,0.0,1.0,1.0,0.0,0.0,8.0,1.0,0.0,1.0,3.0,0.0,0.0,0.0,0.0,0.0,0.0,0.0,0.0,0.0,0.0,0.0,1.0
111,0.0,2.0,0.0,1.0,2.0,0.0,1.0,1.0,0.0,0.0,8.0,1.0,0.0,1.0,3.0,0.0,0.0,0.06896551724137931,0.0,0.0,0.0,0.0,0.0,0.0,0.0,0.0,1.0
112,0.0,2.0,0.0,1.0,2.0,0.0,1.0,1.0,0.0,0.0,8.0,1.0,0.0,1.0,3.0,0.0,0.0,0.13793103448275862,0.0,0.0,0.0,0.0,0.0,0.0,0.0,0.0,1.0
113,0.0,2.0,0.0,1.0,2.0,0.0,1.0,1.0,0.0,0.0,8.0,1.0,0.0,1.0,3.0,0.0,0.0,0.20689655172413793,0.0,0.0,0.0,0.0,0.0,0.0,0.0,0.0,1.0
114,0.0,2.0,0.0,1.0,2.0,0.0,1.0,1.0,0.0,0.0,8.0,1.0,0.0,1.0,3.0,0.0,0.0,0.27586206896551724,0.0,0.0,0.0,0.0,0.0,0.0,0.0,0.0,1.0
115,0.0,2.0,0.0,1.0,2.0,0.0,1.0,1.0,0.0,0.0,8.0,1.0,0.0,1.0,3.0,0.0,0.0,0.3448275862068966,0.0,0.0,0.0,0.0,0.0,0.0,0.0,0.0,1.0
116,0.0,2.0,0.0,1.0,2.0,0.0,1.0,1.4285714285714286,0.0,0.0,8.0,1.0,0.0,1.0,3.0,0.0,0.0,0.41379310344827586,0.0,0.0,0.0,0.0,0.0,0.0,0.0,0.0,1.0
117,0.0,2.0,0.0,1.0,2.0,0.0,1.0,1.8571428571428572,0.0,0.0,8.0,1.0,0.0,1.0,3.0,0.0,0.0,0.48275862068965514,0.0,0.0,0.0,0.0,0.0,0.0,0.0,0.0,1.0
118,0.0,2.0,0.0,1.0,2.0,0.0,1.0,2.2857142857142856,0.0,0.0,8.0,1.0,0.0,1.0,3.0,0.0,0.0,0.5517241379310345,0.0,0.0,0.0,0.0,0.0,0.0,0.0,0.0,1.0
119,0.0,2.0,0.0,1.0,2.0,0.0,1.0,2.7142857142857144,0.0,0.0,8.0,1.0,0.0,1.0,3.0,0.0,0.0,0.6206896551724138,0.0,0.0,0.0,0.0,0.0,0.0,0.0,0.0,1.0
120,0.0,2.0,0.0,1.0,2.0,0.0,1.0,3.142857142857143,0.0,0.0,8.0,1.0,0.0,1.0,3.0,0.0,0.0,0.6896551724137931,0.0,0.0,0.0,0.0,0.0,0.0,0.0,0.0,1.0
121,0.0,2.0,0.0,1.0,2.0,0.0,1.0,3.571428571428571,0.0,0.0,8.0,1.0,0.0,1.0,3.0,0.0,0.0,0.7586206896551724,0.0,0.0,0.0,0.0,0.0,0.0,0.0,0.0,1.0
122,0.0,2.0,0.0,1.0,2.0,0.0,1.0,4.0,0.0,0.0,8.0,1.0,0.0,1.0,3.0,0.0,0.0,0.8275862068965517,0.0,0.0,0.0,0.0,0.0,0.0,0.0,0.0,1.0
123,0.0,2.0,0.0,1.0,2.0,0.0,1.0,4.0,0.0,0.0,8.0,1.0,0.0,1.0,3.0,0.0,0.0,0.896551724137931,0.0,0.0,0.0,0.0,0.0,0.0,0.0,0.0,1.0
124,0.0,2.0,0.0,1.0,2.0,0.0,1.0,4.0,0.0,0.0,8.0,1.0,0.0,1.0,3.0,0.0,0.0,0.9655172413793103,0.0,0.0,0.0,0.0,0.0,0.0,0.0,0.0,1.0
125,0.0,2.0,0.0,1.0,2.0,0.0,1.0,4.0,0.0,0.0,8.0,1.0,0.0,1.0,3.0,0.0,0.0,1.0344827586206897,0.0,0.0,0.0,0.0,0.0,0.0,0.0,0.0,1.0
126,0.0,2.0,0.0,1.0,2.0,0.14285714285714285,1.0,4.0,0.0,0.0,8.0,1.0,0.0,1.0,3.0,0.0,0.0,1.103448275862069,0.0,0.0,0.0,0.0,0.0,0.0,0.0,0.0,1.0
127,0.0,2.0,0.0,1.0,2.0,0.2857142857142857,1.0,4.0,0.0,0.0,8.0,1.0,0.0,1.0,3.0,0.0,0.0,1.1724137931034482,0.0,0.0,0.0,0.0,0.0,0.0,0.0,0.0,1.0
128,0.0,2.0,0.0,1.0,2.0,0.42857142857142855,1.0,4.0,0.0,0.0,8.0,1.0,0.0,1.0,3.0,0.0,0.0,1.2413793103448276,0.0,0.0,0.0,0.0,0.0,0.0,0.0,0.0,1.0
129,0.0,2.0,0.0,1.0,2.0,0.5714285714285714,1.0,4.0,0.0,0.0,8.0,1.0,0.0,1.0,3.0,0.0,0.0,1.3103448275862069,0.0,0.0,0.0,0.0,0.0,0.0,0.0,0.0,1.0
130,0.0,2.0,0.0,1.0,2.0,0.7142857142857142,1.0,4.0,0.0,0.0,8.0,1.0,0.0,1.0,3.0,0.0,0.0,1.3793103448275863,0.0,0.0,0.0,0.0,0.0,0.0,0.0,0.0,1.0
131,0.0,2.0,0.0,1.0,2.0,0.8571428571428571,1.0,4.0,0.0,0.0,8.0,1.0,0.0,1.0,3.0,0.0,0.0,1.4482758620689655,0.0,0.0,0.0,0.0,0.0,0.0,0.0,0.0,1.0
132,0.0,2.0,0.0,1.0,2.0,1.0,1.0,4.0,0.0,0.0,8.0,1.0,0.0,1.0,3.0,0.0,0.0,1.5172413793103448,0.0,0.0,0.0,0.0,0.0,0.0,0.0,0.0,1.0
133,0.0,2.0,0.0,1.0,2.0,1.0,1.0,4.0,0.0,0.0,8.0,1.0,0.0,1.0,3.0,0.0,0.0,1.5862068965517242,0.0,0.0,0.0,0.0,0.0,0.0,0.0,0.0,1.0
134,0.0,2.0,0.0,1.0,2.0,1.0,1.0,4.0,0.0,0.0,8.0,1.0,0.0,1.0,3.0,0.0,0.0,1.6551724137931034,0.0,0.0,0.0,0.0,0.0,0.0,0.0,0.0,1.0
135,0.0,2.0,0.0,1.0,2.0,1.0,1.0,4.0,0.0,0.0,8.0,1.0,0.0,1.0,3.0,0.0,0.0,1.7241379310344827,0.0,0.0,0.0,0.0,0.0,0.0,0.0,0.0,1.0
136,0.0,2.0,0.0,1.0,2.0,1.0,1.0,4.0,0.0,0.0,8.0,1.0,0.0,1.0,3.0,0.0,0.0,1.793103448275862,0.0,0.0,0.0,0.0,0.0,0.0,0.0,0.0,1.0
137,0.0,2.0,0.0,1.0,2.0,1.0,1.0,4.0,0.0,0.0,8.0,1.0,0.0,1.0,3.0,0.0,0.0,1.8620689655172413,0.0,0.0,0.0,0.0,0.0,0.0,0.0,0.0,1.0
138,0.0,2.0,0.0,1.0,2.0,1.0,1.0,4.0,0.0,0.0,8.0,1.0,0.0,1.0,3.0,0.0,0.0,1.9310344827586206,0.0,0.0,0.0,0.0,0.0,0.0,0.0,0.0,1.0
139,0.0,2.0,0.0,1.0,2.0,1.0,1.0,4.0,0.0,0.0,8.0,1.0,0.0,1.0,3.0,0.0,0.0,2.0,0.0,0.0,0.0,0.0,0.0,0.0,0.14285714285714285,0.0,1.0
140,0.0,2.0,0.0,1.0,2.0,1.0,1.0,4.0,0.0,0.0,8.0,1.0,0.0,1.0,3.0,0.0,0.0,2.0,0.0,0.0,0.0,0.0,0.0,0.0,0.2857142857142857,0.0,1.0
141,0.0,2.0,0.0,1.0,2.0,1.0,1.0,4.0,0.0,0.0,8.0,1.0,0.0,1.0,3.0,0.0,0.0,2.0,0.0,0.0,0.0,0.0,0.0,0.0,0.42857142857142855,0.0,1.0
142,0.0,2.0,0.0,1.0,2.0,1.0,1.0,4.0,0.0,0.0,8.0,1.0,0.0,1.0,3.0,0.0,0.0,2.0,0.0,0.0,0.0,0.0,0.0,0.0,0.5714285714285714,0.0,1.0
143,0.0,2.0,0.0,1.0,2.0,1.0,1.0,4.0,0.0,0.0,8.0,1.0,0.0,1.0,3.0,0.0,0.0,2.0,0.0,0.0,0.0,0.0,0.0,0.0,0.7142857142857142,0.0,1.0
144,0.0,2.0,0.0,1.0,2.0,1.0,1.0,4.0,0.0,0.0,8.0,1.0,0.0,1.0,3.0,0.0,0.0,2.0,0.0,0.0,0.0,0.0,0.0,0.0,0.8571428571428571,0.0,1.0
145,0.0,2.0,0.0,1.0,2.0,1.0,1.0,4.0,0.0,0.0,8.0,1.0,0.0,1.0,3.0,0.0,0.0,2.0,0.0,0.0,0.0,0.0,0.0,0.0,1.0,0.0,1.0
146,0.0,2.0,0.0,1.0,2.0,1.0,1.0,4.0,0.0,0.0,8.0,1.0,0.0,1.0,3.0,0.0,0.0,2.0,0.0,0.0,0.0,0.0,0.0,0.0,1.0,0.0,1.0
147,0.0,2.0,0.0,1.0,2.0,1.0,1.0,4.0,0.0,0.0,8.0,1.0,0.0,1.0,3.0,0.0,0.0,2.0,0.0,0.0,0.0,0.0,0.0,0.0,1.0,0.0,1.0
148,0.0,2.0,0.0,1.0,2.0,1.0,1.0,4.0,0.0,0.0,8.0,1.0,0.0,1.0,3.0,0.0,0.0,2.0,0.0,0.0,0.0,0.0,0.0,0.0,1.0,0.0,1.0
149,0.0,2.0,0.0,1.0,2.0,1.0,1.0,4.0,0.0,0.0,8.0,1.0,0.0,1.0,3.0,0.0,0.0,2.0,0.0,0.0,0.0,0.0,0.0,0.0,1.0,0.0,1.0
150,0.0,2.0,0.0,1.0,2.0,1.0,1.0,4.0,0.0,0.0,8.0,1.0,0.0,1.0,3.0,0.0,0.0,2.0,0.0,0.0,0.0,0.0,0.0,0.0,1.0,0.0,1.0
151,0.0,2.0,0.0,1.0,2.0,1.0,1.0,4.0,0.0,0.0,8.0,1.0,0.0,1.0,3.0,0.0,0.0,2.0,0.0,0.0,0.0,0.0,0.0,0.0,1.0,0.0,1.0
152,0.0,2.0,0.0,1.0,2.0,1.0,1.0,4.0,0.0,0.0,8.0,1.0,0.0,1.0,3.0,0.0,0.0,2.0,0.0,0.0,0.0,0.0,0.0,0.0,1.0,0.0,1.0
153,0.0,2.0,0.0,1.0,2.0,1.0,1.0,4.0,0.0,0.0,8.0,1.0,0.0,1.0,3.0,0.0,0.0,2.0,0.0,0.0,0.0,0.0,0.0,0.0,1.0,0.0,1.0
154,0.0,2.0,0.0,1.0,2.0,1.0,1.0,4.0,0.0,0.0,8.0,1.0,0.0,1.0,3.0,0.0,0.0,2.0,0.0,0.0,0.0,0.0,0.0,0.0,1.0,0.0,1.0
155,0.0,2.0,0.0,1.0,2.0,1.0,1.0,4.0,0.0,0.0,8.0,1.0,0.0,1.0,3.0,0.0,0.0,2.0,0.0,0.0,0.0,0.0,0.0,0.0,1.0,0.0,1.0
156,0.0,2.0,0.0,1.0,2.0,1.0,1.0,4.0,0.0,0.0,8.0,1.0,0.0,1.0,3.0,0.0,0.0,2.0,0.0,0.0,0.0,0.0,0.0,0.0,1.0,0.0,1.0
157,0.0,2.0,0.0,1.0,2.0,1.0,1.0,4.0,0.0,0.0,8.0,1.0,0.0,1.0,3.0,0.0,0.0,2.0,0.0,0.0,0.0,0.0,0.0,0.0,1.0,0.0,1.0
158,0.0,2.0,0.0,1.0,2.0,1.0,1.0,4.0,0.0,0.0,8.0,1.0,0.0,1.0,3.0,0.0,0.0,2.0,0.0,0.0,0.0,0.0,0.0,0.0,1.0,0.0,1.0
159,0.0,2.0,0.0,1.0,2.0,1.0,1.0,4.0,0.0,0.0,8.0,1.0,0.0,1.0,3.0,0.0,0.0,2.0,0.0,0.0,0.0,0.0,0.0,0.0,1.0,0.0,1.0
160,0.0,2.0,0.0,1.0,2.0,1.0,1.0,4.0,0.0,0.0,8.0,1.0,0.0,1.0,3.0,0.0,0.0,2.0,0.0,0.0,0.0,0.0,0.0,0.0,1.0,0.0,1.0
161,0.0,2.0,0.0,1.0,2.0,1.0,1.0,4.0,0.0,0.0,8.0,1.0,0.0,1.0,3.0,0.0,0.0,2.0,0.0,0.0,0.0,0.0,0.0,0.0,1.0,0.0,1.0
162,0.0,2.0,0.0,1.0,2.0,1.0,1.0,4.0,0.0,0.0,8.0,1.0,0.0,1.0,3.0,0.0,0.0,2.0,0.0,0.0,0.0,0.0,0.0,0.0,1.0,0.0,1.0
163,0.0,2.0,0.0,1.0,2.0,1.0,1.0,4.0,0.0,0.0,8.0,1.0,0.0,1.0,3.0,0.0,0.0,2.0,0.0,0.0,0.0,0.0,0.0,0.0,1.0,0.0,1.0
164,0.0,2.0,0.0,1.0,2.0,1.0,1.0,4.0,0.0,0.0,8.0,1.0,0.0,1.0,3.0,0.0,0.0,2.0,0.0,0.0,0.0,0.0,0.0,0.0,1.0,0.0,1.0
165,0.0,2.0,0.0,1.0,2.0,1.0,1.0,4.0,0.0,0.0,8.0,1.0,0.0,1.0,3.0,0.0,0.0,2.0,0.0,0.0,0.0,0.0,0.0,0.0,1.0,0.0,1.0
166,0.0,2.0,0.0,1.0,2.0,1.0,1.0,4.0,0.0,0.0,8.0,1.0,0.0,1.0,3.0,0.0,0.0,2.0,0.0,0.0,0.0,0.0,0.0,0.0,1.0,0.0,1.0
167,0.0,2.0,0.0,1.0,2.0,1.0,1.0,4.0,0.0,0.0,8.0,1.0,0.0,1.0,3.0,0.0,0.0,2.0,0.0,0.0,0.0,0.0,0.0,0.0,1.0,0.0,1.0
168,0.0,2.0,0.0,1.0,2.0,1.0,1.0,4.0,0.0,0.0,8.0,1.0,0.0,1.0,3.0,0.0,0.0,2.0,0.0,0.0,0.0,0.0,0.0,0.0,1.0,0.0,1.0
169,0.0,2.0,0.0,1.0,2.0,1.0,1.0,4.0,0.0,0.0,8.0,1.0,0.0,1.0,3.0,0.0,0.0,2.0,0.0,0.0,0.0,0.0,0.0,0.0,1.0,0.0,1.0
170,0.0,2.0,0.0,1.0,2.0,1.0,1.0,4.0,0.0,0.0,8.0,1.0,0.0,1.0,3.0,0.0,0.0,2.0,0.0,0.0,0.0,0.0,0.0,0.0,1.0,0.0,1.0
171,0.0,2.0,0.0,1.0,2.0,1.0,1.0,4.0,0.0,0.0,8.0,1.0,0.0,1.0,3.0,0.0,0.0,2.0,0.0,0.0,0.0,0.0,0.0,0.0,1.0,0.0,1.0
172,0.0,2.0,0.0,1.0,2.0,1.0,1.0,4.0,0.0,0.0,8.0,1.0,0.0,1.0,3.0,0.0,0.0,2.0,0.0,0.0,0.0,0.0,0.0,0.0,1.0,0.0,1.0
173,0.0,2.0,0.0,1.0,2.0,1.0,1.0,4.0,0.0,0.0,8.0,1.0,0.0,1.0,3.0,0.0,0.0,2.0,0.0,0.0,0.0,0.0,0.0,0.0,1.0,0.0,1.0
174,0.0,2.0,0.0,1.0,2.0,1.0,1.0,4.0,0.0,0.0,8.0,1.0,0.0,1.0,3.0,0.0,0.0,2.0,0.0,0.0,0.0,0.0,0.0,0.0,1.0,0.0,1.0
175,0.0,2.0,0.0,1.0,2.0,1.0,1.0,4.0,0.0,0.0,8.0,1.0,0.0,1.0,3.0,0.0,0.0,2.0,0.0,0.0,0.0,0.0,0.0,0.0,1.0,0.0,1.0
176,0.0,2.0,0.0,1.0,2.0,1.0,1.0,4.0,0.0,0.0,8.0,1.0,0.0,1.0,3.0,0.0,0.0,2.0,0.0,0.0,0.0,0.0,0.0,0.0,1.0,0.0,1.0
177,0.0,2.0,0.0,1.0,2.0,1.0,1.0,4.0,0.0,0.0,8.0,1.0,0.0,1.0,3.0,0.0,0.0,2.0,0.0,0.0,0.0,0.0,0.0,0.0,1.0,0.0,1.0
178,0.0,2.0,0.0,1.0,2.0,1.0,1.0,4.0,0.0,0.0,8.0,1.0,0.0,1.0,3.0,0.0,0.0,2.0,0.0,0.0,0.0,0.0,0.0,0.0,1.0,0.0,1.0
179,0.0,2.0,0.0,1.0,2.0,1.0,1.0,4.0,0.0,0.0,8.0,1.0,0.0,1.0,3.0,0.0,0.0,2.0,0.0,0.0,0.0,0.0,0.0,0.0,1.0,0.0,1.0
180,0.0,2.0,0.0,1.0,2.0,1.0,1.0,4.0,0.0,0.0,8.0,1.0,0.0,1.0,3.0,0.0,0.0,2.0,0.0,0.0,0.0,0.0,0.0,0.0,1.0,0.0,1.0
181,0.0,2.0,0.0,1.0,2.0,1.0,1.0,4.0,0.0,0.0,8.0,1.0,0.0,1.0,3.0,0.0,0.0,2.0,0.0,0.0,0.0,0.0,0.0,0.0,1.0,0.0,1.0
182,0.0,2.0,0.0,1.0,2.0,1.0,1.0,4.0,0.0,0.0,8.0,1.0,0.0,1.0,3.0,0.0,0.0,2.0,0.0,0.0,0.0,0.0,0.0,0.0,1.0,0.0,1.0
183,0.0,2.0,0.0,1.0,2.0,1.0,1.0,4.0,0.0,0.0,8.0,1.0,0.0,1.0,3.0,0.0,0.0,2.0,0.0,0.0,0.0,0.0,0.0,0.0,1.0,0.0,1.0
184,0.0,2.0,0.0,1.0,2.0,1.0,1.0,4.0,0.0,0.0,8.0,1.0,0.0,1.0,3.0,0.0,0.0,2.0,0.0,0.0,0.0,0.0,0.0,0.0,1.0,0.0,1.0
185,0.0,2.0,0.0,1.0,2.0,1.0,1.0,4.0,0.0,0.0,8.0,1.0,0.0,1.0,3.0,0.0,0.0,2.0,0.0,0.0,0.0,0.0,0.0,0.0,1.0,0.0,1.0
186,0.0,2.0,0.0,1.0,2.0,1.0,1.0,4.0,0.0,0.0,8.0,1.0,0.0,1.0,3.0,0.0,0.0,2.0,0.0,0.0,0.0,0.0,0.0,0.0,1.0,0.0,1.0
187,0.0,2.0,0.0,1.0,2.0,1.0,1.0,4.0,0.0,0.0,8.0,1.0,0.0,1.0,3.0,0.0,0.0,2.0,0.0,0.125,0.0,0.0,0.0,0.0,1.0,0.0,1.0
188,0.0,2.0,0.0,1.0,2.0,1.0,1.0,4.0,0.0,0.0,8.0,1.0,0.0,1.0,3.0,0.0,0.0,2.0,0.0,0.25,0.0,0.0,0.0,0.0,1.0,0.0,1.0
189,0.0,2.0,0.0,1.0,2.0,1.0,1.0,4.0,0.0,0.0,8.0,1.0,0.0,1.0,3.0,0.0,0.0,2.0,0.0,0.375,0.0,0.0,0.0,0.0,1.0,0.0,1.0
190,0.0,2.0,0.0,1.0,2.0,1.0,1.0,4.0,0.0,0.0,8.0,1.0,0.0,1.0,3.0,0.0,0.0,2.0,0.0,0.5,0.0,0.0,0.0,0.0,1.0,0.0,1.0
191,0.0,2.0,0.0,1.0,2.0,1.0,1.0,4.0,0.0,0.0,8.0,1.0,0.0,1.0,3.0,0.0,0.0,2.0,0.0,0.625,0.0,0.0,0.0,0.0,1.0,0.0,1.0
192,0.0,2.0,0.0,1.0,2.0,1.0,1.0,4.0,0.0,0.0,8.0,1.0,0.0,1.0,3.0,0.0,0.0,2.0,0.0,0.75,0.0,0.0,0.0,0.0,1.0,0.0,1.0
193,0.0,2.0,0.0,1.0,2.0,1.0,1.0,4.0,0.0,0.0,8.0,1.0,0.0,1.0,3.0,0.0,0.0,2.0,0.0,0.875,0.0,0.0,0.0,0.0,1.0,0.0,1.0
194,0.0,2.0,0.0,1.0,2.0,1.0,1.0,4.0,0.0,0.0,8.0,1.0,0.0,1.0,3.0,0.0,0.0,2.0,0.0,1.0,0.0,0.0,0.0,0.0,1.0,0.0,1.0
195,0.0,2.0,0.0,1.0,2.0,1.0,1.0,4.0,0.0,0.0,8.0,1.0,0.0,1.0,3.0,0.0,0.0,2.0,0.0,1.0,0.0,0.0,0.0,0.0,1.0,0.0,1.0
196,0.0,2.0,0.0,1.0,2.0,1.0,1.0,4.0,0.0,0.0,8.0,1.0,0.0,1.0,3.0,0.0,0.0,2.0,0.0,1.0,0.0,0.0,0.0,0.0,1.0,0.0,1.0
197,0.0,2.0,0.0,1.0,2.0,1.0,1.0,4.0,0.0,0.0,8.0,1.0,0.0,1.0,3.0,0.0,0.0,2.0,0.0,1.0,0.0,0.0,0.0,0.0,1.0,0.0,1.0
198,0.0,2.0,0.0,1.0,2.0,1.0,1.0,4.0,0.0,0.0,8.0,1.0,0.0,1.0,3.0,0.0,0.0,2.0,0.0,1.0,0.0,0.0,0.0,0.0,1.0,0.0,1.0
199,0.0,2.0,0.0,1.0,2.0,1.0,1.0,4.0,0.0,0.0,8.0,1.0,0.0,1.0,3.0,0.0,0.0,2.0,0.0,1.0,0.0,0.0,0.0,0.0,1.0,0.0,1.0
200,0.0,2.0,0.0,1.0,2.0,1.0,1.0,4.0,0.0,0.0,8.0,1.0,0.0,1.0,3.0,0.0,0.0,2.0,0.0,1.0,0.0,0.0,0.0,0.0,1.0,0.0,1.0
