index,4357484,8629417,53664497,67508428,140675080,162200234,170803235,172262533,181508472,183676279,185242642,227808069,237216173,241069061,272603869,280920248,346734534,350351009
-500,0.0,0.0,0.0,0.0,0.0,1.0,0.0,0.0,0.0,0.0,9.0,0.0,0.0,0.0,0.0,0.22357723577235775,0.0,0.0
-499,0.0,0.0,0.0,0.0,0.0,1.0,0.0,0.0,0.0,0.0,9.0,0.0,0.0,0.0,0.0,0.22764227642276424,0.0,0.0
-498,0.0,0.0,0.0,0.0,0.0,1.0,0.0,0.0,0.0,0.0,9.0,0.0,0.0,0.0,0.0,0.23170731707317074,0.0,0.0
-497,0.0,0.0,0.0,0.0,0.0,1.0,0.0,0.0,0.0,0.0,9.0,0.0,0.0,0.0,0.0,0.23577235772357727,0.0,0.0
-496,0.0,0.0,0.0,0.0,0.0,1.0,0.0,0.0,0.0,0.0,9.0,0.0,0.0,0.0,0.0,0.23983739837398377,0.0,0.0
-495,0.0,0.0,0.0,0.0,0.0,1.0,0.0,0.0,0.0,0.0,9.0,0.0,0.0,0.0,0.0,0.24390243902439027,0.0,0.0
-494,0.0,0.0,0.0,0.0,0.0,1.0,0.0,0.0,0.0,0.0,9.0,0.0,0.0,0.0,0.0,0.24796747967479676,0.0,0.0
-493,0.0,0.0,0.0,0.0,0.0,1.0,0.0,0.0,0.0,0.0,9.0,0.0,0.0,0.0,0.0,0.2520325203252033,0.0,0.0
-492,0.0,0.0,0.0,0.0,0.0,1.0,0.0,0.0,0.0,0.0,9.0,0.0,0.0,0.0,0.0,0.25609756097560976,0.0,0.0
-491,0.0,0.0,0.0,0.0,0.0,1.0,0.0,0.0,0.0,0.0,9.0,0.0,0.0,0.0,0.0,0.2601626016260163,0.0,0.0
-490,0.0,0.0,0.0,0.0,0.0,1.0,0.0,0.0,0.0,0.0,9.0,0.0,0.0,0.0,0.0,0.2642276422764228,0.0,0.0
-489,0.0,0.0,0.0,0.0,0.0,1.0,0.0,0.0,0.0,0.0,9.0,0.0,0.0,0.0,0.0,0.2682926829268293,0.0,0.0
-488,0.0,0.0,0.0,0.0,0.0,1.0,0.0,0.0,0.0,0.0,9.0,0.0,0.0,0.0,0.0,0.2723577235772358,0.0,0.0
-487,0.0,0.0,0.0,0.0,0.0,1.0,0.0,0.0,0.0,0.0,9.0,0.0,0.0,0.0,0.0,0.2764227642276423,0.0,0.0
-486,0.0,0.0,0.0,0.0,0.0,1.0,0.0,0.0,0.0,0.0,9.0,0.0,0.0,0.0,0.0,0.2804878048780488,0.0,0.0
-485,0.0,0.0,0.0,0.0,0.0,1.0,0.0,0.0,0.0,0.0,9.0,0.0,0.0,0.0,0.0,0.28455284552845533,0.0,0.0
-484,0.0,0.0,0.0,0.0,0.0,1.0,0.0,0.0,0.0,0.0,9.0,0.0,0.0,0.0,0.0,0.2886178861788618,0.0,0.0
-483,0.0,0.0,0.0,0.0,0.0,1.0,0.0,0.0,0.0,0.0,9.0,0.0,0.0,0.0,0.0,0.29268292682926833,0.0,0.0
-482,0.0,0.0,0.0,0.0,0.0,1.0,0.0,0.0,0.0,0.0,9.0,0.0,0.0,0.0,0.0,0.2967479674796748,0.0,0.0
-481,0.0,0.0,0.0,0.0,0.0,1.0,0.0,0.0,0.0,0.0,9.0,0.0,0.0,0.0,0.0,0.3008130081300813,0.0,0.0
-480,0.0,0.0,0.0,0.0,0.0,1.0,0.0,0.0,0.0,0.0,9.0,0.0,0.0,0.0,0.0,0.30487804878048785,0.0,0.0
-479,0.0,0.0,0.0,0.0,0.0,1.0,0.0,0.0,0.0,0.0,9.0,0.0,0.0,0.0,0.0,0.3089430894308943,0.0,0.0
-478,0.0,0.0,0.0,0.0,0.0,1.0,0.0,0.0,0.0,0.0,9.0,0.0,0.0,0.0,0.0,0.31300813008130085,0.0,0.0
-477,0.0,0.0,0.0,0.0,0.0,1.0,0.0,0.0,0.0,0.0,9.0,0.0,0.0,0.0,0.0,0.3170731707317074,0.0,0.0
-476,0.0,0.0,0.0,0.0,0.0,1.0,0.0,0.0,0.0,0.0,9.0,0.0,0.0,0.0,0.0,0.32113821138211385,0.0,0.0
-475,0.0,0.0,0.0,0.0,0.0,1.0,0.0,0.0,0.0,0.0,9.0,0.0,0.0,0.0,0.0,0.3252032520325204,0.0,0.0
-474,0.0,0.0,0.0,0.0,0.0,1.0,0.0,0.0,0.0,0.0,9.0,0.0,0.0,0.0,0.0,0.32926829268292684,0.0,0.0
-473,0.0,0.0,0.0,0.0,0.0,1.0,0.0,0.0,0.0,0.0,9.0,0.0,0.0,0.0,0.0,0.33333333333333337,0.0,0.0
-472,0.0,0.0,0.0,0.0,0.0,1.0,0.0,0.0,0.0,0.0,9.0,0.0,0.0,0.0,0.0,0.3373983739837399,0.0,0.0
-471,0.0,0.0,0.0,0.0,0.0,1.0,0.0,0.0,0.0,0.0,9.0,0.0,0.0,0.0,0.0,0.34146341463414637,0.0,0.0
-470,0.0,0.0,0.0,0.0,0.0,1.0,0.0,0.0,0.0,0.0,9.0,0.0,0.0,0.0,0.0,0.3455284552845529,0.0,0.0
-469,0.0,0.0,0.0,0.0,0.0,1.0,0.0,0.0,0.0,0.0,9.0,0.0,0.0,0.0,0.0,0.34959349593495936,0.0,0.0
-468,0.0,0.0,0.0,0.0,0.0,1.0,0.0,0.0,0.0,0.0,9.0,0.0,0.0,0.0,0.0,0.3536585365853659,0.0,0.0
-467,0.0,0.0,0.0,0.0,0.0,1.0,0.0,0.0,0.0,0.0,9.0,0.0,0.0,0.0,0.0,0.3577235772357724,0.0,0.0
-466,0.0,0.0,0.0,0.0,0.0,1.0,0.0,0.0,0.0,0.0,9.0,0.0,0.0,0.0,0.0,0.3617886178861789,0.0,0.0
-465,0.0,0.0,0.0,0.0,0.0,1.0,0.0,0.0,0.0,0.0,9.0,0.0,0.0,0.0,0.0,0.3658536585365854,0.0,0.0
-464,0.0,0.0,0.0,0.0,0.0,1.0,0.0,0.0,0.0,0.0,9.0,0.0,0.0,0.0,0.0,0.3699186991869919,0.0,0.0
-463,0.0,0.0,0.0,0.0,0.0,1.0,0.0,0.0,0.0,0.0,9.0,0.0,0.0,0.0,0.0,0.3739837398373984,0.0,0.0
-462,0.0,0.0,0.0,0.0,0.0,1.0,0.0,0.0,0.0,0.0,9.0,0.0,0.0,0.0,0.0,0.37804878048780494,0.0,0.0
-461,0.0,0.0,0.0,0.0,0.0,1.0,0.0,0.0,0.0,0.0,9.0,0.0,0.0,0.0,0.0,0.3821138211382114,0.0,0.0
-460,0.0,0.0,0.0,0.0,0.0,1.0,0.0,0.0,0.0,0.0,9.0,0.0,0.0,0.0,0.0,0.38617886178861793,0.0,0.0
-459,0.0,0.0,0.0,0.0,0.0,1.0,0.0,0.0,0.0,0.0,9.0,0.0,0.0,0.0,0.0,0.3902439024390244,0.0,0.0
-458,0.0,0.0,0.0,0.0,0.0,1.0,0.0,0.0,0.0,0.0,9.0,0.0,0.0,0.0,0.0,0.39430894308943093,0.0,0.0
-457,0.0,0.0,0.0,0.0,0.0,1.0,0.0,0.0,0.0,0.0,9.0,0.0,0.0,0.0,0.0,0.39837398373983746,0.0,0.0
-456,0.0,0.0,0.0,0.0,0.0,1.0,0.0,0.0,0.0,0.0,9.0,0.0,0.0,0.0,0.0,0.4024390243902439,0.0,0.0
-455,0.0,0.0,0.0,0.0,0.0,1.0,0.0,0.0,0.0,0.0,9.0,0.0,0.0,0.0,0.0,0.40650406504065045,0.0,0.0
-454,0.0,0.0,0.0,0.0,0.0,1.0,0.0,0.0,0.0,0.0,9.0,0.0,0.0,0.0,0.0,0.410569105691057,0.0,0.0
-453,0.0,0.0,0.0,0.0,0.0,1.0,0.0,0.0,0.0,0.0,9.0,0.0,0.0,0.0,0.0,0.41463414634146345,0.0,0.0
-452,0.0,0.0,0.0,0.0,0.0,1.0,0.0,0.0,0.0,0.0,9.0,0.0,0.0,0.0,0.0,0.41869918699187,0.0,0.0
-451,0.0,0.0,0.0,0.0,0.0,1.0,0.0,0.0,0.0,0.0,9.11111111111111,0.0,0.0,0.0,0.0,0.42276422764227645,0.0,0.0
-450,0.0,0.0,0.0,0.0,0.0,1.0,0.0,0.0,0.0,0.0,9.222222222222221,0.0,0.0,0.0,0.0,0.426829268292683,0.0,0.0
-449,0.0,0.0,0.0,0.0,0.0,1.0,0.0,0.0,0.0,0.0,9.333333333333334,0.0,0.0,0.0,0.0,0.4308943089430895,0.0,0.0
-448,0.0,0.0,0.0,0.0,0.0,1.0,0.0,0.0,0.0,0.0,9.444444444444445,0.0,0.0,0.0,0.0,0.43495934959349597,0.0,0.0
-447,0.0,0.0,0.0,0.0,0.0,1.0,0.0,0.0,0.028846153846153848,0.0,9.555555555555555,0.0,0.0,0.0,0.0,0.4390243902439025,0.0,0.0
-446,0.0,0.0,0.0,0.0,0.0,1.0,0.0,0.0,0.057692307692307696,0.0,9.666666666666666,0.0,0.0,0.0,0.0,0.44308943089430897,0.0,0.0
-445,0.0,0.0,0.0,0.0,0.0,1.0,0.0,0.0,0.08653846153846154,0.0,9.777777777777779,0.0,0.0,0.0,0.0,0.4471544715447155,0.0,0.0
-444,0.0,0.0,0.0,0.0,0.0,1.0,0.0,0.0,0.11538461538461539,0.0,9.88888888888889,0.0,0.0,0.0,0.0,0.451219512195122,0.0,0.0
-443,0.0,0.0,0.0,0.0,0.0,1.0,0.0,0.0,0.14423076923076925,0.0,10.0,0.0,0.0,0.0,0.0,0.4552845528455285,0.0,0.0
-442,0.0,0.0,0.0,0.0,0.0,1.0,0.0,0.0,0.17307692307692307,0.0,10.142857142857142,0.0,0.0,0.0,0.0,0.459349593495935,0.0,0.0
-441,0.0,0.0,0.0,0.0,0.0,1.0,0.0,0.0,0.20192307692307693,0.0,10.285714285714286,0.0,0.0,0.0,0.0,0.4634146341463415,0.0,0.0
-440,0.0,0.0,0.0,0.0,0.0,1.0,0.0,0.0,0.23076923076923078,0.0,10.428571428571429,0.0,0.0,0.0,0.0,0.467479674796748,0.0,0.0
-439,0.0,0.0,0.0,0.0,0.0,1.0,0.0,0.0,0.25961538461538464,0.0,10.571428571428571,0.0,0.0,0.0,0.0,0.47154471544715454,0.0,0.0
-438,0.0,0.0,0.0,0.0,0.0,1.0,0.0,0.0,0.2884615384615385,0.0,10.714285714285714,0.0,0.0,0.0,0.0,0.475609756097561,0.0,0.0
-437,0.0,0.0,0.0,0.0,0.0,1.0,0.0,0.0,0.31730769230769235,0.0,10.857142857142858,0.0,0.0,0.0,0.0,0.47967479674796754,0.0,0.0
-436,0.0,0.0,0.0,0.0,0.0,1.0,0.0,0.0,0.34615384615384615,0.0,11.0,0.0,0.0,0.0,0.0,0.48373983739837406,0.0,0.0
-435,0.0,0.0,0.0,0.0,0.0,1.0,0.0,0.0,0.375,0.0,11.142857142857142,0.0,0.0,0.0,0.0,0.48780487804878053,0.0,0.0
-434,0.0,0.0,0.0,0.0,0.0,1.0,0.0,0.0,0.40384615384615385,0.0,11.285714285714285,0.0,0.0,0.0,0.0,0.49186991869918706,0.0,0.0
-433,0.0,0.0,0.0,0.0,0.0,1.0,0.0,0.0,0.4326923076923077,0.0,11.428571428571429,0.0,0.0,0.0,0.0,0.49593495934959353,0.0,0.0
-432,0.0,0.0,0.0,0.0,0.0,1.0,0.0,0.0,0.46153846153846156,0.0,11.571428571428571,0.0,0.0,0.0,0.0,0.5,0.0,0.0
-431,0.0,0.0,0.0,0.0,0.0,1.0,0.0,0.0,0.4903846153846154,0.0,11.714285714285714,0.0,0.0,0.0,0.0,0.5040650406504066,0.0,0.0
-430,0.0,0.0,0.0,0.0,0.0,1.0,0.0,0.0,0.5192307692307693,0.0,11.857142857142858,0.0,0.0,0.0,0.0,0.508130081300813,0.0,0.0
-429,0.0,0.0,0.0,0.0,0.0,1.0,0.0,0.0,0.5480769230769231,0.0,12.0,0.0,0.0,0.0,0.0,0.5121951219512195,0.0,0.0
-428,0.0,0.0,0.0,0.0,0.0,1.0,0.0,0.0,0.576923076923077,0.0,12.0,0.0,0.0,0.0,0.0,0.5162601626016261,0.0,0.0
-427,0.0,0.0,0.0,0.0,0.0,1.0,0.0,0.0,0.6057692307692308,0.0,12.0,0.0,0.0,0.0,0.0,0.5203252032520326,0.0,0.0
-426,0.0,0.0,0.0,0.0,0.0,1.0,0.0,0.0,0.6346153846153847,0.0,12.0,0.0,0.0,0.0,0.0,0.524390243902439,0.0,0.0
-425,0.0,0.0,0.0,0.0,0.0,1.0,0.0,0.0,0.6634615384615385,0.0,12.0,0.0,0.0,0.0,0.0,0.5284552845528456,0.0,0.0
-424,0.0,0.0,0.0,0.0,0.0,1.0,0.0,0.0,0.6923076923076923,0.0,12.0,0.0,0.0,0.0,0.0,0.5325203252032521,0.0,0.0
-423,0.0,0.0,0.0,0.0,0.0,1.0,0.0,0.0,0.7211538461538461,0.0,12.0,0.0,0.0,0.0,0.0,0.5365853658536586,0.0,0.0
-422,0.0,0.0,0.0,0.0,0.0,1.0,0.0,0.0,0.75,0.0,12.0,0.0,0.0,0.0,0.0,0.5406504065040652,0.0,0.0
-421,0.0,0.0,0.0,0.0,0.0,1.0,0.0,0.0,0.7788461538461539,0.0,12.0,0.0,0.0,0.0,0.0,0.5447154471544716,0.0,0.0
-420,0.0,0.0,0.0,0.0,0.0,1.0,0.0,0.0,0.8076923076923077,0.0,12.0,0.0,0.0,0.0,0.0,0.5487804878048781,0.0,0.0
-419,0.0,0.0,0.0,0.0,0.0,1.0,0.0,0.0,0.8365384615384616,0.0,12.0,0.0,0.0,0.0,0.0,0.5528455284552846,0.0,0.0
-418,0.0,0.0,0.0,0.0,0.0,1.0,0.0,0.0,0.8653846153846154,0.0,12.0,0.0,0.0,0.0,0.0,0.5569105691056911,0.0,0.0
-417,0.0,0.0,0.0,0.0,0.0,1.0,0.0,0.0,0.8942307692307693,0.0,12.0,0.0,0.0,0.0,0.0,0.5609756097560976,0.0,0.0
-416,0.0,0.0,0.0,0.0,0.0,1.0,0.0,0.0,0.9230769230769231,0.0,12.0,0.0,0.0,0.0,0.0,0.5650406504065041,0.0,0.0
-415,0.0,0.0,0.0,0.0,0.0,1.0,0.0,0.0,0.951923076923077,0.0,12.0,0.0,0.0,0.0,0.0,0.5691056910569107,0.0,0.0
-414,0.0,0.0,0.0,0.0,0.0,1.0,0.0,0.0,0.9807692307692308,0.0,12.0,0.0,0.0,0.0,0.0,0.5731707317073171,0.0,0.0
-413,0.0,0.0,0.0,0.0,0.0,1.0,0.0,0.0,1.0096153846153846,0.0,12.0,0.0,0.0,0.0,0.0,0.5772357723577236,0.0,0.0
-412,0.0,0.0,0.0,0.0,0.0,1.0,0.0,0.0,1.0384615384615385,0.0,12.0,0.0,0.0,0.0,0.0,0.5813008130081302,0.0,0.0
-411,0.0,0.0,0.0,0.0,0.0,1.0,0.0,0.0,1.0673076923076923,0.0,12.0,0.0,0.0,0.0,0.0,0.5853658536585367,0.0,0.0
-410,0.0,0.0,0.0,0.0,0.0,1.0,0.0,0.0,1.0961538461538463,0.0,12.0,0.0,0.0,0.0,0.0,0.5894308943089431,0.0,0.0
-409,0.0,0.0,0.0,0.0,0.0,1.0,0.0,0.0,1.125,0.0,12.0,0.0,0.0,0.0,0.0,0.5934959349593496,0.0,0.0
-408,0.0,0.0,0.0,0.0,0.0,1.0,0.0,0.0,1.153846153846154,0.0,12.090909090909092,0.0,0.0,0.0,0.0,0.5975609756097562,0.0,0.0
-407,0.0,0.0,0.0,0.0,0.0,1.0,0.0,0.0,1.1826923076923077,0.0,12.181818181818182,0.0,0.0,0.0,0.0,0.6016260162601627,0.0,0.0
-406,0.0,0.0,0.0,0.0,0.0,1.0,0.0,0.0,1.2115384615384617,0.0,12.272727272727273,0.0,0.0,0.0,0.0,0.6056910569105691,0.0,0.0
-405,0.0,0.0,0.0,0.0,0.0,1.0,0.0,0.0,1.2403846153846154,0.0,12.363636363636363,0.0,0.0,0.0,0.0,0.6097560975609757,0.0,0.0
-404,0.0,0.0,0.0,0.0,0.0,1.0,0.0,0.0,1.2692307692307694,0.0,12.454545454545455,0.0,0.0,0.0,0.0,0.6138211382113822,0.0,0.0
-403,0.0,0.0,0.0,0.0,0.0,1.0,0.0,0.0,1.2980769230769231,0.0,12.545454545454545,0.0,0.0,0.0,0.0,0.6178861788617886,0.0,0.0
-402,0.0,0.0,0.0,0.0,0.0,1.0,0.0,0.0,1.326923076923077,0.0,12.636363636363637,0.0,0.0,0.0,0.0,0.6219512195121952,0.0,0.0
-401,0.0,0.0,0.0,0.0,0.0,1.0,0.0,0.0,1.3557692307692308,0.0,12.727272727272727,0.0,0.0,0.0,0.0,0.6260162601626017,0.0,0.0
-400,0.0,0.0,0.0,0.0,0.0,1.0,0.0,0.0,1.3846153846153846,0.0,12.818181818181818,0.0,0.0,0.0,0.0,0.6300813008130082,0.0,0.0
-399,0.0,0.0,0.0,0.0,0.0,1.0,0.0,0.0,1.4134615384615385,0.0,12.90909090909091,0.0,0.0,0.0,0.0,0.6341463414634148,0.0,0.0
-398,0.0,0.0,0.0,0.0,0.0,1.0,0.0,0.0,1.4423076923076923,0.0,13.0,0.0,0.0,0.0,0.0,0.6382113821138212,0.0,0.0
-397,0.0,0.0,0.0,0.0,0.0,1.0,0.0,0.0,1.4711538461538463,0.0,13.0,0.0,0.0,0.0,0.0,0.6422764227642277,0.0,0.0
-396,0.0,0.0,0.0,0.0,0.0,1.0,0.0,0.0,1.5,0.0,13.0,0.0,0.0,0.0,0.0,0.6463414634146342,0.0,0.0
-395,0.0,0.0,0.0,0.0,0.0,1.0,0.0,0.0,1.528846153846154,0.0,13.0,0.0,0.0,0.0,0.0,0.6504065040650407,0.0,0.0
-394,0.0,0.0,0.0,0.0,0.0,1.0,0.0,0.0,1.5576923076923077,0.0,13.0,0.0,0.0,0.0,0.0,0.6544715447154472,0.0,0.0
-393,0.0,0.0,0.0,0.0,0.0,1.0,0.0,0.0,1.5865384615384617,0.0,13.0,0.0,0.0,0.0,0.0,0.6585365853658537,0.0,0.0
-392,0.0,0.0,0.0,0.0,0.0,1.0,0.0,0.0,1.6153846153846154,0.0,13.0,0.0,0.0,0.0,0.0,0.6626016260162603,0.0,0.0
-391,0.0,0.0,0.0,0.0,0.0,1.0,0.0,0.0,1.6442307692307694,0.0,13.0,0.0,0.0,0.0,0.0,0.6666666666666667,0.0,0.0
-390,0.0,0.0,0.0,0.0,0.0,1.0,0.0,0.0,1.6730769230769231,0.0,13.0,0.0,0.0,0.0,0.0,0.6707317073170732,0.0,0.0
-389,0.0,0.0,0.0,0.0,0.0,1.0,0.0,0.0,1.701923076923077,0.0,13.0,0.0,0.0,0.0,0.0,0.6747967479674798,0.0,0.0
-388,0.0,0.0,0.0,0.0,0.0,1.0,0.0,0.0,1.7307692307692308,0.0,13.0,0.0,0.0,0.0,0.0,0.6788617886178863,0.0,0.0
-387,0.0,0.0,0.0,0.0,0.0,1.0,0.0,0.0,1.7596153846153848,0.0,13.0,0.0,0.0,0.0,0.0,0.6829268292682927,0.0,0.0
-386,0.0,0.0,0.0,0.0,0.0,1.0,0.0,0.0,1.7884615384615385,0.0,13.0,0.0,0.0,0.0,0.0,0.6869918699186992,0.0,0.0
-385,0.0,0.0,0.0,0.0,0.0,1.0,0.0,0.0,1.8173076923076925,0.0,13.0,0.0,0.0,0.0,0.0,0.6910569105691058,0.0,0.0
-384,0.0,0.0,0.0,0.0,0.0,1.0,0.0,0.0,1.8461538461538463,0.0,13.0,0.0,0.0,0.0,0.0,0.6951219512195123,0.0,0.0
-383,0.0,0.0,0.0,0.0,0.0,1.0,0.0,0.0,1.875,0.0,13.0,0.0,0.0,0.0,0.0,0.6991869918699187,0.0,0.0
-382,0.0,0.0,0.0,0.0,0.0,1.0,0.0,0.0,1.903846153846154,0.0,13.0,0.0,0.0,0.0,0.0,0.7032520325203253,0.0,0.0
-381,0.0,0.0,0.0,0.0,0.0,1.0,0.0,0.0,1.9326923076923077,0.0,13.0,0.0,0.0,0.0,0.0,0.7073170731707318,0.0,0.0
-380,0.0,0.0,0.0,0.0,0.0,1.0,0.0,0.0,1.9615384615384617,0.0,13.0,0.0,0.0,0.0,0.0,0.7113821138211383,0.0,0.0
-379,0.0,0.0,0.0,0.0,0.0,1.0,0.0,0.0,1.9903846153846154,0.0,13.0,0.0,0.0,0.0,0.0,0.7154471544715448,0.0,0.0
-378,0.0,0.0,0.0,0.0,0.0,1.0,0.0,0.0,2.019230769230769,0.0,13.0,0.0,0.0,0.0,0.0,0.7195121951219513,0.0,0.0
-377,0.0,0.0,0.0,0.0,0.0,1.0,0.0,0.0,2.0480769230769234,0.0,13.0,0.0,0.0,0.0,0.0,0.7235772357723578,0.0,0.0
-376,0.0,0.0,0.0,0.0,0.0,1.0,0.0,0.0,2.076923076923077,0.0,13.0,0.0,0.0,0.0,0.0,0.7276422764227644,0.0,0.0
-375,0.0,0.0,0.0,0.0,0.0,1.0,0.0,0.0,2.105769230769231,0.0,13.0,0.0,0.0,0.0,0.0,0.7317073170731708,0.0,0.0
-374,0.0,0.0,0.0,0.0,0.0,1.0,0.0,0.0,2.1346153846153846,0.0,13.0,0.0,0.0,0.0,0.0,0.7357723577235773,0.0,0.0
-373,0.0,0.0,0.0,0.0,0.0,1.0,0.0,0.0,2.1634615384615388,0.0,13.0,0.0,0.0,0.0,0.0,0.7398373983739838,0.0,0.0
-372,0.0,0.0,0.0,0.0,0.0,1.0,0.0,0.0,2.1923076923076925,0.0,13.0,0.0,0.0,0.0,0.0,0.7439024390243903,0.0,0.0
-371,0.0,0.0,0.0,0.0,0.0,1.0,0.0,0.0,2.2211538461538463,0.0,13.0,0.0,0.0,0.0,0.0,0.7479674796747968,0.0,0.0
-370,0.0,0.0,0.0,0.0,0.0,1.0,0.0,0.0,2.25,0.0,13.0,0.0,0.0,0.0,0.0,0.7520325203252033,0.0,0.0
-369,0.0,0.0,0.0,0.0,0.0,1.0,0.0,0.0,2.278846153846154,0.0,13.0,0.0,0.0,0.16666666666666666,0.0,0.7560975609756099,0.0,0.0
-368,0.0,0.0,0.0,0.0,0.0,1.0,0.0,0.0,2.307692307692308,0.0,13.0,0.0,0.0,0.3333333333333333,0.0,0.7601626016260163,0.0,0.0
-367,0.0,0.0,0.0,0.0,0.0,1.0,0.0,0.0,2.3365384615384617,0.0,13.0,0.0,0.0,0.5,0.0,0.7642276422764228,0.0,0.0
-366,0.0,0.0,0.0,0.0,0.0,1.0,0.0,0.0,2.3653846153846154,0.0,13.0,0.0,0.125,0.6666666666666666,0.0,0.7682926829268294,0.0,0.0
-365,0.0,0.0,0.0,0.0,0.0,1.0,0.0,0.0,2.394230769230769,0.0,13.0,0.0,0.25,0.8333333333333333,0.14285714285714285,0.7723577235772359,0.0,0.0
-364,0.0,0.0,0.0,0.0,0.0,1.0,0.0,0.0,2.4230769230769234,0.0,13.0,0.0,0.375,1.0,0.2857142857142857,0.7764227642276423,0.0,0.0
-363,0.0,0.0,0.0,0.0,0.0,1.0,0.0,0.0,2.451923076923077,0.0,13.0,0.0,0.5,0.9375,0.42857142857142855,0.7804878048780488,0.0,0.0
-362,0.0,0.0,0.0,0.0,0.0,1.0,0.0,0.0,2.480769230769231,0.0,13.0,0.0,0.625,0.875,0.5714285714285714,0.7845528455284554,0.0,0.0
-361,0.0,0.0,0.0,0.0,0.0,1.0,0.0,0.0,2.5096153846153846,0.0,13.0,0.0,0.75,0.8125,0.7142857142857142,0.7886178861788619,0.0,0.0
-360,0.0,0.0,0.0,0.0,0.0,1.0,0.0,0.0,2.5384615384615388,0.0,13.0,0.0,0.875,0.75,0.8571428571428571,0.7926829268292683,0.0,0.0
-359,0.0,0.0,0.0,0.0,0.0,1.0,0.0,0.0,2.5673076923076925,0.0,13.0,0.0,1.0,0.6875,1.0,0.7967479674796749,0.0,0.0
-358,0.0,0.0,0.0,0.0,0.3333333333333333,1.0,0.0,0.0,2.5961538461538463,0.0,13.0,0.0,1.0,0.625,1.0,0.8008130081300814,0.0,0.0
-357,0.0,0.0,0.0,0.0,0.6666666666666666,1.0,0.0,0.0,2.625,0.0,13.0,0.0,1.0,0.5625,1.0,0.8048780487804879,0.0,0.0
-356,0.0,0.0,0.0,0.0,1.0,1.0,0.0,0.0,2.653846153846154,0.0,13.0,0.0,1.0,0.5,1.0,0.8089430894308944,0.0,0.0
-355,0.0,0.0,0.0,0.0,0.6666666666666667,1.0,0.0,0.0,2.682692307692308,0.0,13.0,0.0,1.0,0.4375,1.0,0.8130081300813009,0.0,0.0
-354,0.0,0.0,0.0,0.0,0.33333333333333337,1.0,0.0,0.0,2.7115384615384617,0.0,13.0,0.0,1.0,0.375,1.0,0.8170731707317074,0.0,0.0
-353,0.0,0.0,0.0,0.0,0.0,1.0,0.0,0.0,2.7403846153846154,0.0,13.0,0.0,1.0,0.3125,1.0,0.821138211382114,0.0,0.0
-352,0.0,0.0,0.0,0.0,0.0,1.0,0.0,0.0,2.769230769230769,0.0,13.0,0.0,1.0,0.25,1.0,0.8252032520325204,0.0,0.0
-351,0.0,0.0,0.0,0.0,0.0,1.0,0.0,0.0,2.7980769230769234,0.0,13.0,0.0,1.0,0.1875,1.0,0.8292682926829269,0.0,0.0
-350,0.0,0.0,0.0,0.0,0.0,1.0,0.0,0.0,2.826923076923077,0.0,13.0,0.0,1.0,0.125,1.0,0.8333333333333334,0.0,0.0
-349,0.0,0.0,0.0,0.0,0.0,1.0,0.0,0.0,2.855769230769231,0.0,13.0,0.0,1.0,0.0625,1.0,0.83739837398374,0.0,0.0
-348,0.0,0.0,0.0,0.0,0.0,1.0,0.0,0.0,2.8846153846153846,0.0,13.0,0.0,1.0,0.0,1.0,0.8414634146341464,0.0,0.0
-347,0.0,0.0,0.0,0.0,0.0,1.0,0.0,0.0,2.9134615384615388,0.0,13.0,0.0,1.0,0.0,1.0,0.8455284552845529,0.0,0.0
-346,0.0,0.0,0.0,0.0,0.0,1.0,0.0,0.0,2.9423076923076925,0.0,13.0,0.0,1.0,0.0,1.0,0.8495934959349595,0.0,0.0
-345,0.0,0.0,0.0,0.0,0.0,1.0,0.0,0.0,2.9711538461538463,0.0,13.0,0.0,1.0,0.0,1.0,0.853658536585366,0.0,0.0
-344,0.0,0.0,0.0,0.0,0.16666666666666666,1.0,0.0,0.0,3.0,0.0,13.0,0.0,1.0,0.0,1.0,0.8577235772357724,0.0,0.0
-343,0.0,0.0,0.0,0.0,0.3333333333333333,1.0,0.0,0.0,3.0,0.0,13.0,0.0,1.0,0.0,1.0,0.861788617886179,0.0,0.0
-342,0.0,0.0,0.0,0.0,0.5,1.0,0.0,0.0,3.0,0.0,13.0,0.0,1.0,0.0,1.0,0.8658536585365855,0.0,0.0
-341,0.0,0.0,0.0,0.0,0.6666666666666666,1.0,0.0,0.0,3.0,0.0,13.0,0.0,1.0,0.0,1.0,0.8699186991869919,0.0,0.0
-340,0.0,0.0,0.0,0.0,0.8333333333333333,1.0,0.0,0.0,3.0,0.0,13.0,0.0,1.0,0.0,1.0,0.8739837398373985,0.0,0.0
-339,0.0,0.0,0.0,0.0,1.0,1.0,0.0,0.0,3.0,0.0,13.0,0.0,1.0,0.0,1.0,0.878048780487805,0.0,0.0
-338,0.0,0.0,0.0,0.0,1.0,1.0,0.0,0.0,3.0,0.0,13.0,0.0,1.0,0.0,1.0,0.8821138211382115,0.0,0.0
-337,0.0,0.0,0.0,0.0,1.0,1.0,0.0,0.0,3.0,0.0,13.0,0.0,1.0,0.0,1.0,0.8861788617886179,0.0,0.0
-336,0.0,0.0,0.0,0.0,1.0,1.0,0.0,0.0,3.0,0.0,13.0,0.0,1.0,0.0,1.0,0.8902439024390245,0.0,0.0
-335,0.0,0.0,0.0,0.0,1.0,1.0,0.0,0.0,3.0,0.0,13.0,0.0,1.0,0.0,1.0,0.894308943089431,0.0,0.0
-334,0.0,0.0,0.0,0.0,1.0,1.0,0.0,0.0,3.0,0.0,13.0,0.0,1.0,0.0,1.0,0.8983739837398375,0.0,0.0
-333,0.0,0.0,0.0,0.0,1.0,1.0,0.0,0.0,3.0,0.0,13.0,0.0,1.0,0.0,1.0,0.902439024390244,0.0,0.0
-332,0.0,0.0,0.0,0.0,1.0,1.0,0.0,0.0,3.0,0.0,13.0,0.0,1.0,0.0,1.0,0.9065040650406505,0.0,0.0
-331,0.0,0.0,0.0,0.0,2.3636363636363633,1.0,0.0,0.0,3.0,0.0,13.0,0.0,1.0,0.0,1.0,0.910569105691057,0.0,0.0
-330,0.0,0.0,0.0,0.0,3.727272727272727,1.0,0.0,0.0,3.0,0.0,13.0,0.0,1.0,0.0,1.0,0.9146341463414636,0.0,0.0
-329,0.0,0.0,0.0,0.0,5.090909090909091,1.0,0.0,0.0,3.0,0.0,13.0,0.0,1.0,0.0,1.0,0.91869918699187,0.0,0.0
-328,0.0,0.0,0.0,0.0,6.454545454545454,1.0,0.0,0.0,3.0,0.0,13.0,0.0,1.0,0.0,1.0,0.9227642276422765,0.0,0.0
-327,0.0,0.0,0.0,0.0,7.8181818181818175,1.0,0.0,0.0,3.0,0.0,13.0,0.0,1.0,0.0,1.0,0.926829268292683,0.0,0.0
-326,0.0,0.0,0.0,0.0,9.181818181818182,1.0,0.0,0.0,3.0,0.0,13.0,0.0,1.0,0.0,1.0,0.9308943089430896,0.0,0.0
-325,0.0,0.0,0.0,0.0,10.545454545454545,1.0,0.0,0.0,3.0,0.0,13.0,0.0,1.0,0.0,1.0,0.934959349593496,0.0,0.0
-324,0.0,0.0,0.0,0.0,11.909090909090908,1.0,0.2857142857142857,0.0,3.0,0.0,13.0,0.0,1.0,0.0,1.0,0.9390243902439025,0.0,0.0
-323,0.0,0.0,0.0,0.0,13.272727272727272,1.0,0.5714285714285714,0.0,3.0,0.0,13.0,0.0,1.0,0.0,1.0,0.9430894308943091,0.0,0.0
-322,0.0,0.0,0.0,0.0,14.636363636363635,1.0,0.8571428571428571,0.0,3.0,0.0,13.0,0.0,1.0,0.0,1.0,0.9471544715447155,0.0,0.0
-321,0.0,0.0,0.0,0.0,16.0,1.0,1.1428571428571428,0.0,3.0,0.0,13.0,0.0,1.0,0.0,1.0,0.951219512195122,0.0,0.0
-320,0.0,0.0,0.0,0.0,16.0,1.0,1.4285714285714284,0.0,3.0,0.0,13.0,0.0,1.0,0.0,1.0,0.9552845528455286,0.0,0.0
-319,0.0,0.0,0.0,0.0,16.0,1.0,1.7142857142857142,0.0,3.0,0.0,13.0,0.0,1.0,0.0,1.0,0.9593495934959351,0.0,0.0
-318,0.0,0.0,0.0,0.0,16.0,1.0,2.0,0.0,3.0,0.0,13.0,0.0,1.0,0.0,1.0,0.9634146341463415,0.0,0.0
-317,0.0,0.0,0.0,0.0,16.0,1.0,2.0,0.0,3.0,0.0,13.0,0.0,1.0,0.0,1.0,0.9674796747967481,0.0,0.0
-316,0.0,0.0,0.0,0.0,16.0,1.0,2.0,0.0,3.0,0.0,13.0,0.0,1.0,0.0,1.0,0.9715447154471546,0.0,0.0
-315,0.0,0.0,0.0,0.0,16.0,1.0,2.0,0.0,3.0,0.0,13.0,0.0,1.0,0.0,1.0,0.9756097560975611,0.0,0.0
-314,0.0,0.0,0.0,0.0,16.0,1.0,2.0,0.0,3.0,0.0,13.0,0.0,1.0,0.0,1.0,0.9796747967479675,0.0,0.0
-313,0.0,0.0,0.0,0.0,16.0,1.0,2.0,0.0,3.0,0.0,13.0,0.0,1.0,0.0,1.0,0.9837398373983741,0.0,0.0
-312,0.0,0.0,0.0,0.0,16.0,1.0,2.0,0.0,3.0,0.0,13.0,0.0,1.0,0.0,1.0,0.9878048780487806,0.0,0.0
-311,0.0,0.0,0.0,0.0,16.0,1.0,2.0,0.0,3.0,0.0,13.0,0.0,1.0,0.0,1.0,0.9918699186991871,0.0,0.0
-310,0.0,0.0,0.0,0.0,16.0,1.0,2.0,0.0,3.0,0.0,13.0,0.0,1.0,0.0,1.0,0.9959349593495936,0.0,0.0
-309,0.0,0.0,0.0,0.0,16.0,1.0,2.0,0.0,3.0,0.0,13.0,0.0,1.0,0.0,1.0,1.0,0.0,0.0
-308,0.0,0.0,0.0,0.0,16.0,1.0,2.0,0.0,3.0,0.0,13.0,0.0,1.0,0.0,1.0,1.0,0.0,0.0
-307,0.0,0.0,0.0,0.0,16.0,1.0,2.0,0.0,3.0,0.0,13.0,0.0,1.0,0.0,1.0,1.0,0.0,0.0
-306,0.0,0.0,0.0,0.0,16.0,1.0,2.0,0.0,3.0,0.0,13.0,0.0,1.0,0.0,1.0,1.0,0.0,0.0
-305,0.0,0.0,0.0,0.0,16.0,1.0,2.0,0.0,3.0,0.0,13.0,0.0,1.0,0.0,1.0,1.0,0.0,0.0
-304,0.0,0.0,0.0,0.0,16.0,1.0,2.0,0.0,3.0,0.0,13.0,0.0,1.0,0.0,1.0,1.0,0.0,0.0
-303,0.0,0.0,0.0,0.0,16.0,1.0,2.0,0.0,3.0,0.0,13.0,0.0,1.0,0.0,1.0,1.0,0.0,0.0
-302,0.0,0.0,0.0,0.0,16.0,1.0,2.0,0.0,3.0,0.0,13.0,0.0,1.0,0.0,1.0,1.0,0.0,0.0
-301,0.0,0.0,0.0,0.0,16.0,1.0,2.0,0.0,3.0,0.0,13.0,0.0,1.0,0.0,1.0,1.0,0.0,0.0
-300,0.0,0.0,0.0,0.0,16.0,1.0,2.0,0.0,3.0,0.0,13.0,0.0,1.0,0.0,1.0,1.0,0.0,0.0
-299,0.0,0.0,0.0,0.0,16.0,1.0,2.0,0.0,3.0,0.0,13.0,0.0,1.0,0.0,1.0,1.0,0.0,0.0
-298,0.0,0.0,0.0,0.0,16.0,1.0,2.0,0.0,3.0,0.0,13.0,0.0,1.0,0.0,1.0,1.0,0.0,0.0
-297,0.0,0.0,0.0,0.0,16.0,1.0,2.0,0.0,3.0,0.0,13.0,0.0,1.0,0.0,1.0,1.0,0.0,0.0
-296,0.0,0.0,0.0,0.0,16.0,1.0,2.0,0.0,3.0,0.0,13.0,0.0,1.0,0.0,1.0,1.0,0.0,0.0
-295,0.0,0.0,0.0,0.0,16.0,1.0,2.0,0.0,3.0,0.0,13.0,0.0,1.0,0.0,1.0,1.0,0.0,0.0
-294,0.0,0.0,0.0,0.0,16.0,1.0,2.0,0.0,3.0,0.0,13.0,0.0,1.0,0.0,1.0,1.0,0.0,0.0
-293,0.0,0.0,0.0,0.0,16.0,1.0,2.0,0.0,2.6666666666666665,0.0,13.0,0.0,1.0,0.0,1.0,1.0,0.0,0.0
-292,0.0,0.0,0.0,0.0,16.0,1.0,2.0,0.0,2.3333333333333335,0.0,13.0,0.0,1.0,0.0,1.0,1.0,0.0,0.0
-291,0.0,0.0,0.0,0.0,16.0,1.0,2.0,0.0,2.0,0.0,13.0,0.0,1.0,0.0,1.0,1.0,0.0,0.0
-290,0.0,0.0,0.0,0.0,16.0,1.0,2.0,0.0,1.6666666666666667,0.0,13.0,0.0,1.0,0.0,1.0,1.0,0.0,0.0
-289,0.0,0.0,0.0,0.0,16.0,1.0,1.9714285714285715,0.0,1.3333333333333335,0.0,13.0,0.0,1.0,0.0,1.0,1.0,0.0,0.0
-288,0.0,0.0,0.0,0.0,16.0,1.0,1.9428571428571428,0.0,1.0,0.0,13.0,0.0,1.0,0.0,1.0,1.0,0.0,0.0
-287,0.0,0.0,0.0,0.0,16.0,1.0,1.9142857142857144,0.0,0.666666666666667,0.0,13.0,0.0,1.0,0.0,1.0,1.0,0.0,0.0
-286,0.0,0.0,0.0,0.0,16.0,1.0,1.8857142857142857,0.0,0.3333333333333335,0.0,13.0,0.0,1.0,0.0,1.0,1.0,0.0,0.0
-285,0.0,0.0,0.0,0.0,16.0,1.0,1.8571428571428572,0.0,0.0,0.0,13.0,0.0,1.0,0.0,1.0,1.0,0.0,0.0
-284,0.0,0.0,0.0,0.0,16.0,1.0,1.8285714285714285,0.0,0.0,0.0,13.0,0.0,1.0,0.0,1.0,1.0,0.0,0.0
-283,0.0,0.0,0.0,0.0,16.0,1.0,1.8,0.0,0.0,0.0,13.0,0.0,1.0,0.0,1.0,1.0,0.0,0.0
-282,0.0,0.0,0.0,0.0,16.0,1.0,1.7714285714285714,0.0,0.0,0.0,13.0,0.0,1.0,0.0,1.0,1.0,0.0,0.0
-281,0.0,0.0,0.0,0.0,16.0,1.0,1.7428571428571429,0.0,0.0,0.0,13.0,0.0,1.0,0.0,1.0,1.0,0.0,0.0
-280,0.0,0.0,0.0,0.0,16.0,1.0,1.7142857142857144,0.0,0.0,0.0,13.0,0.0,1.0,0.0,1.0,1.0,0.0,0.0
-279,0.0,0.0,0.0,0.0,16.0,1.0,1.6857142857142857,0.0,0.0,0.0,13.0,0.0,1.0,0.0,1.0,1.0,0.0,0.0
-278,0.0,0.0,0.0,0.0,16.0,1.0,1.657142857142857,0.0,0.0,0.0,13.0,0.42857142857142855,1.0,0.0,1.0,1.0,0.0,0.0
-277,0.0,0.0,0.0,0.0,16.0,0.8333333333333334,1.6285714285714286,0.0,0.0,0.0,13.0,0.8571428571428571,1.0,0.0,1.0,1.0,0.0,0.0
-276,0.0,0.0,0.0,0.0,16.0,0.6666666666666667,1.6,0.0,0.0,0.0,13.0,1.2857142857142856,1.0,0.0,1.0,1.0,0.0,0.0
-275,0.0,0.0,0.0,0.0,16.0,0.5,1.5714285714285714,0.0,0.0,0.0,13.0,1.7142857142857142,1.0,0.0,1.0,1.0,0.0,0.0
-274,0.0,0.0,0.0,0.0,16.0,0.33333333333333337,1.542857142857143,0.0,0.0,0.0,13.0,2.142857142857143,1.0,0.0,1.0,1.0,0.0,0.0
-273,0.0,0.0,0.0,0.0,16.0,0.16666666666666674,1.5142857142857142,0.0,0.0,0.0,13.0,2.571428571428571,1.0,0.0,1.0,1.0,0.0,0.0
-272,0.0,0.0,0.0,0.0,16.0,0.0,1.4857142857142858,0.0,0.0,0.0,13.0,3.0,1.0,0.0,1.0,1.0,0.0,0.0
-271,0.0,0.0,0.0,0.0,16.0,0.0,1.4571428571428573,0.0,0.0,0.0,13.0,3.857142857142857,1.0,0.0,1.0,1.0,0.0,0.0
-270,0.0,0.0,0.0,0.0,16.0,0.0,1.4285714285714286,0.0,0.0,0.0,13.0,4.714285714285714,1.0,0.0,1.0,1.0,0.0,0.0
-269,0.0,0.0,0.0,0.0,16.0,0.0,1.4,0.0,0.0,0.0,13.0,5.571428571428571,1.0,0.0,1.0,1.0,0.0,0.0
-268,0.0,0.0,0.0,0.0,16.0,0.0,1.3714285714285714,0.0,0.0,0.0,13.0,6.428571428571429,1.0,0.0,1.0,1.0,0.0,0.0
-267,0.0,0.0,0.0,0.0,16.0,0.0,1.342857142857143,0.0,0.0,0.0,13.0,7.285714285714286,1.0,0.0,1.0,1.0,0.0,0.0
-266,0.0,0.0,0.0,0.0,16.0,0.0,1.3142857142857143,0.0,0.0,0.0,13.0,8.142857142857142,1.0,0.0,1.0,1.0,0.0,0.0
-265,0.0,0.0,0.0,0.0,16.0,0.0,1.2857142857142856,0.0,0.0,0.0,13.030303030303031,9.0,1.0,0.0,1.0,1.0,0.0,0.0
-264,0.0,0.0,0.0,0.0,16.0,0.0,1.2571428571428571,0.0,0.0,0.0,13.06060606060606,8.84,1.0,0.0,1.0,1.0,0.0,0.0
-263,0.0,0.0,0.0,0.0,16.0,0.0,1.2285714285714286,0.0,0.0,0.0,13.090909090909092,8.68,1.0,0.0,1.0,1.0,0.0,0.0
-262,0.0,0.0,0.0,0.0,16.0,0.0,1.2000000000000002,0.0,0.0,0.0,13.121212121212121,8.52,1.0,0.0,1.0,1.0,0.0,0.0
-261,0.0,0.0,0.0,0.0,16.0,0.0,1.1714285714285715,0.0,0.0,0.0,13.151515151515152,8.36,1.0,0.0,1.0,1.0,0.0,0.0
-260,0.0,0.0,0.0,0.0,16.0,0.0,1.1428571428571428,0.0,0.0,0.0,13.181818181818182,8.2,1.0,0.0,1.0,1.0,0.0,0.0
-259,0.0,0.0,0.0,0.0,16.0,0.0,1.1142857142857143,0.0,0.0,0.0,13.212121212121213,8.04,1.0,0.0,1.0,1.0,0.0,0.0
-258,0.0,0.0,0.0,0.0,16.0,0.0,1.0857142857142859,0.0,0.0,0.0,13.242424242424242,7.88,1.0,0.0,1.0,1.0,0.0,0.0
-257,0.0,0.0,0.0,0.0,16.0,0.0,1.0571428571428572,0.0,0.0,0.0,13.272727272727273,7.72,1.0,0.0,1.0,1.0,0.0,0.0
-256,0.0,0.0,0.0,0.0,16.0,0.0,1.0285714285714285,0.0,0.0,0.0,13.303030303030303,7.5600000000000005,1.0,0.0,1.0,1.0,0.0,0.0
-255,0.0,0.0,0.0,0.0,16.0,0.0,1.0,0.0,0.0,0.0,13.333333333333334,7.4,1.0,0.0,1.0,1.0,0.0,0.0
-254,0.0,0.0,0.0,0.0,16.0,0.0,0.9714285714285715,0.0,0.0,0.0,13.363636363636363,7.24,1.0,0.0,1.0,1.0,0.0,0.0
-253,0.0,0.0,0.0,0.0,16.0,0.0,0.9428571428571428,0.0,0.0,0.0,13.393939393939394,7.08,1.0,0.0,1.0,1.0,0.0,0.0
-252,0.0,0.0,0.0,0.0,16.0,0.0,0.9142857142857144,0.0,0.0,0.0,13.424242424242424,6.92,1.0,0.0,1.0,1.0,0.0,0.0
-251,0.0,0.0,0.0,0.0,16.0,0.0,0.8857142857142857,0.0,0.0,0.0,13.454545454545455,6.76,1.0,0.0,1.0,1.0,0.0,0.0
-250,0.0,0.0,0.0,0.0,16.0,0.0,0.8571428571428572,0.0,0.0,0.0,13.484848484848484,6.6,1.0,0.0,1.0,1.0,0.0,0.0
-249,0.0,0.0,0.0,0.0,16.0,0.0,0.8285714285714285,0.0,0.0,0.0,13.515151515151516,6.4399999999999995,1.0,0.0,1.0,1.0,0.0,0.0
-248,0.0,0.0,0.0,0.0,16.0,0.0,0.8,0.0,0.0,0.0,13.545454545454545,6.279999999999999,1.0,0.0,1.0,1.0,0.0,0.0
-247,0.0,0.0,0.0,0.0,16.0,0.0,0.7714285714285716,0.0,0.0,0.0,13.575757575757576,6.12,1.0,0.0,1.0,1.0,0.0,0.0
-246,0.0,0.0,0.0,0.0,16.0,0.0,0.7428571428571429,0.0,0.0,0.0,13.606060606060606,5.96,1.0,0.0,1.0,1.0,0.0,0.0
-245,0.0,0.0,0.0,0.0,16.0,0.0,0.7142857142857144,0.0,0.0,0.0,13.636363636363637,5.8,1.0,0.0,1.0,1.0,0.0,0.0
-244,0.0,0.0,0.0,0.0,16.0,0.0,0.6857142857142857,0.0,0.0,0.0,13.666666666666666,5.640000000000001,1.0,0.0,1.0,1.0,0.0,0.0
-243,0.0,0.0,0.0,0.0,16.0,0.0,0.6571428571428573,0.0,0.0,0.0,13.696969696969697,5.48,1.0,0.0,1.0,1.0,0.0,0.0
-242,0.0,0.0,0.0,0.0,16.0,0.0,0.6285714285714286,0.0,0.0,0.0,13.727272727272727,5.32,1.0,0.0,1.0,1.0,0.0,0.0
-241,0.0,0.0,0.0,0.0,16.0,0.0,0.6000000000000001,0.0,0.0,0.0,13.757575757575758,5.16,1.0,0.0,1.0,1.0,0.0,0.0
-240,0.0,0.0,0.0,0.0,16.0,0.0,0.5714285714285714,0.0,0.0,0.0,13.787878787878787,5.0,1.0,0.0,1.0,1.0,0.0,0.0
-239,0.0,0.0,0.0,0.0,16.0,0.0,0.5428571428571429,0.0,0.0,0.0,13.818181818181818,5.0,1.0,0.0,1.0,1.0,0.0,0.0
-238,0.0,0.0,0.0,0.0,16.0,0.0,0.5142857142857142,0.0,0.0,0.0,13.848484848484848,5.0,1.0,0.0,1.0,1.0,0.0,0.0
-237,0.0,0.0,0.0,0.0,16.0,0.0,0.48571428571428577,0.0,0.0,0.0,13.878787878787879,5.0,1.0,0.0,1.0,1.0,0.0,0.0
-236,0.0,0.0,0.0,0.0,16.0,0.0,0.4571428571428573,0.0,0.0,0.125,13.90909090909091,5.0,1.0,0.0,1.0,1.0,0.0,0.0
-235,0.0,0.0,0.0,0.0,16.0,0.0,0.4285714285714286,0.0,0.0,0.25,13.93939393939394,5.0,1.0,0.0,1.0,1.0,0.0,0.0
-234,0.0,0.0,0.0,0.0,16.0,0.0,0.40000000000000013,0.0,0.0,0.375,13.969696969696969,5.0,1.0,0.0,1.0,1.0,0.0,0.0
-233,0.0,0.0,0.0,0.0,16.0,0.0,0.37142857142857144,0.0,0.0,0.5,14.0,5.0,1.0,0.0,1.0,1.0,0.0,0.0
-232,0.0,0.0,0.0,0.0,16.0,0.0,0.34285714285714297,0.0,0.0,0.625,14.0,5.0,1.0,0.0,1.0,1.0,0.0,0.0
-231,0.0,0.0,0.0,0.0,16.0,0.0,0.3142857142857143,0.0,0.0,0.75,14.0,5.0,1.0,0.0,1.0,1.0,0.0,0.0
-230,0.0,0.0,0.0,0.0,16.0,0.0,0.2857142857142858,0.0,0.0,0.875,14.0,5.0,1.0,0.0,1.0,1.0,0.0,0.0
-229,0.0,0.0,0.0,0.0,16.0,0.0,0.2571428571428571,0.0,0.0,1.0,14.0,5.0,1.0,0.0,1.0,1.0,0.0,0.0
-228,0.0,0.0,0.0,0.0,16.0,0.0,0.22857142857142865,0.0,0.0,1.0,14.0,5.0,1.0,0.0,1.0,1.0,0.0,0.0
-227,0.0,0.0,0.0,0.0,16.0,0.0,0.19999999999999996,0.0,0.0,1.0,14.0,5.0,1.0,0.0,1.0,1.0,0.0,0.0
-226,0.0,0.0,0.0,0.0,16.0,0.0,0.17142857142857149,0.0,0.0,1.0,14.0,5.0,1.0,0.0,1.0,1.0,0.0,0.0
-225,0.0,0.0,0.0,0.0,16.0,0.0,0.14285714285714302,0.0,0.0,1.0,14.0,5.0,1.0,0.0,1.0,1.0,0.0,0.0
-224,0.0,0.0,0.0,0.0,16.0,0.0,0.11428571428571432,0.0,0.0,1.0,14.0,5.0,1.0,0.0,1.0,1.0,0.0,0.0
-223,0.0,0.0,0.0,0.0,16.0,0.0,0.08571428571428585,0.0,0.0,1.0,14.0,5.0,1.0,0.0,1.0,1.0,0.0,0.0
-222,0.0,0.0,0.0,0.0,16.0,0.0,0.05714285714285716,0.0,0.0,1.0,14.0,5.0,1.0,0.0,1.0,1.0,0.0,0.0
-221,0.0,0.0,0.0,0.0,16.0,0.0,0.028571428571428692,0.0,0.0,1.0,14.0,5.0,1.0,0.0,1.0,1.0,0.0,0.0
-220,0.0,0.0,0.0,0.0,16.0,0.0,0.0,0.0,0.0,1.0,14.0,5.0,1.0,0.0,1.0,1.0,0.0,0.0
-219,0.0,0.0,0.0,0.0,16.0,0.0,0.0,0.0,0.0,1.0,14.0,5.0,1.0,0.0,1.0,1.0,0.0,0.0
-218,0.0,0.0,0.0,0.0,16.0,0.0,0.0,0.0,0.0,1.0,14.0,5.0,1.0,0.0,1.0,1.0,0.0,0.0
-217,0.0,0.0,0.0,0.0,16.0,0.0,0.0,0.0,0.0,1.0,14.0,5.0,1.0,0.0,1.0,1.0,0.0,0.0
-216,0.0,0.0,0.0,0.0,16.0,0.0,0.0,0.0,0.0,1.0,14.0,5.0,1.0,0.0,1.0,1.0,0.0,0.0
-215,0.0,0.0,0.0,0.0,16.0,0.0,0.0,0.0,0.0,1.0,14.0,5.0,1.0,0.0,1.0,1.0,0.0,0.0
-214,0.0,0.0,0.0,0.0,16.0,0.0,0.0,0.0,0.0,1.0,14.0,5.0,1.0,0.0,1.0,1.0,0.0,0.0
-213,0.0,0.0,0.0,0.0,16.0,0.0,0.0,0.0,0.0,1.0,14.0,5.0,1.0,0.0,1.0,1.0,0.0,0.0
-212,0.0,0.0,0.0,0.0,16.0,0.0,0.0,0.0,0.0,1.0,14.0,5.0,1.0,0.0,1.0,1.0,0.0,0.0
-211,0.0,0.0,0.0,0.0,16.0,0.0,0.0,0.0,0.0,1.0,14.0,5.0,1.0,0.0,1.0,1.0,0.0,0.0
-210,0.0,0.0,0.0,0.0,16.0,0.0,0.0,0.0,0.0,1.0,14.0,5.0,1.0,0.0,1.0,1.0,0.0,0.0
-209,0.0,0.0,0.0,0.0,16.0,0.0,0.0,0.0,0.0,1.0,14.0,5.0,1.0,0.0,1.0,1.0,0.0,0.0
-208,0.0,0.0,0.0,0.0,16.125,0.0,0.0,0.0,0.0,1.0,14.0,5.0,1.0,0.0,1.0,1.0,0.0,0.0
-207,0.0,0.0,0.0,0.0,16.25,0.0,0.0,0.0,0.0,1.0,14.0,5.0,1.0,0.0,1.0,1.0,0.0,0.0
-206,0.0,0.0,0.0,0.0,16.375,0.0,0.0,0.0,0.0,1.0,14.0,5.0,1.0,0.0,1.0,1.0,0.0,0.0
-205,0.0,0.0,0.0,0.0,16.5,0.0,0.0,0.0,0.0,1.0,14.0,5.0,1.0,0.0,1.0,1.0,0.0,0.0
-204,0.0,0.0,0.0,0.0,16.625,0.0,0.0,0.0,0.0,1.0,14.0,5.0,1.0,0.0,1.0,1.0,0.0,0.0
-203,0.0,0.0,0.0,0.0,16.75,0.0,0.0,0.0,0.0,1.0,14.0,5.0,1.0,0.0,1.0,1.0,0.0,0.0
-202,0.0,0.0,0.0,0.0,16.875,0.0,0.0,0.0,0.0,1.0,14.0,5.0,1.0,0.0,1.0,1.0,0.0,0.0
-201,0.0,0.0,0.0,0.0,17.0,0.0,0.0,0.0,0.0,1.0,14.0,5.0,1.0,0.0,1.0,1.0,0.0,0.0
-200,0.0,0.0,0.0,0.0,17.0,0.0,0.0,0.0,0.0,1.0,14.0,5.0,1.0,0.0,1.0,1.0,0.0,0.0
-199,0.0,0.0,0.0,0.0,17.0,0.0,0.0,0.0,0.0,1.0,14.0,5.0,1.0,0.0,1.0,1.0,0.0,0.0
-198,0.0,0.0,0.0,0.0,17.0,0.0,0.0,0.0,0.0,1.0,14.0,5.0,1.0,0.0,1.0,1.0,0.0,0.0
-197,0.0,0.0,0.0,0.0,17.0,0.0,0.0,0.0,0.0,1.0,14.0,5.0,1.0,0.0,1.0,1.0,0.0,0.1
-196,0.0,0.0,0.0,0.0,17.0,0.0,0.0,0.0,0.0,1.0,14.0,5.0,1.0,0.0,1.0,1.0,0.0,0.2
-195,0.0,0.0,0.0,0.0,17.0,0.0,0.0,0.0,0.0,1.0,14.0,5.0,1.0,0.0,1.0,1.0,0.0,0.30000000000000004
-194,0.0,0.0,0.0,0.0,17.0,0.0,0.0,0.0,0.0,1.0,14.0,5.0,1.0,0.0,1.0,1.0,0.0,0.4
-193,0.0,0.0,0.0,0.0,17.0,0.0,0.0,0.0,0.0,1.0,14.0,5.0,1.0,0.0,1.0,1.0,0.0,0.5
-192,0.0,0.0,0.0,0.0,17.0,0.0,0.0,0.0,0.0,1.0,14.0,5.0,1.0,0.0,1.0,1.0,0.0,0.6000000000000001
-191,0.0,0.0,0.0,0.0,17.0,0.0,0.0,0.0,0.0,1.0,14.0,5.0,1.0,0.0,1.0,1.0,0.0,0.7000000000000001
-190,0.0,0.0,0.0,0.0,17.0,0.0,0.0,0.0,0.0,1.0,14.0,5.0,1.0,0.0,1.0,1.0,0.0,0.8
-189,0.0,0.0,0.0,0.0,17.0,0.0,0.0,0.0,0.0,1.0,14.0,5.0,1.0,0.0,1.0,1.0,0.0,0.9
-188,0.0,0.0,0.0,0.0,17.0,0.0,0.0,0.0,0.0,1.0,14.0,5.0,1.0,0.0,1.0,1.0,0.0,1.0
-187,0.0,0.0,0.0,0.0,17.0,0.0,0.0,0.0,0.0,1.0,14.0,5.0,1.0,0.0,1.0,1.0,0.0,1.0
-186,0.0,0.0,0.0,0.0,17.0,0.0,0.0,0.0,0.0,1.0,14.0,5.0,1.0,0.0,1.0,1.0,0.0,1.0
-185,0.0,0.0,0.0,0.0,17.0,0.0,0.0,0.0,0.0,1.0,14.0,5.0,1.0,0.0,1.0,1.0,0.0,1.0
-184,0.0,0.0,0.0,0.0,17.0,0.0,0.0,0.0,0.0,1.0,14.0,5.0,1.0,0.0,1.0,1.0,0.0,1.0
-183,0.0,0.0,0.0,0.0,17.0,0.0,0.0,0.0,0.0,1.0,14.0,5.0,1.0,0.0,1.0,1.0,0.0,1.0
-182,0.0,0.0,0.0,0.0,17.0,0.0,0.0,0.0,0.0,1.0,14.0,5.0,1.0,0.0,1.0,1.0,0.0,1.0
-181,0.0,0.0,0.0,0.0,17.0,0.0,0.0,0.0,0.0,1.0,14.0,5.0,1.0,0.0,1.0,1.0,0.0,1.0
-180,0.0,0.0,0.0,0.0,17.0,0.0,0.0,0.0,0.0,1.0,14.0,5.0,1.0,0.0,1.0,1.0,0.0,1.0
-179,0.0,0.0,0.0,0.0,17.0,0.0,0.0,0.0,0.0,1.0,14.0,5.0,1.0,0.0,1.0,1.0,0.0,1.0
-178,0.0,0.0,0.0,0.0,17.0,0.0,0.0,0.0,0.0,1.0,14.0,5.0,1.0,0.0,1.0,1.0,0.0,1.0
-177,0.0,0.0,0.0,0.0,17.0,0.0,0.0,0.0,0.0,1.0,14.0,5.0,1.0,0.0,1.0,1.0,0.0,1.0
-176,0.0,0.0,0.0,0.0,17.0,0.0,0.0,0.0,0.0,1.0,14.0,5.0,1.0,0.0,1.0,1.0,0.0,1.0
-175,0.0,0.0,0.0,0.0,17.0,0.0,0.0,0.0,0.0,1.0,14.0,5.0,1.0,0.0,1.0,1.0,0.0,1.0
-174,0.0,0.0,0.0,0.0,17.0,0.0,0.0,0.0,0.0,1.0,14.0,5.0,1.0,0.0,1.0,1.0,0.0,1.0
-173,0.0,0.0,0.0,0.0,17.0,0.0,0.0,0.0,0.0,1.0,14.0,5.0,1.0,0.0,1.0,1.0,0.0,1.0
-172,0.0,0.0,0.0,0.0,17.0,0.0,0.0,0.0,0.0,1.0,14.0,5.0,1.0,0.0,1.0,1.0,0.0,1.0
-171,0.0,0.0,0.0,0.0,17.0,0.0,0.0,0.0,0.0,1.0,14.0,5.0,1.0,0.0,1.0,1.0,0.0,1.0
-170,0.0,0.0,0.0,0.0,17.0,0.0,0.0,0.0,0.0,1.0,14.0,5.0,1.0,0.0,1.0,1.0,0.0,1.0
-169,0.0,0.0,0.0,0.0,17.0,0.0,0.0,0.0,0.0,1.0,14.0,5.0,1.0,0.0,1.0,1.0,0.0,1.0
-168,0.0,0.0,0.0,0.0,17.0,0.0,0.0,0.0,0.0,1.0,14.0,5.0,1.0,0.0,1.0,1.0,0.0,1.0
-167,0.0,0.0,0.0,0.0,17.0,0.0,0.0,0.0,0.0,1.0,14.0,5.0,1.0,0.0,1.0,1.0,0.0,1.0
-166,0.0,0.0,0.0,0.0,17.0,0.0,0.0,0.0,0.0,1.0,14.0,5.0,1.0,0.0,1.0,1.0,0.0,1.0
-165,0.0,0.0,0.0,0.0,17.0,0.0,0.0,0.0,0.0,1.0,14.0,5.0,1.0,0.0,1.0,1.0,0.0,1.0
-164,0.0,0.0,0.0,0.0,17.0,0.0,0.0,0.0,0.0,1.0,14.0,5.0,1.0,0.0,1.0,1.0,0.0,1.0
-163,0.0,0.0,0.0,0.0,17.0,0.0,0.0,0.0,0.0,1.0,14.0,5.0,1.0,0.0,1.0,1.0,0.0,1.0
-162,0.0,0.0,0.0,0.0,17.0,0.0,0.0,0.0,0.0,1.0,14.0,5.0,1.0,0.0,1.0,1.0,0.0,1.0
-161,0.0,0.0,0.0,0.0,17.0,0.0,0.0,0.0,0.0,1.0,14.0,5.0,1.0,0.0,1.0,1.0,0.0,1.0
-160,0.0,0.0,0.0,0.0,17.0,0.0,0.0,0.0,0.0,1.0,14.0,5.0,1.0,0.0,1.0,1.0,0.0,1.0
-159,0.0,0.0,0.0,0.0,17.0,0.0,0.0,0.0,0.0,1.0,14.0,5.0,1.0,0.0,1.0,1.0,0.0,1.0
-158,0.0,0.0,0.0,0.0,17.0,0.0,0.0,0.0,0.0,1.0,14.0,5.0,1.0,0.0,1.0,1.0,0.0,1.0
-157,0.0,0.0,0.0,0.0,17.0,0.0,0.0,0.0,0.0,1.0,14.0,5.0,1.0,0.0,1.0,1.0,0.0,1.0
-156,0.0,0.0,0.0,0.0,17.0,0.0,0.0,0.0,0.0,1.0,14.0,5.0,1.0,0.0,1.0,1.0,0.0,1.0
-155,0.0,0.0,0.0,0.0,17.0,0.0,0.0,0.0,0.0,1.0,14.0,5.0,1.0,0.0,1.0,1.0,0.0,1.0
-154,0.0,0.0,0.0,0.0,17.0,0.0,0.0,0.0,0.0,1.0,14.0,5.0,1.0,0.0,1.0,1.0,0.0,1.0
-153,0.0,0.0,0.0,0.0,17.0,0.0,0.0,0.0,0.0,1.0,14.0,5.0,1.0,0.0,1.0,1.0,0.0,1.0
-152,0.0,0.0,0.0,0.0,17.0,0.0,0.0,0.0,0.0,1.0,14.0,5.0,1.0,0.0,1.0,1.0,0.0,1.0
-151,0.0,0.0,0.0,0.0,17.0,0.0,0.0,0.0,0.0,1.0,14.0,5.0,1.0,0.0,1.0,1.0,0.0,1.0
-150,0.0,0.0,0.0,0.0,17.0,0.0,0.0,0.0,0.0,1.0,14.0,5.0,1.0,0.0,1.0,1.0,0.0,1.0
-149,0.0,0.0,0.0,0.0,17.0,0.0,0.0,0.0,0.0,1.0,14.0,5.0,1.0,0.0,1.0,1.0,0.0,1.0
-148,0.0,0.0,0.0,0.0,17.0,0.0,0.0,0.0,0.0,1.0,14.0,5.0,1.0,0.0,1.0,1.0,0.0,1.0
-147,0.0,0.0,0.0,0.0,17.0,0.0,0.0,0.0,0.0,1.0,14.0,5.0,1.0,0.0,1.0,1.0,0.0,1.0
-146,0.0,0.0,0.0,0.0,17.0,0.0,0.0,0.0,0.0,1.0,14.0,5.0,1.0,0.0,1.0,1.0,0.0,1.0
-145,0.0,0.0,0.0,0.0,17.0,0.0,0.0,0.0,0.0,1.0,14.0,5.0,1.0,0.0,1.0,1.0,0.0,1.0
-144,0.0,0.0,0.0,0.0,17.0,0.0,0.0,0.0,0.0,1.0,14.0,5.0,1.0,0.0,1.0,1.0,0.0,1.0
-143,0.0,0.0,0.0,0.0,17.0,0.0,0.0,0.0,0.0,1.0,14.0,5.0,1.0,0.0,1.0,1.0,0.0,1.0
-142,0.0,0.0,0.0,0.0,17.0,0.0,0.0,0.0,0.0,1.0,14.0,5.0,1.0,0.0,1.0,1.0,0.0,1.0
-141,0.0,0.0,0.0,0.0,17.0,0.0,0.0,0.0,0.0,1.0,14.0,5.0,1.0,0.0,1.0,1.0,0.0,1.0
-140,0.0,0.0,0.0,0.0,17.0,0.0,0.0,0.0,0.0,1.0,14.0,5.0,1.0,0.0,1.0,1.0,0.0,1.0
-139,0.0,0.0,0.0,0.0,17.0,0.0,0.0,0.0,0.0,1.0,14.0,5.0,1.0,0.0,1.0,1.0,0.0,1.0
-138,0.0,0.0,0.0,0.0,17.0,0.0,0.0,0.0,0.0,1.0,14.0,5.0,1.0,0.0,1.0,1.0,0.0,1.0
-137,0.0,0.0,0.0,0.0,17.0,0.0,0.0,0.0,0.0,1.0,14.0,5.0,1.0,0.0,1.0,1.0,0.0,1.0
-136,0.0,0.0,0.0,0.0,17.0,0.0,0.0,0.0,0.0,1.0,14.0,5.0,1.0,0.0,1.0,1.0,0.0,1.0
-135,0.0,0.0,0.0,0.0,17.0,0.0,0.0,0.0,0.0,1.0,14.0,5.0,1.0,0.0,1.0,1.0,0.0,1.0
-134,0.0,0.0,0.0,0.0,17.0,0.0,0.0,0.0,0.0,1.0,14.0,5.0,1.0,0.0,1.0,1.0,0.0,1.0
-133,0.0,0.0,0.0,0.0,17.0,0.0,0.0,0.0,0.0,1.0,14.0,5.0,1.0,0.0,1.0,1.0,0.0,1.0
-132,0.0,0.0,0.0,0.0,17.0,0.0,0.0,0.0,0.0,1.0,14.0,5.0,1.0,0.0,1.0,1.0,0.0,1.0
-131,0.0,0.0,0.0,0.0,17.0,0.0,0.0,0.0,0.0,1.0,14.0,5.0,1.0,0.0,1.0,1.0,0.0,1.0
-130,0.0,0.0,0.0,0.0,17.0,0.0,0.0,0.0,0.0,1.0,14.0,5.0,1.0,0.0,1.0,1.0,0.0,1.0
-129,0.0,0.0,0.0,0.0,17.0,0.0,0.0,0.0,0.0,1.0,14.0,5.0,1.0,0.0,1.0,1.0,0.0,1.0
-128,0.0,0.0,0.0,0.0,17.0,0.0,0.0,0.0,0.0,1.0,14.0,5.0,1.0,0.0,1.0,1.0,0.0,1.0
-127,0.0,0.0,0.0,0.0,17.0,0.0,0.0,0.0,0.0,1.0,14.0,5.0,1.0,0.0,1.0,1.0,0.0,1.0
-126,0.0,0.0,0.0,0.0,17.0,0.0,0.0,0.0,0.0,1.0,14.0,5.0,1.0,0.0,1.0,1.0,0.0,1.0
-125,0.0,0.0,0.0,0.0,17.0,0.0,0.0,0.0,0.0,1.0,14.0,5.0,1.0,0.0,1.0,1.0,0.0,1.0
-124,0.0,0.0,0.0,0.0,17.0,0.0,0.0,0.0,0.0,1.0,14.0,5.0,1.0,0.0,1.0,1.0,0.0,1.0
-123,0.0,0.0,0.0,0.0,17.0,0.0,0.0,0.0,0.0,1.0,14.0,5.0,1.0,0.0,1.0,1.0,0.0,1.0
-122,0.0,0.0,0.0,0.0,17.0,0.0,0.0,0.0,0.0,1.0,14.0,5.0,1.0,0.0,1.0,1.0,0.0,1.0
-121,0.0,0.0,0.0,0.0,17.0,0.0,0.0,0.0,0.0,1.0,14.0,5.0,1.0,0.0,1.0,1.0,0.0,1.0
-120,0.0,0.0,0.0,0.0,17.0,0.0,0.0,0.0,0.0,1.0,14.0,5.0,1.0,0.0,1.0,1.0,0.0,1.0
-119,0.0,0.0,0.0,0.0,17.0,0.0,0.0,0.0,0.0,1.0,14.0,5.0,1.0,0.0,1.0,1.0,0.0,1.0
-118,0.0,0.0,0.0,0.0,17.0,0.0,0.0,0.0,0.0,1.0,14.0,5.0,1.0,0.0,1.0,1.0,0.0,1.0
-117,0.0,0.0,0.0,0.0,17.0,0.0,0.0,0.0,0.0,1.0,14.0,5.0,1.0,0.0,1.0,1.0,0.0,1.0
-116,0.0,0.0,0.0,0.0,17.0,0.0,0.0,0.0,0.0,1.0,14.0,5.0,1.0,0.0,1.0,1.0,0.0,1.0
-115,0.0,0.0,0.0,0.0,17.0,0.0,0.0,0.0,0.0,1.0,14.0,5.0,1.0,0.0,1.0,1.0,0.0,1.0
-114,0.0,0.0,0.0,0.0,17.0,0.0,0.0,0.0,0.0,1.0,14.0,5.0,1.0,0.0,1.0,1.0,0.0,1.0
-113,0.0,0.0,0.0,0.0,17.0,0.0,0.0,0.0,0.0,1.0,14.0,5.0,1.0,0.0,1.0,1.0,0.0,1.0
-112,0.0,0.0,0.0,0.0,17.0,0.0,0.0,0.0,0.0,1.0,14.0,5.0,1.0,0.0,1.0,1.0,0.0,1.0
-111,0.0,0.0,0.0,0.0,17.0,0.0,0.0,0.0,0.0,1.0,14.0,5.0,1.0,0.0,1.0,1.0,0.0,1.0
-110,0.0,0.0,0.0,0.0,17.0,0.0,0.0,0.0,0.0,1.0,14.0,5.0,1.0,0.0,1.0,1.0,0.0,1.0
-109,0.0,0.0,0.0,0.0,17.0,0.0,0.0,0.0,0.0,1.0,14.0,5.0,1.0,0.0,1.0,1.0,0.0,1.0
-108,0.0,0.0,0.0,0.0,17.0,0.0,0.0,0.0,0.0,1.0,14.0,5.0,1.0,0.0,1.0,1.0,0.0,1.0
-107,0.0,0.0,0.0,0.0,17.0,0.0,0.0,0.0,0.0,1.0,14.0,5.0,1.0,0.0,1.0,1.0,0.0,1.0
-106,0.0,0.0,0.0,0.0,17.0,0.0,0.0,0.0,0.0,1.0,14.0,5.0,1.0,0.0,1.0,1.0,0.0,1.0
-105,0.0,0.0,0.0,0.0,17.0,0.0,0.0,0.0,0.0,1.0,14.0,5.0,1.0,0.0,1.0,1.0,0.0,1.0
-104,0.0,0.0,0.0,0.0,17.0,0.0,0.0,0.0,0.0,1.0,14.0,5.0,1.0,0.0,1.0,1.0,0.0,1.0
-103,0.0,0.0,0.0,0.0,17.0,0.0,0.0,0.0,0.0,1.0,14.0,5.0,1.0,0.0,1.0,1.0,0.0,1.0
-102,0.0,0.0,0.0,0.0,17.0,0.0,0.0,0.0,0.0,1.0,14.0,5.0,1.0,0.0,1.0,1.0,0.0,1.0
-101,0.0,0.0,0.0,0.0,17.0,0.0,0.0,0.0,0.0,1.0,14.0,5.0,1.0,0.0,1.0,1.0,0.0,1.0
-100,0.0,0.0,0.0,0.0,17.0,0.0,0.0,0.0,0.0,1.0,14.0,5.0,1.0,0.0,1.0,1.0,0.0,1.0
-99,0.0,0.0,0.0,0.0,17.0,0.0,0.0,0.0,0.0,1.0,14.0,5.0,1.0,0.0,1.0,1.0,0.0,1.0
-98,0.0,0.0,0.0,0.0,17.0,0.0,0.0,0.0,0.0,1.0,14.0,5.0,1.0,0.0,1.0,1.0,0.0,1.0
-97,0.0,0.0,0.0,0.0,17.0,0.0,0.0,0.0,0.0,1.0,14.0,5.0,1.0,0.0,1.0,1.0,0.0,1.0
-96,0.0,0.0,0.0,0.0,17.0,0.0,0.0,0.0,0.0,1.0,14.0,5.0,1.0,0.0,1.0,1.0,0.0,1.0
-95,0.0,0.0,0.0,0.0,17.0,0.0,0.0,0.0,0.0,1.0,14.0,5.0,1.0,0.0,1.0,1.0,0.0,1.0
-94,0.0,0.0,0.0,0.0,17.0,0.0,0.0,0.0,0.0,1.0,14.0,5.0,1.0,0.0,1.0,1.0,0.0,1.0
-93,0.0,0.0,0.0,0.0,17.0,0.0,0.0,0.0,0.0,1.0,14.0,5.0,1.0,0.0,1.0,1.0,0.0,1.0
-92,0.0,0.0,0.0,0.0,17.0,0.0,0.0,0.0,0.0,1.0,14.0,5.0,1.0,0.0,1.0,1.0,0.0,1.0
-91,0.0,0.0,0.0,0.0,17.0,0.0,0.0,0.0,0.0,1.0,14.0,5.0,1.0,0.0,1.0,1.0,0.0,1.0
-90,0.0,0.0,0.0,0.0,17.0,0.0,0.0,0.0,0.0,1.0,14.0,5.0,1.0,0.0,1.0,1.0,0.0,1.0
-89,0.0,0.0,0.0,0.0,17.0,0.0,0.0,0.0,0.0,1.0,14.0,5.0,1.0,0.0,1.0,1.0,0.0,1.0
-88,0.0,0.0,0.0,0.0,17.0,0.0,0.0,0.0,0.0,1.0,14.0,5.0,1.0,0.0,1.0,1.0,0.0,1.0
-87,0.0,0.0,0.0,0.0,17.0,0.0,0.0,0.0,0.0,1.0,14.0,5.0,1.0,0.0,1.0,1.0,0.0,1.0
-86,0.0,0.0,0.0,0.0,17.0,0.0,0.0,0.0,0.0,1.0,14.0,5.0,1.0,0.0,1.0,1.0,0.0,1.0
-85,0.0,0.0,0.0,0.0,17.0,0.0,0.0,0.0,0.0,1.0,14.0,5.0,1.0,0.0,1.0,1.0,0.0,0.9714285714285714
-84,0.0,0.0,0.0,0.0,17.0,0.0,0.0,0.0,0.0,1.0,14.0,5.0,1.0,0.0,1.0,1.0,0.0,0.9428571428571428
-83,0.0,0.0,0.0,0.0,17.0,0.0,0.0,0.0,0.0,1.0,14.0,5.0,1.0,0.0,1.0,1.0,0.0,0.9142857142857143
-82,0.0,0.0,0.0,0.0,16.46875,0.0,0.0,0.0,0.0,1.0,14.0,5.0,1.0,0.0,1.0,1.0,0.0,0.8857142857142857
-81,0.0,0.0,0.0,0.0,15.9375,0.0,0.0,0.0,0.0,1.0,14.0,5.0,1.0,0.0,1.0,1.0,0.0,0.8571428571428572
-80,0.0,0.0,0.0,0.0,15.40625,0.0,0.0,0.0,0.0,1.0,14.0,5.0,1.0,0.0,1.0,1.0,0.0,0.8285714285714285
-79,0.0,0.0,0.0,0.0,14.875,0.0,0.0,0.0,0.0,1.0,14.0,5.0,1.0,0.0,1.0,1.0,0.0,0.8
-78,0.0,0.0,0.0,0.0,14.34375,0.0,0.0,0.0,0.0,1.0,14.0,5.0,1.0,0.0,1.0,1.0,0.0,0.7714285714285715
-77,0.0,0.0,0.0,0.0,13.8125,0.0,0.0,0.0,0.0,1.0,14.0,5.0,1.0,0.0,1.0,1.0,0.0,0.7428571428571429
-76,0.0,0.0,0.0,0.0,13.28125,0.0,0.0,0.0,0.0,1.0,14.0,5.0,1.0,0.0,1.0,1.0,0.0,0.7142857142857143
-75,0.0,0.0,0.0,0.0,12.75,0.0,0.0,0.0,0.0,1.0,14.0,5.0,1.0,0.0,1.0,1.0,0.0,0.6857142857142857
-74,0.0,0.0,0.0,0.0,12.21875,0.0,0.0,0.0,0.0,1.0,14.0,5.0,1.0,0.0,1.0,1.0,0.0,0.6571428571428571
-73,0.0,0.0,0.0,0.0,11.6875,0.0,0.0,0.0,0.0,1.0,14.0,5.0,1.0,0.0,1.0,1.0,0.0,0.6285714285714286
-72,0.0,0.0,0.0,0.0,11.15625,0.0,0.0,0.0,0.0,1.0,14.0,5.0,1.0,0.0,1.0,1.0,0.0,0.6000000000000001
-71,0.0,0.0,0.0,0.0,10.625,0.0,0.0,0.0,0.0,1.0,14.0,5.0,1.0,0.0,1.0,1.0,0.0,0.5714285714285714
-70,0.0,0.0,0.0,0.0,10.09375,0.0,0.0,0.0,0.0,1.0,14.0,5.0,1.0,0.0,1.0,1.0,0.0,0.5428571428571429
-69,0.0,0.0,0.0,0.0,9.5625,0.0,0.0,0.0,0.0,1.0,14.0,5.0,1.0,0.0,1.0,1.0,0.0,0.5142857142857142
-68,0.0,0.0,0.0,0.0,9.03125,0.0,0.0,0.0,0.0,1.0,14.0,5.0,1.0,0.0,1.0,1.0,0.0,0.48571428571428577
-67,0.0,0.0,0.0,0.0,8.5,0.0,0.0,0.0,0.0,1.0,14.0,5.0,1.0,0.0,1.0,1.0,0.0,0.4571428571428572
-66,0.0,0.0,0.0,0.0,7.96875,0.0,0.0,0.0,0.0,1.0,14.0,5.0,1.0,0.0,1.0,1.0,0.0,0.4285714285714286
-65,0.0,0.0,0.0,0.0,7.4375,0.0,0.0,0.0,0.0,1.0,14.0,5.0,1.0,0.0,1.0,1.0,0.0,0.4
-64,0.0,0.0,0.0,0.0,6.90625,0.0,0.0,0.0,0.0,1.0,14.0,5.0,1.0,0.0,1.0,1.0,0.0,0.37142857142857144
-63,0.0,0.0,0.0,0.0,6.375,0.0,0.0,0.0,0.0,1.0,14.0,5.0,1.0,0.0,1.0,1.0,0.0,0.34285714285714286
-62,0.0,0.0,0.0,0.0,5.84375,0.0,0.0,0.0,0.0,1.0,14.0,5.0,1.0,0.0,1.0,1.0,0.0,0.3142857142857143
-61,0.0,0.0,0.0,0.0,5.3125,0.0,0.0,0.0,0.0,1.0,14.0,5.0,1.0,0.0,1.0,1.0,0.0,0.2857142857142857
-60,0.0,0.0,0.0,0.0,4.78125,0.0,0.0,0.0,0.0,1.0,14.0,5.0,1.0,0.0,1.0,1.0,0.0,0.2571428571428571
-59,0.0,0.0,0.0,0.0,4.25,0.0,0.0,0.0,0.0,1.0,14.0,5.0,1.0,0.0,1.0,1.0,0.0,0.22857142857142865
-58,0.0,0.0,0.0,0.0,3.71875,0.0,0.0,0.0,0.0,1.0,14.0,5.0,1.0,0.0,1.0,1.0,0.0,0.20000000000000007
-57,0.0,0.0,0.0,0.0,3.1875,0.0,0.0,0.0,0.0,1.0,14.0,5.0,1.0,0.0,1.0,1.0,0.0,0.17142857142857149
-56,0.0,0.0,0.0,0.0,2.65625,0.0,0.0,0.0,0.0,1.0,14.0,5.0,1.0,0.0,1.0,1.0,0.0,0.1428571428571429
-55,0.0,0.0,0.0,0.0,2.125,0.0,0.0,0.0,0.0,1.0,14.0,5.0,1.0,0.0,1.0,1.0,0.0,0.11428571428571432
-54,0.0,0.0,0.0,0.0,1.59375,0.0,0.0,0.0,0.0,1.0,14.0,5.0,1.0,0.0,1.0,1.0,0.0,0.08571428571428574
-53,0.0,0.0,0.0,0.0,1.0625,0.0,0.0,0.0,0.0,1.0,14.0,5.0,1.0,0.0,1.0,1.0,0.0,0.05714285714285716
-52,0.0,0.0,0.0,0.0,0.53125,0.0,0.0,0.0,0.0,1.0,14.0,5.0,1.0,0.0,1.0,1.0,0.0,0.02857142857142858
-51,0.0,0.0,0.0,0.0,0.0,0.0,0.0,0.0,0.0,1.0,14.0,5.0,1.0,0.0,1.0,1.0,0.0,0.0
-50,0.0,0.0,0.0,0.0,0.0,0.0,0.0,0.0,0.0,1.0,14.0,5.0,1.0,0.0,1.0,1.0,0.0,0.0
-49,0.0,0.0,0.0,0.0,0.0,0.0,0.0,0.0,0.0,1.0,14.0,5.0,1.0,0.0,1.0,1.0,0.0,0.0
-48,0.0,0.0,0.0,0.0,0.0,0.0,0.0,0.0,0.0,1.0,14.0,5.0,1.0,0.0,1.0,1.0,0.0,0.0
-47,0.0,0.0,0.0,0.0,0.0,0.0,0.0,0.0,0.0,1.0,14.0,5.0,1.0,0.0,1.0,1.0,0.0,0.0
-46,0.0,0.0,0.0,0.0,0.0,0.0,0.0,0.0,0.0,1.0,14.0,5.0,1.0,0.0,1.0,1.0,0.0,0.0
-45,0.0,0.0,0.0,0.0,0.0,0.0,0.0,0.0,0.0,1.0,14.0,5.0,1.0,0.0,0.9090909090909091,1.0,0.0,0.0
-44,0.0,0.0,0.0,0.0,0.0,0.0,0.0,0.0,0.0,1.0,14.0,5.0,1.0,0.0,0.8181818181818181,1.0,0.0,0.0
-43,0.0,0.0,0.0,0.0,0.0,0.0,0.0,0.0,0.0,1.0,14.0,5.0,1.0,0.0,0.7272727272727273,1.0,0.0,0.0
-42,0.0,0.0,0.0,0.0,0.0,0.0,0.0,0.0,0.0,1.0,14.0,5.0,1.0,0.0,0.6363636363636364,1.0,0.0,0.0
-41,0.0,0.0,0.0,0.0,0.0,0.0,0.0,0.0,0.0,1.0,14.0,5.0,1.0,0.0,0.5454545454545454,1.0,0.0,0.0
-40,0.0,0.0,0.0,0.0,0.0,0.0,0.0,0.0,0.0,1.0,14.0,5.0,1.0,0.0,0.4545454545454546,1.0,0.0,0.0
-39,0.0,0.0,0.0,0.0,0.0,0.0,0.0,0.0,0.0,1.0,14.0,5.0,1.1428571428571428,0.0,0.36363636363636365,1.0,0.0,0.0
-38,0.0,0.0,0.0,0.0,0.0,0.0,0.0,0.0,0.0,1.0,14.0,5.0,1.2857142857142856,0.0,0.2727272727272727,1.0,0.0,0.0
-37,0.0,0.0,0.0,0.0,0.0,0.0,0.0,0.0,0.0,1.0,14.0,5.0,1.4285714285714286,0.0,0.18181818181818177,1.0,0.0,0.0
-36,0.0,0.0,0.0,0.0,0.0,0.0,0.0,0.0,0.0,1.0,14.0,5.0,1.5714285714285714,0.0,0.09090909090909083,1.0,0.0,0.0
-35,0.0,0.0,0.0,0.0,0.0,0.0,0.0,0.0,0.0,1.0,14.0,5.0,1.7142857142857142,0.0,0.0,1.0,0.0,0.0
-34,0.0,0.0,0.0,0.0,0.0,0.0,0.0,0.0,0.0,1.0,14.0,5.0,1.8571428571428572,0.0,0.0,1.0,0.0,0.0
-33,0.0,0.0,0.0,0.0,0.0,0.0,0.0,0.0,0.0,1.0,14.0,5.0,2.0,0.0,0.0,1.0,0.0,0.0
-32,0.0,0.0,0.0,0.0,0.0,0.0,0.0,0.0,0.0,1.0,14.0,5.0,1.6666666666666667,0.0,0.0,1.0,0.0,0.0
-31,0.0,0.0,0.0,0.0,0.0,0.0,0.0,0.0,0.0,1.0,14.0,5.0,1.3333333333333335,0.0,0.0,1.0,0.0,0.0
-30,0.0,0.0,0.0,0.0,0.0,0.0,0.0,0.0,0.0,1.0,14.0,5.0,1.0,0.0,0.0,1.0,0.0,0.0
-29,0.0,0.0,0.0,0.0,0.0,0.0,0.0,0.0,0.0,1.0,14.0,5.0,1.0,0.0,0.0,1.0,0.0,0.0
-28,0.0,0.0,0.0,0.0,0.0,0.0,0.0,0.0,0.0,1.0,14.0,5.0,1.0,0.0,0.0,1.0,0.0,0.0
-27,0.0,0.0,0.0,0.0,0.0,0.0,0.0,0.0,0.0,1.0,14.0,5.0,1.0,0.0,0.0,1.0,0.0,0.0
-26,0.0,0.0,0.0,0.0,0.0,0.0,0.0,0.0,0.0,1.0,14.0,5.0,1.0,0.0,0.0,1.0,0.0,0.0
-25,0.0,0.0,0.0,0.0,0.0,0.0,0.0,0.0,0.0,1.0,14.0,5.0,1.0,0.0,0.0,1.0,0.0,0.0
-24,0.0,0.0,0.0,0.0,0.0,0.0,0.0,0.0,0.0,1.0,14.0,5.0,1.0,0.0,0.0,1.0,0.0,0.0
-23,0.0,0.0,0.0,0.0,0.0,0.0,0.0,0.0,0.0,1.0,14.0,5.0,1.0,0.0,0.0,1.0,0.0,0.0
-22,0.0,0.0,0.0,0.0,0.0,0.0,0.0,0.0,0.0,1.0,14.0,5.0,1.0909090909090908,0.0,0.0,1.0,0.0,0.0
-21,0.0,0.0,0.0,0.0,0.0,0.0,0.0,0.0,0.0,1.0,14.0,5.0,1.1818181818181819,0.0,0.0,1.0,0.0,0.0
-20,0.0,0.0,0.0,0.0,0.0,0.0,0.0,0.0,0.0,1.0,14.0,5.0,1.2727272727272727,0.0,0.0,1.0,0.0,0.0
-19,0.0,0.0,0.0,0.0,0.0,0.0,0.0,0.0,0.0,1.0,14.0,5.0,1.3636363636363638,0.0,0.0,1.0,0.0,0.0
-18,0.0,0.0,0.0,0.0,0.0,0.0,0.0,0.0,0.0,1.0,14.0,5.0,1.4545454545454546,0.0,0.0,1.0,0.0,0.0
-17,0.0,0.0,0.0,0.0,0.0,0.0,0.0,0.0,0.0,1.0,14.0,5.0,1.5454545454545454,0.0,0.0,1.0,0.0,0.0
-16,0.0,0.0,0.0,0.0,0.0,0.0,0.0,0.0,0.0,1.0,14.0,5.0,1.6363636363636362,0.0,0.0,1.0,0.0,0.0
-15,0.0,0.0,0.0,0.0,0.0,0.0,0.0,0.0,0.0,1.0,14.0,5.0,1.7272727272727273,0.0,0.0,1.0,0.0,0.0
-14,0.0,0.0,0.0,0.0,0.0,0.0,0.0,0.0,0.0,1.0,14.0,5.0,1.8181818181818183,0.0,0.0,1.0,0.18181818181818182,0.0
-13,0.0,0.0,0.0,0.0,0.0,0.0,0.0,0.0,0.0,1.0,14.0,5.0,1.9090909090909092,0.0,0.0,1.0,0.36363636363636365,0.0
-12,0.0,0.0,0.0,0.0,0.0,0.0,0.0,0.0,0.0,1.0,14.0,5.0,2.0,0.0,0.0,1.0,0.5454545454545454,0.0
-11,0.0,0.0,0.0,0.0,0.0,0.0,0.0,0.0,0.0,1.0,14.0,5.0,2.0,0.0,0.0,1.0,0.7272727272727273,0.0
-10,0.0,0.0,0.0,0.0,0.0,0.0,0.0,0.0,0.0,1.0,14.0,5.0,2.0,0.0,0.0,1.0,0.9090909090909092,0.0
-9,0.0,0.0,0.0,0.0,0.0,0.0,0.0,0.0,0.0,1.0,14.0,5.0,2.0,0.0,0.0,1.0,1.0909090909090908,0.0
-8,0.0,0.0,0.0,0.0,0.0,0.0,0.0,0.0,0.0,1.0,14.0,5.0,2.0,0.0,0.0,1.0,1.2727272727272727,0.0
-7,0.0,0.0,0.0,0.0,0.0,0.0,0.0,0.0,0.0,1.0,14.0,5.0,2.0,0.0,0.0,1.0,1.4545454545454546,0.0
-6,0.0,0.0,0.0,0.0,0.0,0.0,0.0,0.0,0.0,1.0,14.0,5.0,2.0,0.0,0.0,1.0,1.6363636363636365,0.0
-5,0.0,0.0,0.0,0.0,0.0,0.0,0.0,0.0,0.0,1.0,14.0,5.0,2.0,0.0,0.0,1.0,1.8181818181818183,0.0
-4,0.0,0.0,0.0,0.0,0.0,0.0,0.0,0.0,0.0,1.0,14.0,5.0,2.0,0.0,0.0,1.0,2.0,0.0
-3,0.0,0.0,0.0,0.0,0.0,0.0,0.0,0.0,0.0,1.0,14.0,5.0,2.0,0.0,0.0,1.0,2.0,0.0
-2,0.0,0.0,0.0,0.0,0.0,0.0,0.0,0.0,0.0,1.0,14.0,5.0,2.0,0.0,0.0,1.0,2.0,0.0
-1,0.0,0.0,0.0,0.0,0.0,0.0,0.0,0.0,0.0,1.0,14.0,5.0,2.0,0.0,0.0,1.0,2.0,0.0
0,0.0,0.0,0.0,0.0,0.0,0.0,0.0,0.0,0.0,1.0,14.0,5.0,2.0,0.0,0.0,1.0,2.0,0.0
1,0.0,0.0,0.0,0.0,0.0,0.0,0.0,0.0,0.0,1.0,14.0,5.0,2.0,0.0,0.0,1.0,2.0,0.0
2,0.0,0.0,0.0,0.0,0.0,0.0,0.0,0.0,0.0,1.0,14.0,5.0,2.0,0.0,0.0,1.0,2.0,0.0
3,0.0,0.0,0.0,0.0,0.0,0.0,0.0,0.0,0.0,1.0,14.0,5.0,2.0,0.0,0.0,1.0,2.0,0.0
4,0.0,0.0,0.0,0.0,0.0,0.0,0.0,0.0,0.0,1.0,14.0,5.0,2.0,0.0,0.0,1.0,2.0,0.0
5,0.0,0.0,0.0,0.0,0.0,0.0,0.0,0.0,0.0,1.0,14.0,5.0,2.0,0.0,0.0,1.0,2.0,0.0
6,0.0,0.0,0.0,0.0,0.0,0.0,0.0,0.0,0.0,1.0,14.0,5.0,2.0,0.0,0.0,1.0,2.0,0.0
7,0.0,0.0,0.0,0.0,0.0,0.0,0.0,0.0,0.0,1.0,14.0,5.0,2.0,0.0,0.0,1.0,2.0,0.0
8,0.0,0.0,0.0,0.0,0.0,0.0,0.0,0.0,0.0,1.0,14.0,5.0,2.0,0.0,0.0,1.0,2.0,0.0
9,0.0,0.0,0.0,0.0,0.0,0.0,0.0,0.0,0.0,1.0,14.0,5.0,2.0,0.0,0.0,1.0,2.0,0.0
10,0.0,0.0,0.0,0.0,0.0,0.0,0.0,0.0,0.0,1.0,14.0,5.0,2.0,0.0,0.0,1.0,2.0,0.0
11,0.0,0.0,0.0,0.0,0.0,0.0,0.0,0.0,0.0,1.0,14.0,5.0,2.0,0.0,0.0,1.0,2.0,0.0
12,0.0,0.0,0.0,0.0,0.0,0.0,0.0,0.0,0.0,1.0,14.0,5.0,2.0,0.0,0.0,1.0,2.0,0.0
13,0.0,0.0,0.0,0.0,0.0,0.0,0.0,0.0,0.0,1.0,14.0,5.0,2.0,0.0,0.0,1.0,2.142857142857143,0.0
14,0.0,0.0,0.0,0.0,0.0,0.0,0.0,0.0,0.0,1.0,14.0,5.0,2.0,0.0,0.0,1.0,2.2857142857142856,0.0
15,0.0,0.0,0.0,0.0,0.0,0.0,0.0,0.0,0.0,1.0,14.0,5.0,2.0,0.0,0.0,1.0,2.4285714285714284,0.0
16,0.0,0.0,0.0,0.0,0.0,0.0,0.0,0.0,0.0,1.0,14.0,5.0,2.0,0.0,0.0,1.0,2.571428571428571,0.0
17,0.0,0.0,0.0,0.0,0.0,0.0,0.0,0.0,0.0,1.0,14.0,5.0,2.0,0.0,0.0,1.0,2.7142857142857144,0.0
18,0.0,0.0,0.0,0.0,0.0,0.0,0.0,0.0,0.0,1.0,14.0,5.0,2.0,0.0,0.0,1.0,2.857142857142857,0.0
19,0.0,0.0,0.0,0.0,0.0,0.0,0.0,0.0,0.0,1.0,14.0,5.0,2.0,0.0,0.0,1.0,3.0,0.0
20,0.0,0.0,0.0,0.0,0.0,0.0,0.0,0.0,0.0,1.0,14.0,5.0,2.0,0.0,0.0,1.0,3.0,0.0
21,0.0,0.0,0.0,0.0,0.0,0.0,0.0,0.0,0.0,1.0,14.0,5.0,2.0,0.0,0.0,1.0,3.0,0.0
22,0.0,0.0,0.0,0.0,0.0,0.0,0.0,0.0,0.0,1.0,14.0,5.0,2.0,0.0,0.0,1.0,3.0,0.0
23,0.0,0.0,0.0,0.0,0.0,0.0,0.0,0.0,0.0,1.0,14.0,5.0,2.0,0.0,0.0,1.0,3.0,0.0
24,0.0,0.0,0.0,0.0,0.0,0.0,0.0,0.0,0.0,1.0,14.0,5.0,2.0,0.0,0.0,1.0,3.0,0.0
25,0.0,0.0,0.0,0.0,0.0,0.0,0.0,0.0,0.0,1.0,14.0,5.0,2.0,0.0,0.0,1.0,3.0,0.0
26,0.0,0.0,0.0,0.0,0.0,0.0,0.0,0.0,0.0,1.0,14.0,5.0,2.0,0.0,0.0,1.0,3.0,0.0
27,0.0,0.0,0.0,0.0,0.0,0.0,0.0,0.0,0.0,1.0,14.0,5.0,2.0,0.0,0.0,1.0,3.0,0.0
28,0.0,0.0,0.0,0.0,0.0,0.0,0.0,0.0,0.0,1.0,14.0,5.0,2.0,0.0,0.0,1.0,3.0,0.0
29,0.0,0.0,0.0,0.0,0.0,0.0,0.0,0.0,0.0,1.0,14.0,5.0,2.0,0.0,0.0,1.0,3.0,0.0
30,0.0,0.0,0.0,0.0,0.0,0.0,0.0,0.0,0.0,1.0,14.0,5.0,2.0,0.0,0.0,1.0,3.0,0.0
31,0.0,0.0,0.0,0.0,0.0,0.0,0.0,0.0,0.0,1.0,14.0,5.0,2.0,0.0,0.0,1.0,3.0,0.0
32,0.0,0.0,0.0,0.0,0.0,0.0,0.0,0.0,0.0,1.0,14.0,5.0,2.0,0.0,0.0,1.0,3.0,0.0
33,0.0,0.0,0.0,0.0,0.0,0.0,0.0,0.0,0.0,1.0,14.0,5.0,2.0,0.0,0.0,1.0,3.0,0.0
34,0.0,0.0,0.0,0.0,0.0,0.0,0.0,0.0,0.0,1.0,14.0,5.0,2.0,0.0,0.0,1.0,3.0,0.0
35,0.0,0.0,0.0,0.0,0.0,0.0,0.0,0.0,0.0,1.0,14.0,5.0,2.0,0.0,0.0,1.0,3.0,0.0
36,0.0,0.0,0.0,0.0,0.0,0.0,0.0,0.0,0.0,1.0,14.0,5.0,2.0,0.0,0.0,1.0,3.0,0.0
37,0.0,0.0,0.0,0.0,0.0,0.0,0.0,0.0,0.0,1.0,14.0,5.0,2.0,0.0,0.0,1.0,3.0,0.0
38,0.0,0.0,0.0,0.0,0.0,0.0,0.0,0.0,0.0,1.0,14.0,5.0,2.0,0.0,0.0,1.0,3.0,0.0
39,0.0,0.0,0.0,0.0,0.0,0.0,0.0,0.0,0.0,1.0,14.0,5.0,2.0,0.0,0.0,1.0,3.0,0.0
40,0.0,0.0,0.0,0.0,0.0,0.0,0.0,0.0,0.0,1.0,14.0,5.0,2.0,0.0,0.0,1.0,3.0,0.0
41,0.0,0.0,0.0,0.0,0.0,0.0,0.0,0.0,0.0,1.0,14.0,5.0,2.0,0.0,0.0,1.0,3.0,0.0
42,0.0,0.0,0.0,0.0,0.0,0.0,0.0,0.0,0.0,1.0,14.0,5.0,2.0,0.0,0.0,1.0,3.0,0.0
43,0.0,0.0,0.0,0.0,0.0,0.0,0.0,0.0,0.0,1.0,14.0,5.0,2.0,0.0,0.0,1.0,3.0,0.0
44,0.0,0.0,0.0,0.0,0.0,0.0,0.0,0.0,0.0,1.0,14.0,5.0,2.0,0.0,0.0,1.0,3.0,0.0
45,0.0,0.0,0.0,0.0,0.0,0.0,0.0,0.0,0.0,1.0,14.0,5.0,2.0,0.0,0.0,1.0,3.0,0.0
46,0.0,0.0,0.0,0.0,0.0,0.0,0.0,0.0,0.0,1.0,14.0,5.0,2.0,0.0,0.0,1.0,3.0,0.0
47,0.0,0.0,0.0,0.0,0.0,0.0,0.0,0.0,0.0,1.0,14.0,5.0,2.0,0.0,0.0,1.0,3.0,0.0
48,0.0,0.0,0.0,0.0,0.0,0.0,0.0,0.0,0.0,1.0,14.0,5.0,2.0,0.0,0.0,1.0,3.0,0.0
49,0.0,0.0,0.0,0.0,0.0,0.0,0.0,0.0,0.0,1.0,14.0,5.0,2.0,0.0,0.0,1.0,3.0,0.0
50,0.0,0.0,0.0,0.0,0.0,0.0,0.0,0.0,0.0,1.0,14.0,5.0,2.0,0.0,0.0,1.0,3.0,0.0
51,0.0,0.0,0.0,0.0,0.0,0.0,0.0,0.0,0.0,1.0,14.0,5.0,2.0,0.0,0.0,1.0,3.0,0.0
52,0.0,0.0,0.0,0.0,0.0,0.0,0.0,0.0,0.0,1.0,14.0,5.0,2.0,0.0,0.0,1.0,3.0,0.0
53,0.0,0.0,0.0,0.0,0.0,0.0,0.0,0.0,0.0,1.0,14.0,5.0,2.0,0.0,0.0,1.0,3.0,0.0
54,0.0,0.0,0.0,0.0,0.0,0.0,0.0,0.0,0.0,1.0,14.0,5.0,2.0,0.0,0.0,1.0,3.0,0.0
55,0.0,0.0,0.0,0.0,0.0,0.0,0.0,0.0,0.0,1.0,14.0,5.0,2.0,0.0,0.0,1.0,3.0,0.0
56,0.0,0.0,0.0,0.0,0.0,0.0,0.0,0.0,0.0,1.0,14.0,5.0,2.0,0.0,0.0,1.0,3.0,0.0
57,0.0,0.0,0.0,0.0,0.0,0.0,0.0,0.0,0.0,1.0,14.0,5.0,2.0,0.0,0.0,1.0,3.0,0.0
58,0.0,0.0,0.0,0.0,0.0,0.0,0.0,0.0,0.0,1.0,14.0,5.0,2.0,0.0,0.0,1.0,3.0,0.0
59,0.0,0.0,0.0,0.0,0.0,0.0,0.0,0.0,0.0,1.0,14.0,5.0,2.0,0.0,0.0,1.0,3.0,0.0
60,0.0,0.0,0.0,0.0,0.0,0.0,0.0,0.0,0.0,1.0,14.0,5.0,2.0,0.0,0.0,1.0,3.0,0.0
61,0.0,0.0,0.0,0.0,0.0,0.0,0.0,0.0,0.0,1.0,14.0,5.0,2.0,0.0,0.0,1.0,3.0,0.0
62,0.0,0.0,0.0,0.0,0.0,0.0,0.0,0.0,0.0,1.0,14.0,5.0,2.0,0.0,0.0,1.0,3.0,0.0
63,0.0,0.0,0.0,0.0,0.0,0.0,0.0,0.0,0.0,1.0,14.0,5.0,2.0,0.0,0.0,1.0,3.0,0.0
64,0.0,0.0,0.0,0.0,0.0,0.0,0.0,0.0,0.0,1.0,14.0,5.0,2.0,0.0,0.0,1.0,3.051282051282051,0.0
65,0.0,0.0,0.0,0.0,0.0,0.0,0.0,0.0,0.0,1.0,14.0,5.0,2.0,0.0,0.0,1.0,3.1025641025641026,0.0
66,0.0,0.0,0.0,0.0,0.0,0.0,0.0,0.0,0.0,1.0,14.0,5.0,2.0,0.0,0.0,1.0,3.1538461538461537,0.0
67,0.0,0.0,0.0,0.0,0.0,0.0,0.0,0.0,0.0,1.0,14.0,5.0,2.0,0.0,0.0,1.0,3.2051282051282053,0.0
68,0.0,0.0,0.0,0.0,0.0,0.0,0.0,0.0,0.0,1.0,14.0,5.0,2.0,0.0,0.0,1.0,3.2564102564102564,0.0
69,0.0,0.0,0.0,0.0,0.0,0.0,0.0,0.0,0.0,1.0,14.0,5.0,2.0,0.0,0.0,1.0,3.3076923076923075,0.0
70,0.0,0.0,0.0,0.0,0.0,0.0,0.0,0.0,0.0,1.0,14.0,5.0,2.0,0.0,0.0,1.0,3.358974358974359,0.0
71,0.0,0.0,0.0,0.0,0.0,0.0,0.0,0.0,0.0,1.0,14.0,5.0,2.0,0.0,0.0,1.0,3.41025641025641,0.0
72,0.0,0.0,0.0,0.0,0.0,0.0,0.0,0.0,0.0,1.0,14.0,5.0,2.0,0.0,0.0,1.0,3.4615384615384617,0.0
73,0.0,0.0,0.0,0.0,0.0,0.0,0.0,0.0,0.0,1.0,14.0,5.0,2.0,0.0,0.0,1.0,3.5128205128205128,0.0
74,0.0,0.0,0.0,0.0,0.0,0.0,0.0,0.0,0.0,1.0,14.0,5.0,2.0,0.0,0.0,1.0,3.564102564102564,0.0
75,0.0,0.0,0.0,0.0,0.0,0.0,0.0,0.0,0.0,1.0,14.0,5.0,2.0,0.0,0.0,1.0,3.6153846153846154,0.0
76,0.0,0.0,0.0,0.0,0.0,0.0,0.0,0.0,0.0,1.0,14.0,5.0,2.0,0.0,0.0,1.0,3.6666666666666665,0.0
77,0.0,0.0,0.0,0.0,0.0,0.0,0.0,0.0,0.0,1.0,14.0,5.0,2.0,0.0,0.0,1.0,3.717948717948718,0.0
78,0.0,0.0,0.0,0.0,0.0,0.0,0.0,0.0,0.0,1.0,14.0,5.0,2.0,0.0,0.0,1.0,3.769230769230769,0.0
79,0.0,0.0,0.0,0.0,0.0,0.0,0.0,0.0,0.0,1.0,14.0,5.0,2.0,0.0,0.0,1.0,3.8205128205128203,0.0
80,0.0,0.0,0.0,0.0,0.0,0.0,0.0,0.0,0.0,1.0,14.0,5.0,2.0,0.0,0.0,1.0,3.871794871794872,0.0
81,0.0,0.0,0.0,0.0,0.0,0.0,0.0,0.0,0.0,1.0,14.0,5.0,2.0,0.0,0.0,1.0,3.923076923076923,0.0
82,0.0,0.0,0.0,0.0,0.0,0.0,0.0,0.0,0.0,1.0,14.0,5.0,2.0,0.0,0.0,1.0,3.9743589743589745,0.0
83,0.0,0.0,0.0,0.0,0.0,0.0,0.0,0.0,0.0,1.0,14.0,5.0,2.0,0.0,0.0,1.0,4.0256410256410255,0.0
84,0.0,0.0,0.0,0.0,0.0,0.0,0.0,0.0,0.0,1.0,14.0,5.0,2.0,0.0,0.0,1.0,4.076923076923077,0.0
85,0.0,0.0,0.0,0.0,0.0,0.0,0.0,0.0,0.0,1.0,14.0,5.0,2.0,0.0,0.0,1.0,4.128205128205128,0.0
86,0.0,0.0,0.0,0.0,0.0,0.0,0.0,0.0,0.0,1.0,14.0,5.0,2.0,0.0,0.0,1.0,4.17948717948718,0.0
87,0.0,0.0,0.0,0.0,0.0,0.0,0.0,0.0,0.0,1.0,14.0,5.0,2.0,0.0,0.0,1.0,4.230769230769231,0.0
88,0.0,0.0,0.0,0.0,0.0,0.0,0.0,0.0,0.0,1.0,14.0,5.0,2.0,0.0,0.0,1.0,4.282051282051282,0.0
89,0.0,0.0,0.0,0.0,0.0,0.0,0.0,0.0,0.0,1.0,14.0,5.0,2.0,0.0,0.0,1.0,4.333333333333333,0.0
90,0.0,0.0,0.0,0.0,0.0,0.0,0.0,0.0,0.0,1.0,14.0,5.0,2.0,0.0,0.0,1.0,4.384615384615385,0.0
91,0.0,0.0,0.0,0.0,0.0,0.0,0.0,0.0,0.0,1.0,14.0,5.0,2.0,0.0,0.0,1.0,4.435897435897436,0.0
92,0.0,0.0,0.0,0.0,0.0,0.0,0.0,0.0,0.0,1.0,14.0,5.0,2.0,0.0,0.0,1.0,4.487179487179487,0.0
93,0.0,0.0,0.0,0.0,0.0,0.0,0.0,0.0,0.0,1.0,14.0,5.0,2.0,0.0,0.0,1.0,4.538461538461538,0.0
94,0.0,0.0,0.0,0.0,0.0,0.0,0.0,0.0,0.0,1.0,14.0,5.0,2.0,0.0,0.0,1.0,4.589743589743589,0.0
95,0.0,0.0,0.0,0.0,0.0,0.0,0.0,0.0,0.0,1.0,14.0,5.0,2.0,0.0,0.0,1.0,4.6410256410256405,0.0
96,0.0,0.0,0.0,0.0,0.0,0.0,0.0,0.0,0.0,1.0,14.0,5.0,2.0,0.0,0.0,1.0,4.6923076923076925,0.0
97,0.0,0.0,0.0,0.0,0.0,0.0,0.0,0.0,0.0,1.0,14.0,5.0,2.0,0.0,0.0,1.0,4.743589743589744,0.0
98,0.0,0.0,0.0,0.0,0.0,0.0,0.0,0.0,0.0,1.0,14.0,5.0,2.0,0.0,0.0,1.0,4.794871794871795,0.0
99,0.0,0.0,0.0,0.0,0.0,0.0,0.0,0.0,0.0,1.0,14.0,5.0,2.0,0.0,0.0,1.0,4.846153846153846,0.0
100,0.0,0.0,0.0,0.0,0.0,0.0,0.0,0.0,0.0,1.0,14.0,5.0,2.0,0.0,0.0,1.0,4.897435897435898,0.0
101,0.0,0.0,0.0,0.0,0.0,0.0,0.0,0.0,0.0,1.0,14.0,5.0,2.0,0.0,0.0,1.0,4.948717948717949,0.0
102,0.0,0.0,0.0,0.0,0.0,0.0,0.0,0.0,0.0,1.0,14.0,5.0,2.0,0.0,0.0,1.0,5.0,0.0
103,0.0,0.0,0.0,0.0,0.0,0.0,0.0,0.0,0.0,1.0,14.0,5.0,2.0,0.0,0.0,1.0,5.0,0.0
104,0.0,0.0,0.0,0.0,0.0,0.0,0.0,0.0,0.0,1.0,14.0,5.0,2.0,0.0,0.0,1.0,5.0,0.0
105,0.0,0.0,0.0,0.0,0.0,0.0,0.0,0.0,0.0,1.0,14.0,5.0,2.0,0.0,0.0,1.0,5.0,0.0
106,0.0,0.0,0.0,0.0,0.0,0.0,0.0,0.0,0.0,1.0,14.0,5.0,2.0,0.0,0.0,1.0,5.0,0.0
107,0.0,0.0,0.0,0.0,0.0,0.0,0.0,0.0,0.0,1.0,14.0,5.0,2.0,0.0,0.0,1.0,5.0,0.0
108,0.0,0.0,0.0,0.0,0.0,0.0,0.0,0.0,0.0,1.0,14.0,5.0,2.0,0.0,0.0,1.0,5.0,0.0
109,0.0,0.0,0.0,0.0,0.0,0.0,0.0,0.0,0.0,1.0,14.0,5.0,2.0,0.0,0.0,1.0,5.0,0.0
110,0.0,0.0,0.0,0.0,0.0,0.0,0.0,0.0,0.0,1.0,14.0,5.0,2.0,0.0,0.0,1.0,5.0,0.0
111,0.0,0.0,0.0,0.0,0.0,0.0,0.0,0.0,0.0,1.0,14.0,5.0,2.0,0.0,0.0,1.0,5.0,0.0
112,0.0,0.0,0.0,0.0,0.0,0.0,0.0,0.0,0.0,1.0,14.0,5.0,2.0,0.0,0.0,1.0,5.0,0.0
113,0.0,0.0,0.0,0.0,0.0,0.0,0.0,0.0,0.0,1.0,14.0,5.0,2.0,0.0,0.0,1.0,5.0,0.0
114,0.0,0.0,0.0,0.0,0.0,0.0,0.0,0.0,0.0,1.0,14.0,5.0,2.0,0.0,0.0,1.0,5.0,0.0
115,0.0,0.0,0.0,0.0,0.0,0.0,0.0,0.0,0.0,1.0,14.0,5.0,2.0,0.0,0.0,1.0,5.0,0.0
116,0.0,0.0,0.0,0.0,0.0,0.0,0.0,0.0,0.0,1.0,14.0,5.0,2.0,0.0,0.0,1.0,5.0,0.0
117,0.0,0.0,0.0,0.0,0.0,0.0,0.0,0.0,0.0,1.0,14.0,5.0,2.0,0.0,0.0,1.0,5.0,0.0
118,0.0,0.0,0.0,0.0,0.0,0.0,0.0,0.0,0.0,1.0,14.0,5.0,2.0,0.0,0.0,1.0,5.0,0.0
119,0.0,0.0,0.0,0.0,0.0,0.0,0.0,0.0,0.0,1.0,14.0,5.0,2.0,0.0,0.0,1.0,5.0,0.0
120,0.0,0.0,0.0,0.0,0.0,0.0,0.0,0.0,0.0,1.0,14.0,5.0,2.0,0.0,0.0,1.0,5.0,0.0
121,0.0,0.0,0.0,0.0,0.0,0.0,0.0,0.0,0.0,1.0,14.0,5.0,2.0,0.0,0.0,1.0,5.0,0.0
122,0.0,0.0,0.0,0.0,0.0,0.0,0.0,0.0,0.0,1.0,14.0,5.0,2.0,0.0,0.0,1.0,5.0,0.0
123,0.0,0.0,0.0,0.0,0.0,0.0,0.0,0.0,0.0,1.0,14.0,5.0,2.0,0.0,0.0,1.0,5.0,0.0
124,0.0,0.0,0.0,0.0,0.0,0.0,0.0,0.0,0.0,1.0,14.0,5.0,2.0,0.0,0.0,1.0,5.0,0.0
125,0.0,0.0,0.0,0.0,0.0,0.0,0.0,0.0,0.0,1.0,14.0,5.0,2.0,0.0,0.0,1.0,5.0,0.0
126,0.0,0.0,0.14285714285714285,0.0,0.0,0.0,0.0,0.0,0.0,1.0,14.0,5.0,2.0,0.0,0.0,1.0,5.0,0.0
127,0.0,0.0,0.2857142857142857,0.0,0.0,0.0,0.0,0.0,0.0,1.0,14.0,5.0,2.0,0.0,0.0,1.0,5.0,0.0
128,0.0,0.0,0.42857142857142855,0.0,0.0,0.0,0.0,0.0,0.0,1.0,14.0,5.0,2.0,0.0,0.0,1.0,5.0,0.0
129,0.0,0.0,0.5714285714285714,0.0,0.0,0.0,0.0,0.0,0.0,1.0,14.0,5.0,2.0,0.0,0.0,1.0,5.0,0.0
130,0.0,0.0,0.7142857142857142,0.0,0.0,0.0,0.0,0.0,0.0,1.0,14.0,5.0,2.0,0.0,0.0,1.0,5.0,0.0
131,0.0,0.0,0.8571428571428571,0.0,0.0,0.0,0.0,0.0,0.0,1.0,14.0,5.0,2.0,0.0,0.0,1.0,5.0,0.0
132,0.0,0.0,1.0,0.0,0.0,0.0,0.0,0.0,0.0,1.0,14.0,5.0,2.0,0.0,0.0,1.0,5.0,0.0
133,0.0,0.0,1.0,0.0,0.0,0.0,0.0,0.0,0.0,1.0,14.0,5.0,2.0,0.0,0.0,1.0,5.0,0.0
134,0.0,0.0,1.0,0.0,0.0,0.0,0.0,0.0,0.0,1.0,14.0,5.0,2.0,0.0,0.0,1.0,5.0,0.0
135,0.0,0.0,1.0,0.0,0.0,0.0,0.0,0.0,0.0,1.0,14.0,5.0,2.0,0.0,0.0,1.0,5.0,0.0
136,0.0,0.0,1.0,0.0,0.0,0.0,0.0,0.0,0.0,1.0,14.0,5.0,2.0,0.0,0.0,1.0,5.0,0.0
137,0.0,0.0,1.0,0.0,0.0,0.0,0.0,0.0,0.0,1.0,14.0,5.0,2.0,0.0,0.0,1.0,5.0,0.0
138,0.0,0.0,1.0,0.0,0.0,0.0,0.0,0.0,0.0,1.0,14.0,5.0,2.0,0.0,0.0,1.0,5.0,0.0
139,0.0,0.0,1.0,0.0,0.0,0.0,0.0,0.0,0.0,1.0,14.0,5.0,2.0,0.0,0.0,1.0,5.0,0.0
140,0.0,0.0,1.0,0.0,0.0,0.0,0.0,0.0,0.0,1.0,14.0,5.0,2.0,0.0,0.0,1.0,5.0,0.0
141,0.0,0.0,1.0,0.0,0.0,0.0,0.0,0.0,0.0,1.0,14.0,5.0,2.0,0.0,0.0,1.0,5.0,0.0
142,0.0,0.0,1.0,0.0,0.0,0.0,0.0,0.0,0.0,1.0,14.0,5.0,2.0,0.0,0.0,1.0,5.0,0.0
143,0.0,0.0,1.0,0.0,0.0,0.0,0.0,0.0,0.0,1.0,14.0,5.0,2.0,0.0,0.0,1.0,5.0,0.0
144,0.0,0.0,1.0,0.0,0.0,0.0,0.0,0.0,0.0,1.0,14.0,5.0,2.0,0.0,0.0,1.0,5.0,0.0
145,0.0,0.0,1.0,0.0,0.0,0.0,0.0,0.0,0.0,1.0,14.0,5.0,2.0,0.0,0.0,1.0,5.0,0.0
146,0.0,0.0,1.0,0.0,0.0,0.0,0.0,0.0,0.0,1.0,14.0,5.0,2.0,0.0,0.0,1.0,5.0,0.0
147,0.0,0.0,1.0,0.0,0.0,0.0,0.0,0.0,0.0,1.0,14.0,5.0,2.0,0.0,0.0,1.0,5.0,0.0
148,0.0,0.0,1.0,0.0,0.0,0.0,0.0,0.0,0.0,1.0,14.0,5.0,2.0,0.0,0.0,1.0,5.0,0.0
149,0.0,0.0,1.0,0.0,0.0,0.0,0.0,0.0,0.0,1.0,14.0,5.0,2.0,0.0,0.0,1.0,5.0,0.0
150,0.0,0.0,1.0,0.0,0.0,0.0,0.0,0.0,0.0,1.0,14.0,5.0,2.0,0.0,0.0,1.0,5.0,0.0
151,0.0,0.0,1.0,0.0,0.0,0.0,0.0,0.0,0.0,1.0,14.0,5.0,2.0,0.0,0.0,1.0,5.0,0.0
152,0.0,0.0,1.0,0.0,0.0,0.0,0.0,0.0,0.0,1.0,14.0,5.0,2.0,0.0,0.0,1.0,5.0,0.0
153,0.0,0.0,1.0,0.0,0.0,0.0,0.0,0.0,0.0,1.0,14.0,5.0,2.0,0.0,0.0,1.0,5.0,0.0
154,0.0,0.0,1.0,0.0,0.0,0.0,0.0,0.0,0.0,1.0,14.0,5.0,2.0,0.0,0.0,1.0,5.0,0.0
155,0.0,0.0,1.0,0.0,0.0,0.0,0.0,0.0,0.0,1.0,14.0,5.0,2.0,0.0,0.0,1.0,5.0,0.0
156,0.0,0.0,1.0,0.0,0.0,0.0,0.0,0.0,0.0,1.0,14.0,5.0,2.0,0.0,0.0,1.0,5.0,0.0
157,0.0,0.0,1.0,0.0,0.0,0.0,0.0,0.0,0.0,1.0,14.0,5.0,2.0,0.0,0.0,1.0,5.0,0.0
158,0.0,0.0,1.0,0.0,0.0,0.0,0.0,0.0,0.0,1.0,14.0,5.0,2.0,0.0,0.0,1.0,5.0,0.0
159,0.0,0.0,1.0,0.0,0.0,0.0,0.0,0.0,0.0,1.0,14.0,5.0,2.0,0.0,0.0,1.0,5.0,0.0
160,0.0,0.0,1.0,0.0,0.0,0.0,0.0,0.0,0.0,1.0,14.0,5.0,2.0,0.0,0.0,1.0,5.0,0.0
161,0.0,0.0,1.0,0.0,0.0,0.0,0.0,0.0,0.0,1.0,14.0,5.0,2.0,0.0,0.0,1.0,5.0,0.0
162,0.0,0.0,1.0,0.0,0.0,0.0,0.0,0.0,0.0,1.0,14.0,5.0,2.0,0.0,0.0,1.0,5.0,0.0
163,0.0,0.0,1.0,0.0,0.0,0.0,0.0,0.0,0.0,1.0,14.0,5.0,2.0,0.0,0.0,1.0,5.0,0.0
164,0.0,0.0,1.0,0.0,0.0,0.0,0.0,0.0,0.0,1.0,14.0,5.0,2.0,0.0,0.0,1.0,5.0,0.0
165,0.0,0.0,1.0,0.0,0.0,0.0,0.0,0.0,0.0,1.0,14.0,5.0,2.0,0.0,0.0,1.0,5.0,0.0
166,0.0,0.0,1.0,0.0,0.0,0.0,0.0,0.0,0.0,1.0,14.0,5.0,2.0,0.0,0.0,1.0,5.0,0.0
167,0.0,0.0,1.0,0.0,0.0,0.0,0.0,0.0,0.0,1.0,14.0,5.0,2.0,0.0,0.0,1.0,5.0,0.0
168,0.0,0.0,1.0,0.0,0.0,0.0,0.0,0.0,0.0,1.0,14.0,5.0,2.0,0.0,0.0,1.0,5.0,0.0
169,0.0,0.0,1.0,0.0,0.0,0.0,0.0,0.0,0.0,1.0,14.0,5.0,2.0,0.0,0.0,1.0,5.0,0.0
170,0.0,0.0,1.0,0.0,0.0,0.0,0.0,0.0,0.0,1.0,14.0,5.0,2.0,0.0,0.0,1.0,5.0,0.0
171,0.0,0.0,1.0,0.0,0.0,0.0,0.0,0.0,0.0,1.0,14.0,5.0,2.0,0.0,0.0,1.0,5.0,0.0
172,0.0,0.0,1.0,0.0,0.0,0.0,0.0,0.0,0.0,1.0,14.0,5.0,2.0,0.0,0.0,1.0,5.0,0.0
173,0.0,0.0,1.0,0.0,0.0,0.0,0.0,0.0,0.0,1.0,14.0,5.0,2.0,0.0,0.0,1.0,5.0,0.0
174,0.0,0.0,1.0,0.0,0.0,0.0,0.0,0.0,0.0,1.0,14.0,5.0,2.0,0.0,0.0,1.0,5.0,0.0
175,0.0,0.0,1.0,0.0,0.0,0.0,0.0,0.0,0.0,1.0,14.0,5.0,2.0,0.0,0.0,1.0,5.0,0.0
176,0.0,0.0,1.0,0.0,0.0,0.0,0.0,0.0,0.0,1.0,14.0,5.0,2.0,0.0,0.0,1.0,5.0,0.0
177,0.0,0.0,1.0,0.0,0.0,0.0,0.0,0.0,0.0,1.0,14.0,5.0,2.0,0.0,0.0,1.0,5.0,0.0
178,0.0,0.0,1.0,0.0,0.0,0.0,0.0,0.0,0.0,1.0,14.0,5.0,2.0,0.0,0.0,1.0,5.0,0.0
179,0.0,0.0,1.0,0.0,0.0,0.0,0.0,0.0,0.0,1.0,14.0,5.0,2.0,0.0,0.0,1.0,5.0,0.0
180,0.0,0.0,1.0,0.0,0.0,0.0,0.0,0.0,0.0,1.0,14.0,5.0,2.0,0.0,0.0,1.0,5.0,0.0
181,0.0,0.0,1.0,0.0,0.0,0.0,0.0,0.0,0.0,1.0,14.0,5.0,2.0,0.0,0.0,1.0,5.0,0.0
182,0.0,0.0,1.0,0.0,0.0,0.0,0.0,0.0,0.0,1.0,14.0,5.0,2.0,0.0,0.0,1.0,5.0,0.0
183,0.0,0.0,1.0,0.0,0.0,0.0,0.0,0.0,0.0,1.0,14.0,5.0,2.0,0.0,0.0,1.0,5.0,0.0
184,0.0,0.0,1.0,0.0,0.0,0.0,0.0,0.0,0.0,1.0,14.0,5.0,2.0,0.0,0.0,1.0,5.0,0.0
185,0.0,0.0,1.0,0.0,0.0,0.0,0.0,0.0,0.0,1.0,14.0,5.0,2.0,0.0,0.0,1.0,5.0,0.0
186,0.0,0.0,1.0,0.0,0.0,0.0,0.0,0.0,0.0,1.0,14.0,5.0,2.0,0.0,0.0,1.0,5.0,0.0
187,0.0,0.0,1.0,0.0,0.0,0.0,0.0,0.0,0.0,1.0,14.0,5.0,2.0,0.0,0.0,1.0,5.0,0.0
188,0.0,0.0,1.0,0.0,0.0,0.0,0.0,0.0,0.0,1.0,14.0,5.0,2.0,0.0,0.0,1.0,5.0,0.0
189,0.0,0.0,1.0,0.0,0.0,0.0,0.0,0.0,0.0,1.0,14.0,5.0,2.0,0.0,0.0,1.0,5.0,0.0
190,0.0,0.0,1.0,0.0,0.0,0.0,0.0,0.0,0.0,1.0,14.0,5.0,2.0,0.0,0.0,1.0,5.0,0.0
191,0.0,0.0,1.0,0.0,0.0,0.0,0.0,0.0,0.0,1.0,14.0,5.0,2.0,0.0,0.0,1.0,5.0,0.0
192,0.0,0.0,1.0,0.0,0.0,0.0,0.0,0.0,0.0,1.0,14.0,5.0,2.0,0.0,0.0,1.0,5.0,0.0
193,0.0,0.0,1.0,0.0,0.0,0.0,0.0,0.0,0.0,1.0,14.0,5.0,2.0,0.0,0.0,1.0,5.0,0.0
194,0.0,0.0,1.0,0.0,0.0,0.0,0.0,0.0,0.0,1.0,14.0,5.0,2.0,0.0,0.0,1.0,5.0,0.0
195,0.0,0.0,1.0,0.0,0.0,0.0,0.0,0.0,0.0,1.0,14.0,5.0,2.0,0.0,0.0,1.0,5.0,0.0
196,0.0,0.0,1.0,0.0,0.0,0.0,0.0,0.0,0.0,1.0,14.0,5.0,2.0,0.0,0.0,1.0,5.0,0.0
197,0.0,0.0,1.0,0.0,0.0,0.0,0.0,0.0,0.0,1.0,14.0,5.0,2.0,0.0,0.0,1.0,5.0,0.0
198,0.0,0.0,1.0,0.0,0.0,0.0,0.0,0.0,0.0,1.0,14.0,5.0,2.0,0.0,0.0,1.0,5.0,0.0
199,0.0,0.0,1.0,0.0,0.0,0.0,0.0,0.0,0.0,1.0,14.0,5.0,2.0,0.0,0.0,1.0,5.0,0.0
200,0.0,0.0,1.0,0.0,0.0,0.0,0.0,0.0,0.0,1.0,14.0,5.0,2.0,0.0,0.0,1.0,5.0,0.0
