index,388803466,155083271,241069061,458422616,466410300,330104569,185270688,343698952,305507071,370732820,235723108
-500,12.0,0.0,0.0,0.7464285714285714,0.0,0.0,2.0,0.0,10.0,0.0,0.0
-499,12.0,0.0,0.0,0.7470238095238096,0.0,0.0,2.0,0.0,10.0,0.0,0.0
-498,12.0,0.0,0.0,0.7476190476190477,0.0,0.0,2.0,0.0,10.0,0.0,0.0
-497,12.0,0.0,0.0,0.7482142857142858,0.0,0.0,2.0,0.0,10.0,0.0,0.0
-496,12.0,0.0,0.0,0.7488095238095239,0.0,0.0,2.0,0.0,10.0,0.0,0.0
-495,12.0,0.0,0.0,0.749404761904762,0.0,0.0,2.0,0.0,10.0,0.0,0.0
-494,12.0,0.0,0.0,0.7500000000000001,0.0,0.0,2.0,0.0,10.0,0.0,0.0
-493,12.0,0.0,0.0,0.7505952380952382,0.0,0.0,2.0,0.0,10.0,0.0,0.0
-492,12.0,0.0,0.0,0.7511904761904763,0.0,0.0,2.0,0.0,10.0,0.0,0.0
-491,12.0,0.0,0.0,0.7517857142857144,0.0,0.0,2.0,0.0,10.0,0.0,0.0
-490,12.0,0.0,0.0,0.7523809523809525,0.0,0.0,2.0,0.0,10.0,0.0,0.0
-489,12.0,0.0,0.0,0.7529761904761906,0.0,0.0,2.0,0.0,10.0,0.0,0.0
-488,12.0,0.0,0.0,0.7535714285714287,0.0,0.0,2.0,0.0,10.0,0.0,0.0
-487,12.0,0.0,0.0,0.7541666666666668,0.0,0.0,2.0,0.0,10.0,0.0,0.0
-486,12.0,0.0,0.0,0.7547619047619049,0.0,0.0,2.0,0.0,10.0,0.0,0.0
-485,12.0,0.0,0.0,0.755357142857143,0.0,0.0,2.0,0.0,10.0,0.0,0.0
-484,12.0,0.0,0.0,0.755952380952381,0.0,0.0,2.0,0.0,10.0,0.0,0.0
-483,12.0,0.0,0.0,0.7565476190476191,0.0,0.0,2.0,0.0,10.0,0.0,0.0
-482,12.0,0.0,0.0,0.7571428571428572,0.0,0.0,2.0,0.0,10.0,0.0,0.0
-481,12.0,0.0,0.0,0.7577380952380953,0.0,0.0,2.0,0.0,10.0,0.0,0.0
-480,12.0,0.0,0.0,0.7583333333333334,0.0,0.0,2.0,0.0,10.0,0.0,0.0
-479,12.0,0.0,0.0,0.7589285714285715,0.0,0.0,2.0,0.0,10.0,0.0,0.0
-478,12.0,0.0,0.0,0.7595238095238096,0.0,0.0,2.0,0.0,10.0,0.0,0.0
-477,12.0,0.0,0.0,0.7601190476190477,0.0,0.0,2.0,0.0,10.0,0.0,0.0
-476,12.0,0.0,0.0,0.7607142857142858,0.0,0.0,2.0,0.0,10.0,0.0,0.0
-475,12.0,0.0,0.0,0.7613095238095239,0.0,0.0,2.0,0.0,10.0,0.0,0.0
-474,12.0,0.0,0.0,0.761904761904762,0.0,0.0,2.0,0.0,10.0,0.0,0.0
-473,12.0,0.0,0.0,0.7625000000000001,0.0,0.0,2.0,0.0,10.0,0.0,0.0
-472,12.0,0.0,0.0,0.7630952380952382,0.0,0.0,2.0,0.0,10.0,0.0,0.0
-471,12.0,0.0,0.0,0.7636904761904763,0.0,0.0,2.0,0.0,10.0,0.0,0.0
-470,12.0,0.0,0.0,0.7642857142857143,0.0,0.0,2.0,0.0,10.0,0.0,0.0
-469,12.0,0.0,0.0,0.7648809523809524,0.0,0.0,2.0,0.0,10.0,0.0,0.0
-468,12.0,0.0,0.0,0.7654761904761905,0.0,0.0,2.0,0.0,10.0,0.0,0.0
-467,12.0,0.0,0.0,0.7660714285714286,0.0,0.0,2.0,0.0,10.0,0.0,0.0
-466,12.0,0.0,0.0,0.7666666666666667,0.0,0.0,2.0,0.0,10.0,0.0,0.0
-465,12.0,0.0,0.0,0.7672619047619048,0.0,0.0,2.0,0.0,10.0,0.0,0.0
-464,12.0,0.0,0.0,0.7678571428571429,0.0,0.0,2.0,0.0,10.0,0.0,0.0
-463,12.0,0.0,0.0,0.768452380952381,0.0,0.0,2.0,0.0,10.0,0.0,0.0
-462,12.0,0.0,0.0,0.7690476190476191,0.0,0.0,2.0,0.0,10.0,0.0,0.0
-461,12.0,0.0,0.0,0.7696428571428572,0.0,0.0,2.0,0.0,10.0,0.0,0.0
-460,12.0,0.0,0.0,0.7702380952380953,0.0,0.0,2.0,0.0,10.0,0.0,0.0
-459,12.0,0.0,0.0,0.7708333333333334,0.0,0.0,2.0,0.0,10.0,0.0,0.0
-458,12.0,0.0,0.0,0.7714285714285715,0.0,0.0,2.0,0.0,10.0,0.0,0.0
-457,12.0,0.0,0.0,0.7720238095238096,0.0,0.0,2.0,0.0,10.0,0.0,0.0
-456,12.0,0.0,0.0,0.7726190476190476,0.0,0.0,2.0,0.0,10.0,0.0,0.0
-455,12.0,0.0,0.0,0.7732142857142857,0.0,0.0,2.0,0.0,10.0,0.0,0.0
-454,12.0,0.0,0.0,0.7738095238095238,0.0,0.0,2.0,0.0,10.0,0.0,0.0
-453,12.0,0.0,0.0,0.7744047619047619,0.0,0.0,2.0,0.0,10.444444444444445,0.0,0.0
-452,12.0,0.0,0.0,0.775,0.0,0.0,2.0,0.0,10.88888888888889,0.0,0.0
-451,12.0,0.0,0.0,0.7755952380952381,0.0,0.0,2.0,0.0,11.333333333333334,0.0,0.0
-450,12.0,0.0,0.0,0.7761904761904762,0.0,0.0,2.0,0.0,11.777777777777779,0.0,0.0
-449,12.0,0.0,0.0,0.7767857142857143,0.0,0.0,2.0,0.0,12.222222222222221,0.0,0.0
-448,12.0,0.0,0.0,0.7773809523809525,0.0,0.0,2.0,0.0,12.666666666666666,0.0,0.0
-447,12.0,0.0,0.0,0.7779761904761906,0.0,0.0,2.0,0.0,13.11111111111111,0.0,0.0
-446,12.0,0.0,0.0,0.7785714285714287,0.0,0.0,2.0,0.0,13.555555555555555,0.0,0.0
-445,12.0,0.0,0.0,0.7791666666666668,0.0,0.0,2.0,0.0,14.0,0.0,0.0
-444,12.0,0.0,0.0,0.7797619047619049,0.0,0.0,2.0,0.0,14.0,0.0,0.0
-443,12.0,0.0,0.0,0.780357142857143,0.0,0.0,2.0,0.0,14.0,0.0,0.0
-442,12.0,0.0,0.0,0.7809523809523811,0.0,0.0,2.0,0.0,14.0,0.0,0.0
-441,12.0,0.0,0.0,0.7815476190476192,0.0,0.0,2.0,0.0,14.0,0.0,0.0
-440,12.0,0.0,0.0,0.7821428571428573,0.0,0.0,2.0,0.0,14.0,0.0,0.0
-439,12.0,0.0,0.0,0.7827380952380953,0.0,0.0,2.0,0.0,14.0,0.0,0.0
-438,12.0,0.0,0.0,0.7833333333333334,0.0,0.0,2.0,0.0,14.0,0.0,0.0
-437,12.0,0.0,0.0,0.7839285714285715,0.0,0.0,2.0,0.0,14.0,0.0,0.0
-436,12.0,0.0,0.0,0.7845238095238096,0.0,0.0,2.0,0.0,14.0,0.0,0.0
-435,12.0,0.0,0.0,0.7851190476190477,0.0,0.0,2.0,0.0,14.0,0.0,0.0
-434,12.0,0.0,0.0,0.7857142857142858,0.0,0.0,2.0,0.0,14.0,0.0,0.0
-433,12.0,0.0,0.0,0.7863095238095239,0.0,0.0,2.0,0.0,14.0,0.0,0.0
-432,12.0,0.0,0.0,0.786904761904762,0.0,0.0,2.0,0.0,14.0,0.0,0.0
-431,12.0,0.0,0.0,0.7875000000000001,0.0,0.0,2.0,0.0,14.0,0.0,0.0
-430,12.0,0.0,0.0,0.7880952380952382,0.0,0.0,2.0,0.0,14.0,0.0,0.0
-429,12.0,0.0,0.0,0.7886904761904763,0.0,0.0,2.0,0.0,14.0,0.0,0.0
-428,12.0,0.0,0.0,0.7892857142857144,0.0,0.0,2.0,0.0,14.0,0.0,0.0
-427,12.0,0.0,0.0,0.7898809523809525,0.0,0.0,2.0,0.0,14.0,0.0,0.0
-426,12.0,0.0,0.0,0.7904761904761906,0.0,0.0,2.0,0.0,14.0,0.0,0.0
-425,12.0,0.0,0.0,0.7910714285714286,0.0,0.0,2.0,0.0,14.0,0.0,0.0
-424,12.0,0.0,0.0,0.7916666666666667,0.0,0.0,2.0,0.0,14.0,0.0,0.0
-423,12.0,0.0,0.0,0.7922619047619048,0.0,0.0,2.0,0.0,14.0,0.0,0.0
-422,12.0,0.0,0.0,0.7928571428571429,0.0,0.0,2.0392156862745097,0.0,14.0,0.0,0.0
-421,12.0,0.0,0.0,0.793452380952381,0.0,0.0,2.0784313725490198,0.0,14.0,0.0,0.0
-420,12.0,0.0,0.0,0.7940476190476191,0.0,0.0,2.1176470588235294,0.0,14.0,0.0,0.0
-419,12.0,0.0,0.0,0.7946428571428572,0.0,0.0,2.156862745098039,0.0,14.0,0.0,0.0
-418,12.0,0.0,0.0,0.7952380952380953,0.0,0.0,2.196078431372549,0.0,14.0,0.0,0.0
-417,12.0,0.0,0.0,0.7958333333333334,0.0,0.0,2.235294117647059,0.0,14.0,0.0,0.0
-416,12.0,0.0,0.0,0.7964285714285715,0.0,0.0,2.2745098039215685,0.0,14.0,0.0,0.0
-415,12.0,0.0,0.0,0.7970238095238096,0.0,0.0,2.313725490196078,0.0,14.0,0.0,0.0
-414,12.0,0.0,0.0,0.7976190476190477,0.0,0.0,2.3529411764705883,0.0,14.0,0.0,0.0
-413,12.0,0.0,0.0,0.7982142857142858,0.0,0.0,2.392156862745098,0.0,14.0,0.0,0.0
-412,12.0,0.0,0.0,0.7988095238095239,0.0,0.0,2.431372549019608,0.0,14.0,0.0,0.0
-411,12.0,0.0,0.0,0.799404761904762,0.0,0.0,2.4705882352941178,0.0,14.0,0.0,0.0
-410,12.0,0.0,0.0,0.8,0.0,0.0,2.5098039215686274,0.0,14.0,0.0,0.0
-409,12.0,0.0,0.0,0.8005952380952381,0.0,0.0,2.549019607843137,0.0,14.0,0.0,0.0
-408,12.0,0.0,0.0,0.8011904761904762,0.0,0.0,2.588235294117647,0.0,14.0,0.0,0.0
-407,12.0,0.0,0.0,0.8017857142857143,0.0,0.0,2.627450980392157,0.0,14.0,0.0,0.0
-406,12.0,0.0,0.0,0.8023809523809524,0.0,0.0,2.6666666666666665,0.0,14.0,0.0,0.0
-405,12.0,0.0,0.0,0.8029761904761905,0.0,0.0,2.7058823529411766,0.0,14.0,0.0,0.0
-404,12.0,0.0,0.0,0.8035714285714286,0.0,0.0,2.7450980392156863,0.0,14.0,0.0,0.0
-403,12.0,0.0,0.0,0.8041666666666667,0.0,0.0,2.784313725490196,0.0,14.0,0.0,0.0
-402,12.0,0.0,0.0,0.8047619047619048,0.0,0.0,2.8235294117647056,0.0,14.0,0.0,0.0
-401,12.0,0.0,0.0,0.8053571428571429,0.0,0.0,2.8627450980392157,0.0,14.0,0.0,0.0
-400,12.0,0.0,0.0,0.805952380952381,0.0,0.0,2.9019607843137254,0.0,14.035714285714286,0.0,0.0
-399,12.0,0.0,0.0,0.8065476190476191,0.0,0.0,2.9411764705882355,0.0,14.071428571428571,0.0,0.0
-398,12.0,0.0,0.0,0.8071428571428572,0.0,0.0,2.980392156862745,0.0,14.107142857142858,0.0,0.0
-397,12.0,0.0,0.0,0.8077380952380954,0.0,0.0,3.019607843137255,0.0,14.142857142857142,0.0,0.0
-396,12.0,0.0,0.0,0.8083333333333335,0.0,0.0,3.0588235294117645,0.0,14.178571428571429,0.0,0.0
-395,12.0,0.0,0.0,0.8089285714285716,0.0,0.0,3.0980392156862746,0.0,14.214285714285714,0.0,0.0
-394,12.0,0.0,0.0,0.8095238095238096,0.0,0.0,3.1372549019607843,0.0,14.25,0.0,0.0
-393,12.0,0.0,0.0,0.8101190476190477,0.0,0.0,3.1764705882352944,0.0,14.285714285714286,0.0,0.0
-392,12.0,0.0,0.0,0.8107142857142858,0.0,0.0,3.215686274509804,0.0,14.321428571428571,0.0,0.0
-391,12.0,0.0,0.0,0.8113095238095239,0.0,0.0,3.2549019607843137,0.0,14.357142857142858,0.0,0.0
-390,12.0,0.0,0.0,0.811904761904762,0.0,0.0,3.2941176470588234,0.0,14.392857142857142,0.0,0.0
-389,12.0,0.0,0.0,0.8125000000000001,0.0,0.0,3.333333333333333,0.0,14.428571428571429,0.0,0.0
-388,12.0,0.0,0.0,0.8130952380952382,0.0,0.0,3.372549019607843,0.0,14.464285714285714,0.0,0.0
-387,12.0,0.0,0.0,0.8136904761904763,0.0,0.0,3.411764705882353,0.0,14.5,0.0,0.0
-386,12.0,0.0,0.0,0.8142857142857144,0.0,0.0,3.450980392156863,0.0,14.535714285714286,0.0,0.0
-385,12.0,0.0,0.0,0.8148809523809525,0.0,0.0,3.4901960784313726,0.0,14.571428571428571,0.0,0.0
-384,12.0,0.0,0.0,0.8154761904761906,0.0,0.0,3.5294117647058822,0.0,14.607142857142858,0.0,0.0
-383,12.0,0.0,0.0,0.8160714285714287,0.0,0.0,3.568627450980392,0.0,14.642857142857142,0.0,0.0
-382,12.0,0.0,0.0,0.8166666666666668,0.0,0.0,3.607843137254902,0.0,14.678571428571429,0.0,0.0
-381,12.0,0.0,0.0,0.8172619047619049,0.0,0.0,3.6470588235294117,0.0,14.714285714285714,0.0,0.0
-380,12.0,0.0,0.0,0.817857142857143,0.0,0.0,3.686274509803922,0.0,14.75,0.0,0.0
-379,12.0,0.0,0.0,0.818452380952381,0.0,0.0,3.7254901960784315,0.0,14.785714285714286,0.0,0.0
-378,12.0,0.0,0.0,0.8190476190476191,0.0,0.0,3.764705882352941,0.0,14.821428571428571,0.0,0.0
-377,12.0,0.0,0.0,0.8196428571428572,0.0,0.0,3.803921568627451,0.0,14.857142857142858,0.0,0.0
-376,12.0,0.0,0.0,0.8202380952380953,0.0,0.0,3.8431372549019605,0.0,14.892857142857142,0.0,0.0
-375,12.0,0.0,0.0,0.8208333333333334,0.0,0.0,3.8823529411764706,0.0,14.928571428571429,0.0,0.0
-374,12.0,0.0,0.0,0.8214285714285715,0.0,0.0,3.9215686274509807,0.0,14.964285714285714,0.0,0.0
-373,12.0,0.0,0.0,0.8220238095238096,0.0,0.0,3.9607843137254903,0.0,15.0,0.0,0.0
-372,12.0,0.0,0.0,0.8226190476190477,0.0,0.0,4.0,0.0,15.035714285714285,0.0,0.0
-371,12.0,0.0,0.0,0.8232142857142858,0.0,0.0,3.75,0.0,15.071428571428571,0.0,0.0
-370,12.0,0.0,0.0,0.8238095238095239,0.0,0.0,3.5,0.0,15.107142857142858,0.0,0.0
-369,12.0,0.0,0.0,0.824404761904762,0.0,0.0,3.25,0.0,15.142857142857142,0.0,0.0
-368,12.0,0.0,0.0,0.8250000000000001,0.0,0.0,3.0,0.0,15.178571428571429,0.0,0.0
-367,12.0,0.0,0.0,0.8255952380952382,0.0,0.0,2.75,0.0,15.214285714285714,0.0,0.0
-366,12.0,0.0,0.0,0.8261904761904763,0.0,0.0,2.5,0.0,15.25,0.0,0.0
-365,12.0,0.0,0.0,0.8267857142857143,0.0,0.0,2.25,0.0,15.285714285714285,0.0,0.0
-364,12.0,0.0,0.0,0.8273809523809524,0.0,0.0,2.0,0.0,15.321428571428571,0.0,0.0
-363,12.0,0.0,0.0,0.8279761904761905,0.0,0.0,2.2857142857142856,0.0,15.357142857142858,0.0,0.0
-362,12.0,0.0,0.0,0.8285714285714286,0.0,0.0,2.571428571428571,0.0,15.392857142857142,0.0,0.0
-361,12.0,0.0,0.0,0.8291666666666667,0.0,0.0,2.857142857142857,0.0,15.428571428571429,0.0,0.0
-360,12.0,0.0,0.0,0.8297619047619048,0.0,0.0,3.142857142857143,0.0,15.464285714285714,0.0,0.0
-359,12.0,0.0,0.0,0.8303571428571429,0.0,0.0,3.4285714285714284,0.0,15.5,0.0,0.0
-358,12.0,0.0,0.0,0.830952380952381,0.0,0.0,3.7142857142857144,0.0,15.535714285714285,0.0,0.0
-357,12.0,0.0,0.0,0.8315476190476191,0.0,0.0,4.0,0.0,15.571428571428571,0.0,0.0
-356,12.0,0.0,0.0,0.8321428571428572,0.0,0.0,3.888888888888889,0.0,15.607142857142858,0.0,0.0
-355,12.0,0.0,0.0,0.8327380952380953,0.0,0.0,3.7777777777777777,0.0,15.642857142857142,0.0,0.0
-354,12.0,0.0,0.0,0.8333333333333334,0.0,0.0,3.6666666666666665,0.0,15.678571428571429,0.0,0.0
-353,12.0,0.0,0.0,0.8339285714285715,0.0,0.0,3.5555555555555554,0.0,15.714285714285714,0.0,0.0
-352,12.0,0.0,0.0,0.8345238095238096,0.0,0.0,3.4444444444444446,0.0,15.75,0.0,0.0
-351,12.0,0.0,0.0,0.8351190476190476,0.0,0.0,3.3333333333333335,0.0,15.785714285714285,0.0,0.0
-350,12.0,0.0,0.0,0.8357142857142857,0.0,0.0,3.2222222222222223,0.0,15.821428571428571,0.0,0.0
-349,12.0,0.0,0.0,0.8363095238095238,0.0,0.0,3.111111111111111,0.0,15.857142857142858,0.0,0.0
-348,12.0,0.0,0.0,0.8369047619047619,0.0,0.0,3.0,0.0,15.892857142857142,0.0,0.0
-347,12.0,0.0,0.0,0.8375,0.0,0.0,2.888888888888889,0.0,15.928571428571429,0.0,0.0
-346,12.0,0.0,0.0,0.8380952380952382,0.0,0.0,2.7777777777777777,0.0,15.964285714285714,0.0,0.0
-345,12.0,0.0,0.0,0.8386904761904763,0.0,0.0,2.666666666666667,0.0,16.0,0.0,0.0
-344,12.0,0.0,0.0,0.8392857142857144,0.0,0.0,2.5555555555555554,0.0,16.0,0.0,0.0
-343,12.0,0.0,0.0,0.8398809523809525,0.0,0.0,2.4444444444444446,0.0,16.0,0.0,0.0
-342,12.0,0.0,0.0,0.8404761904761906,0.0,0.0,2.3333333333333335,0.0,16.0,0.0,0.0
-341,12.0,0.0,0.0,0.8410714285714287,0.0,0.0,2.2222222222222223,0.0,16.0,0.0,0.14285714285714285
-340,12.0,0.0,0.0,0.8416666666666668,0.0,0.0,2.111111111111111,0.0,16.0,0.0,0.2857142857142857
-339,12.0,0.0,0.0,0.8422619047619049,0.0,0.0,2.0,0.0,16.0,0.0,0.42857142857142855
-338,12.0,0.0,0.0,0.842857142857143,0.0,0.0,2.0,0.0,16.0,0.0,0.5714285714285714
-337,12.0,0.0,0.0,0.8434523809523811,0.0,0.0,2.0,0.0,16.0,0.0,0.7142857142857142
-336,12.0,0.0,0.0,0.8440476190476192,0.0,0.0,2.0,0.0,16.0,0.0,0.8571428571428571
-335,12.0,0.0,0.0,0.8446428571428573,0.0,0.0,2.0,0.0,16.0,0.0,1.0
-334,12.0,0.0,0.0,0.8452380952380953,0.0,0.0,2.0,0.0,16.0,0.0,1.1428571428571428
-333,12.0,0.0,0.0,0.8458333333333334,0.0,0.0,2.0,0.0,16.0,0.0,1.2857142857142856
-332,12.0,0.0,0.0,0.8464285714285715,0.0,0.0,2.0,0.0,16.0,0.0,1.4285714285714286
-331,12.0,0.0,0.0,0.8470238095238096,0.0,0.0,2.0,0.0,16.0,0.0,1.5714285714285714
-330,12.0,0.0,0.0,0.8476190476190477,0.0,0.0,2.0,0.0,16.0,0.0,1.7142857142857142
-329,12.0,0.0,0.0,0.8482142857142858,0.0,0.0,2.0,0.0,16.0,0.0,1.8571428571428572
-328,12.0,0.0,0.0,0.8488095238095239,0.0,0.0,2.0,0.0,16.0,0.0,2.0
-327,12.0,0.0,0.0,0.849404761904762,0.0,0.0,2.0,0.0,16.0,0.0,2.0
-326,12.0,0.0,0.0,0.8500000000000001,0.0,0.0,2.0,0.0,16.0,0.0,2.0
-325,12.0,0.0,0.0,0.8505952380952382,0.0,0.0,2.0,0.0,16.0,0.0,2.0
-324,12.0,0.0,0.0,0.8511904761904763,0.0,0.0,2.0,0.0,16.0,0.0,2.0
-323,12.0,0.0,0.0,0.8517857142857144,0.0,0.0,2.0,0.0,16.0,0.0,2.0
-322,12.0,0.0,0.0,0.8523809523809525,0.0,0.0,2.0,0.0,16.0,0.0,2.0
-321,12.0,0.0,0.0,0.8529761904761906,0.0,0.0,2.0,0.0,16.0,0.0,2.0
-320,12.0,0.0,0.0,0.8535714285714286,0.0,0.0,2.0,0.0,16.0,0.0,2.0
-319,12.0,0.0,0.0,0.8541666666666667,0.0,0.0,2.0,0.0,16.0,0.0,2.0
-318,12.0,0.0,0.0,0.8547619047619048,0.0,0.0,2.0,0.0,16.0,0.0,2.0
-317,12.0,0.0,0.0,0.8553571428571429,0.0,0.0,2.0,0.0,16.0,0.0,2.0
-316,12.0,0.0,0.0,0.855952380952381,0.0,0.0,2.0,0.0,16.0,0.0,2.0
-315,12.0,0.0,0.0,0.8565476190476191,0.0,0.0,2.0,0.0,16.0,0.0,2.0
-314,12.0,0.0,0.0,0.8571428571428572,0.0,0.0,2.0,0.0,16.0,0.0,2.0
-313,12.0,0.0,0.0,0.8577380952380953,0.0,0.0,2.0,0.0,16.0,0.0,2.0
-312,12.0,0.0,0.0,0.8583333333333334,0.0,0.0,2.0,0.0,16.0,0.0,2.0
-311,12.0,0.0,0.0,0.8589285714285715,0.0,0.0,2.0,0.0,16.0,0.0,2.0
-310,12.0,0.0,0.0,0.8595238095238096,0.0,0.0,2.0,0.0,16.0,0.0,2.0
-309,12.0,0.0,0.0,0.8601190476190477,0.0,0.0,2.0,0.0,16.0,0.0,2.0
-308,12.0,0.0,0.0,0.8607142857142858,0.0,0.0,2.0,0.0,16.0,0.0,2.0
-307,12.0,0.0,0.0,0.8613095238095239,0.0,0.0,2.0,0.0,16.0,0.0,2.0
-306,12.0,0.0,0.0,0.861904761904762,0.0,0.0,2.0,0.0,16.0,0.0,2.0
-305,12.0,0.0,0.0,0.8625,0.0,0.0,2.0,0.0,16.0,0.0,2.0
-304,12.0,0.0,0.0,0.8630952380952381,0.0,0.0,2.0,0.0,16.0,0.0,2.0
-303,12.0,0.0,0.0,0.8636904761904762,0.0,0.0,2.0,0.0,16.0,0.0,2.0
-302,12.0,0.0,0.0,0.8642857142857143,0.0,0.0,2.0,0.0,16.0,0.0,2.0
-301,12.0,0.0,0.0,0.8648809523809524,0.0,0.0,2.0,0.0,16.0,0.0,2.0
-300,12.0,0.0,0.0,0.8654761904761905,0.0,0.0,2.0,0.0,16.0,0.0,2.0
-299,12.0,0.0,0.0,0.8660714285714286,0.0,0.0,2.0,0.0,16.363636363636363,0.0,2.0
-298,12.0,0.0,0.0,0.8666666666666667,0.0,0.0,2.0,0.0,16.727272727272727,0.0,2.0
-297,12.0,0.0,0.0,0.8672619047619048,0.0,0.0,2.0,0.0,17.09090909090909,0.0,2.0
-296,12.0,0.0,0.0,0.8678571428571429,0.0,0.0,2.0,0.0,17.454545454545453,0.0,2.0
-295,12.0,0.0,0.0,0.868452380952381,0.0,0.0,2.0,0.0,17.81818181818182,0.0,2.0
-294,12.0,0.0,0.0,0.8690476190476192,0.0,0.0,2.0,0.0,18.18181818181818,0.0,2.0
-293,12.0,0.0,0.0,0.8696428571428573,0.0,0.0,2.0,0.0,18.545454545454547,0.0,2.0
-292,12.0,0.0,0.0,0.8702380952380954,0.0,0.0,2.0,0.0,18.90909090909091,0.0,2.0
-291,12.0,0.0,0.0,0.8708333333333335,0.0,0.0,2.0,0.0,19.272727272727273,0.0,2.0
-290,12.0,0.0,0.0,0.8714285714285716,0.0,0.0,2.0,0.0,19.636363636363637,0.0,2.0
-289,12.0,0.0,0.0,0.8720238095238096,0.0,0.0,2.0,0.0,20.0,0.0,2.0
-288,12.0,0.0,0.0,0.8726190476190477,0.0,0.0,2.0,0.0,20.0,0.0,2.0
-287,12.0,0.0,0.0,0.8732142857142858,0.0,0.0,2.0,0.0,20.0,0.0,2.0
-286,12.0,0.0,0.0,0.8738095238095239,0.0,0.0,2.0,0.0,20.0,0.0,2.0
-285,12.0,0.0,0.0,0.874404761904762,0.0,0.0,2.0,0.0,20.0,0.0,2.0
-284,12.0,0.0,0.0,0.8750000000000001,0.0,0.0,2.0,0.0,20.0,0.0,2.0
-283,12.0,0.0,0.0,0.8755952380952382,0.0,0.0,2.0,0.0,20.0,0.0,2.0
-282,12.0,0.0,0.0,0.8761904761904763,0.0,0.0,2.0,0.0,20.0,0.0,2.0
-281,12.0,0.0,0.0,0.8767857142857144,0.0,0.0,2.0,0.0,20.0,0.0,2.0
-280,12.0,0.0,0.0,0.8773809523809525,0.0,0.0,2.0,0.0,20.0,0.0,2.0
-279,12.0,0.0,0.0,0.8779761904761906,0.0,0.0,2.0,0.0,20.0,0.0,2.0
-278,12.0,0.0,0.0,0.8785714285714287,0.0,0.0,2.0,0.0,20.0,0.0,2.0
-277,12.0,0.0,0.0,0.8791666666666668,0.0,0.0,2.0,0.0,20.0,0.0,2.0
-276,12.0,0.0,0.0,0.8797619047619049,0.0,0.0,2.0,0.0,20.0,0.0,2.0
-275,12.0,0.0,0.0,0.880357142857143,0.0,0.0,2.0,0.0,20.0,0.0,2.0
-274,12.0,0.0,0.0,0.880952380952381,0.0,0.0,2.0,0.0,20.0,0.0,2.0
-273,12.0,0.0,0.0,0.8815476190476191,0.0,0.0,2.0,0.0,20.0,0.0,2.0
-272,12.0,0.0,0.0,0.8821428571428572,0.0,0.0,2.0,0.0,20.0,0.0,2.0
-271,12.0,0.0,0.0,0.8827380952380953,0.0,0.0,2.0,0.0,20.0,0.0,2.0
-270,12.0,0.0,0.0,0.8833333333333334,0.0,0.0,2.0,0.0,20.0,0.0,2.0
-269,12.0,0.0,0.0,0.8839285714285715,0.0,0.0,2.0,0.0,20.0,0.0,2.0
-268,12.0,0.0,0.0,0.8845238095238096,0.0,0.0,2.0,0.0,20.0,0.0,2.0
-267,12.0,0.0,0.0,0.8851190476190477,0.0,0.0,2.0,0.0,20.0,0.0,2.0
-266,12.0,0.0,0.0,0.8857142857142858,0.0,0.0,2.0,0.0,20.0,0.0,2.0
-265,12.0,0.0,0.0,0.8863095238095239,0.0,0.0,2.0,0.0,20.0,0.0,2.0
-264,12.0,0.0,0.0,0.886904761904762,0.0,0.0,2.0,0.0,20.0,0.0,2.0
-263,12.0,0.0,0.0,0.8875000000000001,0.0,0.0,2.0,0.0,20.0,0.0,2.0
-262,12.0,0.0,0.0,0.8880952380952382,0.0,0.0,2.0,0.0,20.0,0.0,2.0
-261,12.0,0.0,0.0,0.8886904761904763,0.0,0.0,2.0,0.0,20.0,0.0,2.0
-260,12.0,0.0,0.0,0.8892857142857143,0.0,0.0,2.0,0.0,20.0,0.0,2.0
-259,12.0,0.0,0.0,0.8898809523809524,0.0,0.0,2.0,0.0,20.0,0.0,2.0
-258,12.0,0.0,0.0,0.8904761904761905,0.0,0.0,2.0,0.0,20.0,0.0,2.0
-257,12.0,0.0,0.0,0.8910714285714286,0.0,0.0,2.0,0.0,20.0,0.0,2.0
-256,12.0,0.0,0.0,0.8916666666666667,0.0,0.0,2.0,0.0,20.0,0.0,2.0
-255,12.0,0.0,0.0,0.8922619047619048,0.0,0.0,2.0,0.0,20.0,0.0,2.0
-254,12.0,0.0,0.0,0.8928571428571429,0.0,0.0,2.0,0.0,20.0,0.0,2.0
-253,12.0,0.0,0.0,0.893452380952381,0.0,0.0,2.0,0.0,20.0,0.0,2.0
-252,12.0,0.0,0.0,0.8940476190476191,0.0,0.0,2.0,0.0,20.0,0.0,2.0
-251,12.0,0.0,0.0,0.8946428571428572,0.0,0.0,2.0,0.0,20.0,0.0,2.0
-250,12.0,0.0,0.0,0.8952380952380953,0.0,0.0,2.0,0.0,20.0,0.0,2.0
-249,12.0,0.0,0.0,0.8958333333333334,0.0,0.0,2.0,0.0,20.0,0.0,2.0
-248,12.0,0.0,0.0,0.8964285714285715,0.0,0.0,2.0,0.0,20.0,0.0,2.0
-247,12.0,0.0,0.0,0.8970238095238096,0.0,0.0,2.0,0.0,20.0,0.0,2.0
-246,12.0,0.0,0.0,0.8976190476190476,0.0,0.0,2.0,0.0,20.0,0.0,2.0
-245,12.0,0.0,0.0,0.8982142857142857,0.0,0.0,2.0,0.0,20.0,0.0,2.0
-244,12.0,0.0,0.0,0.8988095238095238,0.0,0.0,2.0,0.0,20.0,0.0,2.0
-243,12.0,0.0,0.0,0.899404761904762,0.0,0.0,2.0,0.0,20.0,0.0,2.0
-242,12.0,0.0,0.0,0.9000000000000001,0.0,0.0,2.0,0.0,20.0,0.0,2.0
-241,12.0,0.0,0.0,0.9005952380952382,0.0,0.0,2.0,0.0,20.0,0.0,2.0
-240,12.0,0.0,0.0,0.9011904761904763,0.0,0.0,2.0,0.0,20.0,0.0,2.0
-239,12.0,0.0,0.0,0.9017857142857144,0.0,0.0,2.0,0.0,20.0,0.0,2.0
-238,12.0,0.0,0.0,0.9023809523809525,0.0,0.0,2.0,0.0,20.0,0.0,2.0
-237,12.0,0.0,0.0,0.9029761904761906,0.0,0.0,2.0,0.0,20.0,0.0,2.0
-236,12.0,0.0,0.0,0.9035714285714287,0.0,0.0,2.0,0.0,20.0,0.0,2.0
-235,12.0,0.0,0.0,0.9041666666666668,0.0,0.0,2.0,0.0,20.0,0.0,2.0
-234,12.0,0.0,0.0,0.9047619047619049,0.0,0.0,2.0,0.0,20.0,0.0,2.0
-233,12.0,0.0,0.0,0.905357142857143,0.0,0.0,2.0,0.0,20.0,0.0,2.0
-232,12.0,0.0,0.0,0.9059523809523811,0.0,0.0,2.0,0.0,20.0,0.0,2.0
-231,12.0,0.0,0.0,0.9065476190476192,0.0,0.0,2.0,0.0,20.0,0.0,2.0
-230,12.0,0.0,0.0,0.9071428571428573,0.0,0.0,2.0,0.0,20.0,0.0,2.0
-229,12.0,0.0,0.0,0.9077380952380953,0.0,0.0,2.0,0.0,20.0,0.0,2.0
-228,12.0,0.0,0.0,0.9083333333333334,0.0,0.0,2.0,0.0,20.0,0.0,2.0
-227,12.0,0.0,0.0,0.9089285714285715,0.0,0.0,2.0,0.0,20.0,0.0,2.0
-226,12.0,0.0,0.0,0.9095238095238096,0.0,0.0,2.0,0.0,20.0,0.0,2.0
-225,12.0,0.0,0.0,0.9101190476190477,0.0,0.0,2.0,0.0,20.0,0.0,2.0
-224,12.0,0.0,0.0,0.9107142857142858,0.0,0.0,2.0,0.0,20.0,0.0,2.0
-223,12.0,0.0,0.0,0.9113095238095239,0.0,0.0,2.0,0.0,20.0,0.0,2.0
-222,12.0,0.0,0.0,0.911904761904762,0.0,0.0,2.0,0.0,20.0,0.0,2.0
-221,12.0,0.0,0.0,0.9125000000000001,0.0,0.0,2.0,0.0,20.0,0.0,2.0
-220,12.0,0.0,0.0,0.9130952380952382,0.0,0.0,2.0,0.0,20.0,0.0,2.0
-219,12.0,0.0,0.0,0.9136904761904763,0.0,0.0,2.0,0.0,20.0,0.0,2.0
-218,12.0,0.0,0.0,0.9142857142857144,0.0,0.0,2.0,0.0,20.0,0.0,2.0
-217,12.0,0.0,0.0,0.9148809523809525,0.0,0.0,2.0,0.0,20.0,0.0,2.0
-216,12.0,0.0,0.0,0.9154761904761906,0.0,0.0,2.0,0.0,20.0,0.0,2.0
-215,12.0,0.0,0.0,0.9160714285714286,0.0,0.0,2.0,0.0,20.0,0.0,2.0
-214,12.0,0.0,0.0,0.9166666666666667,0.0,0.0,2.0,0.0,20.0,0.0,2.0
-213,12.0,0.0,0.0,0.9172619047619048,0.0,0.0,2.0,0.0,20.0,0.0,2.0
-212,12.0,0.0,0.0,0.9178571428571429,0.0,0.0,2.0,0.0,20.0,0.0,2.0
-211,12.0,0.0,0.0,0.918452380952381,0.0,0.0,2.0,0.0,20.0,0.0,2.0
-210,12.0,0.0,0.0,0.9190476190476191,0.0,0.0,2.0,0.0,20.0,0.0,2.0
-209,12.0,0.0,0.0,0.9196428571428572,0.0,0.0,2.0,0.0,20.0,0.0,2.0
-208,12.0,0.0,0.0,0.9202380952380953,0.0,0.0,2.0,0.0,20.0,0.0,2.0
-207,12.0,0.0,0.0,0.9208333333333334,0.0,0.0,2.0,0.0,20.0,0.0,2.0
-206,12.0,0.0,0.0,0.9214285714285715,0.0,0.0,2.0,0.0,20.0,0.0,2.0
-205,12.0,0.0,0.0,0.9220238095238096,0.0,0.0,2.0,0.0,20.0,0.0,2.0
-204,12.0,0.0,0.0,0.9226190476190477,0.0,0.0,2.0,0.0,20.0,0.0,2.0
-203,12.0,0.0,0.0,0.9232142857142858,0.0,0.0,2.0,0.0,20.0,0.0,2.0
-202,12.0,0.0,0.0,0.9238095238095239,0.0,0.0,2.0,0.0,20.0,0.0,2.0
-201,12.0,0.0,0.0,0.924404761904762,0.0,0.0,2.0,0.0,20.0,0.0,2.0
-200,12.0,0.0,0.0,0.925,0.0,0.0,2.0,0.0,20.0,0.0,2.0
-199,12.0,0.0,0.0,0.9255952380952381,0.0,0.0,2.0,0.0,20.0,0.0,2.0
-198,12.0,0.0,0.0,0.9261904761904762,0.0,0.0,2.0,0.0,20.0,0.0,2.0
-197,12.0,0.0,0.0,0.9267857142857143,0.0,0.0,2.0,0.0,20.0,0.0,2.0
-196,12.0,0.0,0.0,0.9273809523809524,0.0,0.0,2.0,0.0,20.0,0.0,2.0
-195,12.0,0.0,0.0,0.9279761904761905,0.0,0.0,2.0,0.0,20.0,0.0,2.0
-194,12.0,0.0,0.0,0.9285714285714286,0.0,0.0,2.0,0.0,20.0,0.0,2.0
-193,12.0,0.0,0.0,0.9291666666666667,0.0,0.0,2.0,0.0,20.0,0.0,2.0
-192,12.0,0.0,0.0,0.9297619047619049,0.0,0.0,2.0,0.0,20.0,0.0,2.0
-191,12.0,0.0,0.0,0.930357142857143,0.0,0.0,2.0,0.0,20.0,0.0,2.0
-190,12.0,0.0,0.0,0.9309523809523811,0.0,0.0,2.0,0.0,20.0,0.0,2.0
-189,12.0,0.0,0.0,0.9315476190476192,0.0,0.0,2.0,0.0,20.0,0.0,2.0
-188,12.0,0.0,0.0,0.9321428571428573,0.0,0.0,1.7142857142857144,0.0,20.0,0.0,2.0
-187,12.0,0.0,0.0,0.9327380952380954,0.0,0.0,1.4285714285714286,0.0,20.0,0.0,2.0
-186,12.0,0.0,0.0,0.9333333333333335,0.0,0.0,1.1428571428571428,0.0,20.0,0.0,2.0
-185,12.0,0.0,0.0,0.9339285714285716,0.0,0.0,0.8571428571428572,0.0,20.0,0.0,2.0
-184,12.0,0.0,0.0,0.9345238095238096,0.0,0.0,0.5714285714285716,0.0,20.0,0.0,2.0
-183,12.0,0.0,0.0,0.9351190476190477,0.0,0.0,0.2857142857142858,0.0,20.0,0.0,2.0
-182,12.0,0.0,0.0,0.9357142857142858,0.0,0.0,0.0,0.0,20.0,0.0,2.0
-181,12.0,0.0,0.0,0.9363095238095239,0.0,0.0,0.0,0.0,20.0,0.0,2.0
-180,12.0,0.0,0.0,0.936904761904762,0.0,0.0,0.0,0.0,20.0,0.0,2.0
-179,12.0,0.0,0.0,0.9375000000000001,0.0,0.0,0.0,0.0,20.0,0.0,2.0
-178,12.0,0.0,0.0,0.9380952380952382,0.0,0.0,0.0,0.0,20.0,0.0,2.0
-177,12.0,0.0,0.0,0.9386904761904763,0.0,0.0,0.0,0.0,20.0,0.0,2.0
-176,12.0,0.0,0.0,0.9392857142857144,0.0,0.0,0.0,0.0,20.0,0.0,2.0
-175,12.0,0.0,0.0,0.9398809523809525,0.0,0.0,0.0,0.0,20.0,0.0,2.0
-174,12.0,0.0,0.0,0.9404761904761906,0.0,0.0,0.0,0.0,20.0,0.0,2.0
-173,12.0,0.0,0.0,0.9410714285714287,0.0,0.0,0.0,0.0,20.0,0.0,2.0
-172,12.0,0.0,0.0,0.9416666666666668,0.0,0.0,0.0,0.0,20.0,0.0,2.0
-171,12.0,0.0,0.0,0.9422619047619049,0.0,0.0,0.0,0.0,20.0,0.0,2.0
-170,12.0,0.0,0.0,0.942857142857143,0.0,0.0,0.0,0.0,20.0,0.0,2.0
-169,12.0,0.0,0.0,0.943452380952381,0.0,0.0,0.0,0.0,20.0,0.0,2.0
-168,12.0,0.0,0.0,0.9440476190476191,0.0,0.0,0.0,0.0,20.0,0.0,2.0
-167,12.0,0.0,0.0,0.9446428571428572,0.0,0.0,0.0,0.0,20.0,0.0,2.0
-166,12.0,0.0,0.0,0.9452380952380953,0.0,0.0,0.0,0.0,20.0,0.0,2.0
-165,12.0,0.0,0.0,0.9458333333333334,0.0,0.0,0.0,0.0,20.0,0.0,2.0
-164,12.0,0.0,0.0,0.9464285714285715,0.0,0.0,0.0,0.0,20.0,0.0,2.0
-163,12.0,0.0,0.0,0.9470238095238096,0.0,0.0,0.0,0.0,20.0,0.0,2.0
-162,12.0,0.0,0.0,0.9476190476190477,0.0,0.0,0.0,0.0,20.0,0.0,2.0
-161,12.0,0.0,0.0,0.9482142857142858,0.0,0.0,0.0,0.0,20.0,0.0,2.0
-160,12.0,0.0,0.0,0.9488095238095239,0.0,0.0,0.0,0.0,20.0,0.0,2.0
-159,12.0,0.0,0.0,0.949404761904762,0.0,0.0,0.0,0.0,20.0,0.0,2.0
-158,12.0,0.0,0.0,0.9500000000000001,0.0,0.0,0.0,0.0,20.0,0.0,2.0
-157,12.0,0.0,0.0,0.9505952380952382,0.0,0.0,0.0,0.0,20.0,0.0,2.0
-156,12.0,0.0,0.0,0.9511904761904763,0.0,0.0,0.0,0.0,20.0,0.0,2.0
-155,12.0,0.0,0.0,0.9517857142857143,0.0,0.0,0.0,0.0,20.0,0.0,2.0
-154,12.0,0.0,0.0,0.9523809523809524,0.0,0.0,0.0,0.0,20.0,0.0,2.0
-153,12.0,0.0,0.0,0.9529761904761905,0.0,0.0,0.0,0.0,20.0,0.0,2.0
-152,12.0,0.0,0.0,0.9535714285714286,0.0,0.0,0.0,0.0,20.0,0.0,2.0
-151,12.0,0.0,0.0,0.9541666666666667,0.0,0.0,0.0,0.0,20.0,0.0,2.0
-150,12.0,0.0,0.0,0.9547619047619048,0.0,0.0,0.0,0.0,20.0,0.0,2.0
-149,12.0,0.0,0.0,0.9553571428571429,0.0,0.0,0.0,0.0,20.0,0.0,2.0
-148,12.0,0.0,0.0,0.955952380952381,0.0,0.0,0.0,0.0,20.0,0.0,2.0
-147,12.0,0.0,0.0,0.9565476190476191,0.0,0.0,0.0,0.0,20.0,0.0,2.0
-146,12.0,0.0,0.0,0.9571428571428572,0.0,0.0,0.0,0.0,20.0,0.0,2.0
-145,12.0,0.0,0.0,0.9577380952380953,0.0,0.0,0.0,0.0,20.0,0.0,2.0
-144,12.0,0.0,0.0,0.9583333333333334,0.0,0.0,0.0,0.0,20.0,0.0,2.0
-143,12.0,0.0,0.0,0.9589285714285715,0.0,0.0,0.0,0.0,20.0,0.0,2.0
-142,12.0,0.0,0.0,0.9595238095238096,0.0,0.0,0.0,0.0,20.0,0.0,2.0
-141,12.0,0.0,0.0,0.9601190476190478,0.0,0.0,0.0,0.0,20.0,0.0,2.0
-140,12.0,0.0,0.0,0.9607142857142859,0.0,0.0,0.0,0.0,20.0,0.0,2.0
-139,12.0,0.0,0.0,0.961309523809524,0.0,0.0,0.0,0.0,20.0,0.0,2.0
-138,12.0,0.0,0.0,0.961904761904762,0.0,0.0,0.0,0.0,20.0,0.0,2.0
-137,12.0,0.0,0.0,0.9625000000000001,0.0,0.0,0.0,0.0,20.0,0.0,2.0
-136,12.0,0.0,0.0,0.9630952380952382,0.0,0.0,0.0,0.0,20.0,0.0,2.0
-135,12.0,0.0,0.0,0.9636904761904763,0.0,0.0,0.0,0.0,20.0,0.0,2.0
-134,12.0,0.0,0.0,0.9642857142857144,0.0,0.0,0.0,0.0,20.0,0.0,2.0
-133,12.0,0.0,0.0,0.9648809523809525,0.0,0.0,0.0,0.0,20.0,0.0,2.0
-132,12.0,0.0,0.0,0.9654761904761906,0.0,0.0,0.0,0.0,20.0,0.0,2.0
-131,12.0,0.0,0.0,0.9660714285714287,0.0,0.0,0.0,0.0,20.0,0.0,2.0
-130,12.0,0.0,0.0,0.9666666666666668,0.0,0.0,0.0,0.0,20.0,0.0,2.0
-129,12.0,0.0,0.0,0.9672619047619049,0.0,0.0,0.0,0.0,20.0,0.0,2.0
-128,12.0,0.0,0.0,0.967857142857143,0.0,0.0,0.0,0.0,20.0,0.0,2.0
-127,12.0,0.0,0.0,0.9684523809523811,0.0,0.0,0.0,0.0,20.0,0.0,2.0
-126,12.0,0.0,0.0,0.9690476190476192,0.0,0.0,0.0,0.0,20.0,0.0,2.0
-125,12.0,0.0,0.0,0.9696428571428573,0.0,0.0,0.0,0.0,20.0,0.0,2.0
-124,12.0,0.0,0.0,0.9702380952380953,0.0,0.0,0.0,0.0,20.0,0.0,2.0
-123,12.0,0.0,0.0,0.9708333333333334,0.0,0.0,0.0,0.0,20.0,0.0,2.0
-122,12.0,0.0,0.0,0.9714285714285715,0.0,0.0,0.0,0.0,20.0,0.0,2.0
-121,12.0,0.0,0.0,0.9720238095238096,0.0,0.0,0.0,0.0,20.0,0.0,2.0
-120,12.0,0.0,0.0,0.9726190476190477,0.0,0.0,0.0,0.0,20.0,0.0,2.0
-119,12.0,0.0,0.0,0.9732142857142858,0.0,0.0,0.0,0.0,20.0,0.0,2.0
-118,12.0,0.0,0.0,0.9738095238095239,0.0,0.0,0.0,0.0,20.0,0.0,2.0
-117,12.0,0.0,0.0,0.974404761904762,0.0,0.0,0.0,0.0,20.0,0.0,2.0
-116,12.0,0.0,0.0,0.9750000000000001,0.0,0.0,0.0,0.0,20.0,0.0,2.0
-115,12.0,0.0,0.0,0.9755952380952382,0.0,0.0,0.0,0.0,20.0,0.0,2.0
-114,12.0,0.0,0.0,0.9761904761904763,0.0,0.0,0.0,0.0,20.0,0.0,2.0
-113,12.0,0.0,0.0,0.9767857142857144,0.0,0.0,0.0,0.0,20.0,0.0,2.0
-112,12.0,0.0,0.0,0.9773809523809525,0.0,0.0,0.0,0.0,20.0,0.0,2.0
-111,12.0,0.0,0.0,0.9779761904761906,0.0,0.0,0.0,0.0,20.0,0.0,2.0
-110,12.0,0.0,0.0,0.9785714285714286,0.0,0.0,0.0,0.0,20.0,0.0,2.0
-109,12.0,0.0,0.0,0.9791666666666667,0.0,0.0,0.0,0.0,20.0,0.0,2.0
-108,12.0,0.0,0.0,0.9797619047619048,0.0,0.0,0.0,0.0,20.0,0.0,2.0
-107,12.0,0.0,0.0,0.9803571428571429,0.0,0.0,0.0,0.0,20.0,0.0,2.0
-106,12.0,0.0,0.0,0.980952380952381,0.0,0.0,0.0,0.0,20.0,0.0,2.0
-105,12.0,0.0,0.0,0.9815476190476191,0.0,0.0,0.0,0.0,20.0,0.0,2.0
-104,12.0,0.0,0.0,0.9821428571428572,0.0,0.0,0.0,0.0,20.0,0.0,2.0
-103,12.0,0.0,0.0,0.9827380952380953,0.0,0.0,0.0,0.0,20.0,0.0,2.0
-102,12.0,0.0,0.0,0.9833333333333334,0.0,0.0,0.0,0.0,20.0,0.0,2.0
-101,12.0,0.0,0.0,0.9839285714285715,0.0,0.0,0.0,0.0,20.0,0.0,2.0
-100,12.0,0.0,0.0,0.9845238095238096,0.0,0.0,0.0,0.0,20.0,0.0,2.0
-99,12.0,0.0,0.0,0.9851190476190477,0.0,0.0,0.0,0.0,20.0,0.0,2.0
-98,12.0,0.0,0.0,0.9857142857142858,0.0,0.0,0.0,0.0,20.0,0.0,2.0
-97,12.0,0.0,0.0,0.9863095238095239,0.0,0.0,0.0,0.0,20.0,0.0,2.0
-96,12.0,0.0,0.0,0.986904761904762,0.0,0.0,0.0,0.0,20.0,0.0,2.0
-95,12.0,0.0,0.0,0.9875,0.0,0.0,0.0,0.0,20.0,0.0,2.0
-94,12.0,0.0,0.0,0.9880952380952381,0.0,0.0,0.0,0.0,20.0,0.0,2.0
-93,12.0,0.0,0.0,0.9886904761904762,0.0,0.0,0.0,0.0,20.0,0.0,2.0
-92,12.0,0.0,0.0,0.9892857142857143,0.0,0.0,0.0,0.0,20.0,0.0,2.0
-91,12.0,0.0,0.0,0.9898809523809524,0.0,0.0,0.0,0.0,20.0,0.0,2.0
-90,12.0,0.0,0.0,0.9904761904761905,0.0,0.0,0.0,0.0,20.0,0.0,2.0
-89,12.0,0.0,0.0,0.9910714285714287,0.0,0.0,0.0,0.0,20.0,0.0,2.0
-88,12.0,0.0,0.0,0.9916666666666668,0.0,0.0,0.0,0.0,20.0,0.0,2.0
-87,12.0,0.0,0.0,0.9922619047619049,0.0,0.0,0.0,0.0,20.0,0.0,2.0
-86,12.0,0.0,0.0,0.992857142857143,0.0,0.0,0.0,0.0,20.0,0.0,2.0
-85,12.0,0.0,0.0,0.9934523809523811,0.0,0.0,0.0,0.0,20.0,0.0,2.0
-84,12.0,0.0,0.0,0.9940476190476192,0.0,0.0,0.0,0.0,20.0,0.0,2.0
-83,12.0,0.0,0.0,0.9946428571428573,0.0,0.0,0.0,0.0,20.0,0.0,2.0
-82,12.0,0.0,0.0,0.9952380952380954,0.0,0.0,0.0,0.0,20.0,0.0,2.0
-81,12.0,0.0,0.0,0.9958333333333335,0.0,0.0,0.0,0.0,20.0,0.0,2.0
-80,12.0,0.0,0.0,0.9964285714285716,0.0,0.0,0.0,0.0,20.0,0.0,2.0
-79,12.0,0.0,0.0,0.9970238095238096,0.0,0.0,0.0,0.0,20.0,0.0,2.0
-78,12.0,0.0,0.0,0.9976190476190477,0.0,0.0,0.0,0.0,20.0,0.0,2.0
-77,12.0,0.0,0.0,0.9982142857142858,0.0,0.0,0.0,0.0,20.0,0.0,2.0
-76,12.0,0.0,0.0,0.9988095238095239,0.0,0.0,0.0,0.0,20.0,0.0,2.0
-75,12.0,0.0,0.0,0.999404761904762,0.0,0.0,0.0,0.0,20.0,0.0,2.0
-74,12.0,0.0,0.0,1.0,0.0,0.0,0.0,0.0,20.0,0.0,2.0
-73,12.0,0.0,0.0,0.875,0.0,0.0,0.0,0.0,20.0,0.0,2.0
-72,12.0,0.0,0.0,0.75,0.0,0.0,0.0,0.0,20.0,0.0,2.0
-71,12.0,0.0,0.0,0.625,0.0,0.0,0.0,0.0,20.0,0.0,2.0
-70,12.0,0.0,0.0,0.5,0.0,0.0,0.0,0.0,20.0,0.0,2.0
-69,12.0,0.0,0.0,0.375,0.0,0.0,0.0,0.0,20.0,0.0,2.0
-68,12.0,0.0,0.0,0.25,0.0,0.0,0.0,0.0,20.0,0.0,2.0
-67,12.0,0.0,0.0,0.125,0.0,0.0,0.0,0.0,20.0,0.0,2.0
-66,12.0,0.0,0.0,0.0,0.0,0.0,0.0,0.0,20.0,0.0,2.0
-65,12.0,0.0,0.0,0.0,0.0,0.0,0.0,0.0,20.0,0.0,2.0
-64,12.0,0.0,0.0,0.0,0.0,0.0,0.0,0.0,20.0,0.0,2.0
-63,12.0,0.0,0.0,0.0,0.0,0.0,0.0,0.0,20.0,0.0,2.0
-62,12.0,0.0,0.0,0.0,0.0,0.0,0.0,0.0,20.0,0.0,2.0
-61,12.0,0.0,0.0,0.0,0.0,0.0,0.0,0.0,20.0,0.0,2.0
-60,12.0,0.0,0.0,0.0,0.0,0.0,0.0,0.0,20.0,0.0,2.0
-59,12.0,0.0,0.0,0.0,0.0,0.0,0.0,0.0,20.0,0.0,2.0
-58,12.0,0.0,0.0,0.0,0.0,0.0,0.0,0.0,20.0,0.0,2.0
-57,12.0,0.0,0.0,0.0,0.0,0.0,0.0,0.0,20.0,0.0,2.0
-56,12.0,0.0,0.0,0.0,0.0,0.0,0.0,0.0,20.0,0.0,2.0
-55,12.0,0.0,0.0,0.0,0.0,0.0,0.0,0.0,20.0,0.0,2.0
-54,12.0,0.0,0.0,0.0,0.0,0.0,0.0,0.0,20.0,0.0,2.0
-53,12.0,0.0,0.0,0.0,0.0,0.0,0.0,0.0,20.0,0.0,2.0
-52,12.0,0.0,0.0,0.0,0.0,0.0,0.0,0.0,20.0,0.0,2.0
-51,12.0,0.0,0.0,0.0,0.0,0.0,0.0,0.0,20.0,0.0,2.0
-50,12.0,0.0,0.0,0.0,0.0,0.0,0.0,0.0,20.0,0.0,2.0
-49,12.0,0.0,0.0,0.0,0.0,0.0,0.0,0.0,20.0,0.0,2.0
-48,12.0,0.0,0.0,0.0,0.0,0.0,0.0,0.0,20.0,0.0,2.0
-47,12.0,0.0,0.0,0.0,0.0,0.0,0.0,0.0,20.0,0.0,2.0
-46,12.0,0.0,0.0,0.0,0.0,0.0,0.0,0.0,20.0,0.0,2.0
-45,12.0,0.0,0.0,0.0,0.0,0.0,0.0,0.0,20.0,0.0,2.0
-44,12.0,0.0,0.0,0.0,0.0,0.0,0.0,0.0,20.0,0.0,2.0
-43,12.0,0.0,0.0,0.0,0.0,0.0,0.0,0.0,20.0,0.0,2.0
-42,12.0,0.0,0.0,0.0,0.0,0.0,0.0,0.0,20.0,0.0,2.0
-41,12.0,0.0,0.0,0.0,0.0,0.0,0.0,0.0,20.0,0.0,2.0
-40,12.0,0.0,0.0,0.0,0.0,0.0,0.0,0.0,20.0,0.0,2.0
-39,12.0,0.0,0.0,0.0,0.0,0.0,0.0,0.0,20.0,0.0,2.0
-38,12.0,0.0,0.0,0.0,0.0,0.0,0.0,0.0,20.0,0.0,2.0
-37,12.0,0.0,0.0,0.0,0.0,0.0,0.0,0.0,20.0,0.0,2.0
-36,12.0,0.0,0.0,0.0,0.0,0.0,0.0,0.0,20.0,0.0,2.0
-35,12.0,0.0,0.0,0.0,0.0,0.0,0.0,0.0,20.0,0.0,2.0
-34,12.0,0.0,0.0,0.0,0.0,0.0,0.0,0.0,20.0,0.0,2.0
-33,12.0,0.0,0.0,0.0,0.0,0.0,0.0,0.0,20.0,0.0,2.0
-32,12.0,0.0,0.0,0.0,0.0,0.0,0.0,0.0,20.0,0.0,2.0
-31,12.0,0.0,0.0,0.0,0.0,0.0,0.0,0.0,20.0,0.0,2.0
-30,12.0,0.0,0.0,0.0,0.0,0.0,0.0,0.0,20.0,0.0,2.0
-29,12.0,0.0,0.0,0.0,0.0,0.0,0.0,0.0,20.0,0.0,2.0
-28,12.0,0.0,0.0,0.0,0.0,0.0,0.0,0.0,20.0,0.0,2.0
-27,12.0,0.0,0.0,0.0,0.0,0.0,0.0,0.0,20.0,0.0,2.0
-26,12.0,0.0,0.0,0.0,0.0,0.0,0.0,0.0,20.0,0.1,2.0
-25,12.0,0.0,0.0,0.0,0.0,0.0,0.0,0.0,20.0,0.2,2.0
-24,12.0,0.0,0.0,0.0,0.0,0.0,0.0,0.0,20.0,0.30000000000000004,2.0
-23,12.0,0.0,0.0,0.0,0.0,0.0,0.0,0.0,20.0,0.4,2.0
-22,12.0,0.0,0.0,0.0,0.0,0.0,0.0,0.0,20.0,0.5,2.0
-21,12.0,0.0,0.0,0.0,0.0,0.0,0.0,0.0,20.0,0.6000000000000001,2.0
-20,12.0,0.0,0.0,0.0,0.0,0.0,0.0,0.0,20.0,0.7000000000000001,2.0
-19,12.0,0.0,0.0,0.0,0.0,0.0,0.0,0.0,20.0,0.8,2.0
-18,12.0,0.0,0.0,0.0,0.0,0.0,0.0,0.0,20.0,0.9,2.0
-17,12.0,0.0,0.0,0.0,0.0,0.0,0.0,0.0,20.0,1.0,2.0
-16,12.0,0.0,0.0,0.0,0.0,0.0,0.0,0.0,20.0,0.96875,2.0
-15,12.0,0.0,0.0,0.0,0.0,0.0,0.0,0.0,20.0,0.9375,2.0
-14,12.0,0.0,0.0,0.0,0.0,0.0,0.0,0.0,20.0,0.90625,2.0
-13,12.0,0.0,0.0,0.0,0.0,0.0,0.0,0.0,20.0,0.875,2.0
-12,12.0,0.0,0.0,0.0,0.0,0.0,0.0,0.0,20.0,0.84375,2.0
-11,12.0,0.0,0.0,0.0,0.0,0.0,0.0,0.0,20.0,0.8125,2.0
-10,12.0,0.0,0.0,0.0,0.0,0.0,0.0,0.0,20.0,0.78125,2.0
-9,12.0,0.0,0.0,0.0,0.0,0.0,0.0,0.0,20.0,0.75,2.0
-8,12.0,0.0,0.0,0.0,0.0,0.0,0.0,0.0,20.0,0.71875,2.0
-7,12.0,0.0,0.0,0.0,0.0,0.0,0.0,0.0,20.0,0.6875,2.0
-6,12.0,0.0,0.0,0.0,0.0,0.0,0.0,0.0,20.0,0.65625,2.0
-5,12.0,0.0,0.0,0.0,0.0,0.0,0.0,0.0,20.0,0.625,2.0
-4,12.0,0.0,0.0,0.0,0.0,0.0,0.0,0.0,20.0,0.59375,2.0
-3,12.0,0.0,0.0,0.0,0.0,0.0,0.0,0.0,20.0,0.5625,2.0
-2,12.0,0.0,0.0,0.0,0.0,0.0,0.0,0.0,20.0,0.53125,2.0
-1,12.0,0.0,0.0,0.0,0.0,0.0,0.0,0.0,0.0,0.5,2.0
0,12.0,0.0,0.0,0.0,0.0,0.0,0.0,0.0,0.0,0.5178571428571429,2.0
1,12.0,0.0,0.0,0.0,0.0,0.0,0.0,0.0,0.0,0.5357142857142857,2.0
2,12.0,0.0,0.0,0.0,0.0,0.0,0.0,0.0,0.0,0.5535714285714286,2.0
3,12.0,0.0,0.0,0.0,0.0,0.0,0.0,0.0,0.0,0.5714285714285714,2.0
4,12.0,0.0,0.0,0.0,0.0,0.0,0.0,0.0,0.0,0.5892857142857143,2.0
5,12.0,0.0,0.0,0.0,0.0,0.0,0.0,0.0,0.0,0.6071428571428571,2.0
6,12.024390243902438,0.0,0.0,0.0,0.0,0.0,0.0,0.0,0.0,0.625,2.0
7,12.048780487804878,0.0,0.0,0.0,0.0,0.0,0.0,0.0,0.0,0.6428571428571428,2.0
8,12.073170731707316,0.0,0.0,0.0,0.0,0.0,0.0,0.0,0.0,0.6607142857142857,2.0
9,12.097560975609756,0.0,0.0,0.0,0.0,0.0,0.0,0.0,0.0,0.6785714285714286,2.0
10,12.121951219512194,0.0,0.0,0.0,0.0,0.0,0.0,0.0,0.0,0.6964285714285714,2.0
11,12.146341463414634,0.0,0.0,0.0,0.0,0.0,0.0,0.0,0.0,0.7142857142857143,2.0
12,12.170731707317072,0.0,0.0,0.0,0.0,0.0,0.0,0.0,0.0,0.7321428571428571,2.0
13,12.195121951219512,0.0,0.0,0.0,0.0,0.0,0.0,0.0,0.0,0.75,2.0
14,12.21951219512195,0.0,0.0,0.0,0.0,0.0,0.0,0.0,0.0,0.7678571428571428,2.0
15,12.24390243902439,0.0,0.0,0.0,0.0,0.0,0.0,0.0,0.0,0.7857142857142857,2.0
16,12.268292682926829,0.0,0.0,0.0,0.0,0.0,0.0,0.0,0.0,0.8035714285714286,2.0
17,12.292682926829269,0.0,0.0,0.0,0.0,0.0,0.0,0.0,0.0,0.8214285714285714,2.0
18,12.317073170731707,0.0,0.0,0.0,0.0,0.0,0.0,0.0,0.0,0.8392857142857142,2.0
19,12.341463414634147,0.0,0.0,0.0,0.0,0.0,0.0,0.0,0.0,0.8571428571428571,2.0
20,12.365853658536585,0.0,0.0,0.0,0.0,0.0,0.0,0.0,0.0,0.875,2.0
21,12.390243902439025,0.0,0.0,0.0,0.0,0.0,0.0,0.0,0.0,0.8928571428571428,2.0
22,12.414634146341463,0.0,0.0,0.0,0.0,0.0,0.0,0.0,0.0,0.9107142857142857,2.0
23,12.439024390243903,0.0,0.0,0.0,0.0,0.0,0.0,0.0,0.0,0.9285714285714286,2.0
24,12.463414634146341,0.0,0.0,0.0,0.0,0.0,0.0,0.0,0.0,0.9464285714285714,2.0
25,12.487804878048781,0.0,0.0,0.0,0.0,0.0,0.0,0.0,0.0,0.9642857142857142,2.0
26,12.512195121951219,0.0,0.0,0.0,0.0,0.0,0.0,0.0,0.0,0.9821428571428571,2.0
27,12.536585365853659,0.0,0.0,0.0,0.0,0.0,0.0,0.0,0.0,1.0,2.0
28,12.560975609756097,0.0,0.0,0.0,0.0,0.0,0.0,0.0,0.0,1.0,2.0
29,12.585365853658537,0.0,0.0,0.0,0.0,0.0,0.0,0.0,0.0,1.0,2.0
30,12.609756097560975,0.0,0.0,0.0,0.0,0.0,0.0,0.0,0.0,1.0,2.0
31,12.634146341463415,0.0,0.0,0.0,0.0,0.0,0.0,0.0,0.0,1.0,2.0
32,12.658536585365853,0.0,0.0,0.0,0.0,0.0,0.0,0.0,0.0,1.0,2.0
33,12.682926829268293,0.0,0.0,0.0,0.0,0.0,0.0,0.0,0.0,1.0,2.0
34,12.707317073170731,0.0,0.0,0.0,0.0,0.0,0.0,0.0,0.0,1.0,2.0
35,12.731707317073171,0.0,0.0,0.0,0.0,0.0,0.0,0.0,0.0,1.0,2.0
36,12.75609756097561,0.0,0.0,0.0,0.0,0.0,0.0,0.0,0.0,1.0,2.0
37,12.78048780487805,0.0,0.0,0.0,0.0,0.0,0.0,0.0,0.0,1.0,2.0
38,12.804878048780488,0.0,0.0,0.0,0.0,0.0,0.0,0.0,0.0,1.0,2.0
39,12.829268292682928,0.0,0.0,0.0,0.0,0.0,0.0,0.0,0.0,1.0,2.0
40,12.853658536585366,0.0,0.0,0.0,0.0,0.0,0.0,0.0,0.0,1.0,2.0
41,12.878048780487806,0.0,0.0,0.0,0.0,0.0,0.0,0.0,0.0,1.0,2.0
42,12.902439024390244,0.0,0.0,0.0,0.0,0.0,0.0,0.0,0.0,1.0,2.0
43,12.926829268292684,0.0,0.0,0.0,0.0,0.0,0.0,0.0,0.0,1.0,2.0
44,12.951219512195122,0.0,0.0,0.0,0.0,0.0,0.0,0.0,0.0,1.0,2.0
45,12.975609756097562,0.0,0.0,0.0,0.0,0.0,0.0,0.0,0.0,1.0,2.0
46,13.0,0.0,0.0,0.0,0.0,0.0,0.0,0.0,0.0,1.0,2.0
47,13.0,0.0,0.0,0.0,0.0,0.0,0.0,0.0,0.0,1.0,2.0
48,13.0,0.0,0.0,0.0,0.0,0.0,0.0,0.0,0.0,1.0,2.0
49,13.0,0.0,0.0,0.0,0.0,0.0,0.0,0.0,0.0,1.0,2.0
50,13.0,0.0,0.0,0.0,0.0,0.0,0.0,0.0,0.0,1.0,2.0
51,13.0,0.0,0.0,0.0,0.0,0.0,0.0,0.0,0.0,1.0,2.0
52,13.0,0.0,0.0,0.0,0.0,0.0,0.0,0.0,0.0,1.0,2.0
53,13.0,0.0,0.0,0.0,0.0,0.0,0.0,0.0,0.0,1.0,2.0
54,13.0,0.0,0.0,0.0,0.0,0.0,0.0,0.0,0.0,1.0,2.0
55,13.0,0.0,0.0,0.0,0.0,0.0,0.0,0.0,0.0,1.0,2.0
56,13.0,0.0,0.0,0.0,0.0,0.0,0.0,0.0,0.0,1.0,2.0
57,13.0,0.0,0.0,0.0,0.0,0.0,0.0,0.0,0.0,1.0,2.0
58,13.0,0.0,0.0,0.0,0.0,0.0,0.0,0.0,0.0,1.0,2.0
59,13.0,0.0,0.0,0.0,0.0,0.0,0.0,0.0,0.0,1.0,2.0
60,13.0,0.0,0.0,0.0,0.0,0.0,0.0,0.0,0.0,1.0,2.0
61,13.0,0.0,0.0,0.0,0.0,0.0,0.0,0.0,0.0,1.0,2.0
62,13.0,0.0,0.0,0.0,0.0,0.0,0.0,0.0,0.0,1.0,2.0
63,13.0,0.0,0.0,0.0,0.0,0.0,0.0,0.0,0.0,1.0,2.0
64,13.0,0.0,0.0,0.0,0.0,0.0,0.0,0.0,0.0,1.0,2.0
65,13.0,0.0,0.0,0.0,0.0,0.16666666666666666,0.0,0.0,0.0,1.0,2.0
66,13.0,0.0,0.0,0.0,0.0,0.3333333333333333,0.0,0.0,0.0,1.0,2.0
67,13.0,0.0,0.0,0.0,0.0,0.5,0.0,0.0,0.0,1.0,2.0
68,13.0,0.0,0.0,0.0,1.0,0.6666666666666666,0.0,0.0,0.0,1.0,2.0
69,13.0,0.0,0.0,0.0,0.0,0.8333333333333333,0.0,0.0,0.0,1.0,2.0
70,13.0,0.0,0.0,0.0,1.1666666666666667,1.0,0.0,0.0,0.0,1.0,2.0
71,13.0,0.0,0.0,0.0,1.0,1.0,0.0,0.0,0.0,1.0,2.0
72,13.0,0.0,0.0,0.0,1.0,1.0,0.0,0.0,0.0,1.0,2.0
73,13.0,0.0,0.0,0.0,1.0,1.0,0.0,0.0,0.0,1.0,2.0
74,13.0,0.0,0.0,0.0,1.0,1.0,0.0,0.0,0.0,1.0,2.0
75,13.0,0.0,0.0,0.0,1.0,1.0,0.0,0.0,0.0,1.0,2.0
76,13.0,0.0,0.0,0.0,1.0,1.0,0.0,0.0,0.0,1.0,2.0
77,13.0,0.0,0.0,0.0,1.0,1.0,0.0,0.0,0.0,1.0,2.0
78,13.0,0.0,0.0,0.0,1.0,1.0,0.0,0.0,0.0,1.0,2.0
79,13.0,0.0,0.0,0.0,1.0,0.875,0.0,0.0,0.0,1.0,2.0
80,13.0,0.0,0.0,0.0,1.0,0.75,0.0,0.0,0.0,1.0,2.0
81,13.0,0.0,0.0,0.0,1.0,0.625,0.0,0.0,0.0,1.0,2.0
82,13.0,0.0,0.0,0.0,1.0,0.5,0.0,0.0,0.0,1.0,2.0
83,13.0,0.0,0.0,0.0,1.0,0.375,0.0,0.0,0.0,1.0,2.0
84,13.0,0.0,0.0,0.0,1.0,0.25,0.0,0.0,0.0,1.0,2.0
85,13.0,0.0,0.0,0.0,1.0,0.125,0.0,0.0,0.0,1.0,2.0
86,13.0,0.0,0.0,0.0,1.0,0.0,0.0,0.0,0.0,1.0,2.0
87,13.0,0.0,0.0,0.0,1.0,0.14285714285714285,0.0,0.0,0.0,1.0,2.0
88,13.0,0.0,0.0,0.0,1.0,0.2857142857142857,0.0,0.0,0.0,1.0,2.0
89,13.0,0.0,0.0,0.0,1.0,0.42857142857142855,0.0,0.0,0.0,1.0,2.0
90,13.0,0.0,0.0,0.0,1.0,0.5714285714285714,0.0,0.0,0.0,1.0,2.0
91,13.0,0.0,0.0,0.0,1.0,0.7142857142857142,0.0,0.0,0.0,1.0,2.0
92,13.0,0.0,0.0,0.0,1.0,0.8571428571428571,0.0,0.0,0.0,1.0,2.0
93,13.0,0.0,0.0,0.0,1.0,1.0,0.0,0.0,0.0,1.0,2.0
94,13.0,0.0,0.16666666666666666,0.0,1.0,1.0,0.0,0.0,0.0,1.0,2.0
95,13.0,0.0,0.3333333333333333,0.0,1.0,1.0,0.0,0.0,0.0,1.0,2.0
96,13.0,0.0,0.5,0.0,1.0,1.0,0.0,0.0,0.0,1.0,2.0
97,13.0,0.0,0.6666666666666666,0.0,1.0,1.0,0.0,0.0,0.0,1.0,2.0
98,13.0,0.0,0.8333333333333333,0.0,1.0,1.0,0.0,0.0,0.0,1.0,2.0
99,13.0,0.0,1.0,0.0,1.0,1.0,0.0,0.0,0.0,1.0,2.0
100,13.0,0.0,1.0,0.0,1.0,1.0,0.0,0.0,0.0,1.0,2.0
101,13.0,0.0,1.0,0.0,1.0,1.0,0.0,0.0,0.0,1.0,2.0
102,13.0,0.0,1.0,0.0,1.0,1.0,0.0,0.0,0.0,1.0,2.0
103,13.0,0.0,1.0,0.0,1.0,1.0,0.0,0.0,0.0,1.0,2.0
104,13.0,0.0,1.0,0.0,1.0,1.0,0.0,0.0,0.0,1.0,2.0
105,13.0,0.0,1.0,0.0,1.0,1.0,0.0,0.0,0.0,1.0,2.0
106,13.0,0.0,1.0,0.0,1.0,1.0,0.0,0.0,0.0,1.0,2.0
107,13.0,0.0,1.0,0.0,1.0,1.0,0.0,0.0,0.0,1.0,2.0
108,13.0,0.0,1.0,0.0,1.0,1.0,0.0,0.0,0.0,1.0,2.0
109,13.0,0.0,1.0,0.0,1.0,1.0,0.0,0.0,0.0,1.0,2.0
110,13.0,0.0,1.0,0.0,1.0,1.0,0.0,0.0,0.0,1.0,2.0
111,13.0,0.0,1.0,0.0,1.0,1.0,0.0,0.0,0.0,1.0,2.0
112,13.0,0.0,1.0,0.0,1.0,1.0,0.0,0.0,0.0,1.0,2.0
113,13.0,0.0,1.0,0.0,1.0,1.0,0.0,0.0,0.0,1.0,2.0
114,13.0,0.0,1.0,0.0,1.0,1.0,0.0,0.0,0.0,1.0,2.0
115,13.0,0.0,1.0,0.0,1.0,1.0,0.0,0.0,0.0,1.0,2.0
116,13.0,0.0,1.0,0.0,1.0,1.0,0.0,0.0,0.0,1.0,2.0
117,13.0,0.0,1.0,0.0,1.0,1.0,0.0,0.0,0.0,1.0,2.0
118,13.0,0.0,1.0,0.0,1.0,1.0,0.0,0.0,0.0,1.0,2.0
119,13.0,0.0,1.0,0.0,1.0,1.0,0.0,0.0,0.0,1.0,2.0
120,13.0,0.0,1.0,0.0,1.0,1.0,0.0,0.0,0.0,1.0,2.0
121,13.0,0.0,1.0,0.0,1.0,1.0,0.0,0.0,0.0,1.0,2.0
122,13.0,0.0,1.0,0.0,1.0,1.0,0.0,0.0,0.0,1.0,2.0
123,13.0,0.0,1.0,0.0,1.0,1.0,0.0,0.0,0.0,1.0,2.0
124,13.0,0.0,1.0,0.0,1.0,1.0,0.0,0.0,0.0,1.0,2.0
125,13.0,0.0,1.0,0.0,1.0,1.0,0.0,0.0,0.0,1.0,2.0
126,13.0,0.0,1.0,0.0,1.0,1.0,0.0,0.0,0.0,1.0,2.0
127,13.0,0.0,1.0,0.0,1.0,1.0,0.0,0.0,0.0,1.0,2.0
128,13.0,0.0,1.0,0.0,1.0,1.0,0.0,0.0,0.0,1.0,2.0
129,13.0,0.0,1.0,0.0,1.0,1.0,0.0,0.0,0.0,1.0,2.0
130,13.0,0.0,1.0,0.0,1.0,1.0,0.0,0.0,0.0,1.0,2.0
131,13.0,0.0,1.0,0.0,1.0,1.0,0.0,0.0,0.0,1.0,2.0
132,13.0,0.0,1.0,0.0,1.0,1.0,0.0,0.0,0.0,1.0,2.0
133,13.0,0.0,1.0,0.0,1.0,1.0,0.0,0.0,0.0,1.0,2.0
134,13.0,0.0,1.0,0.0,1.0,1.0,0.0,0.0,0.0,1.0,2.0
135,13.0,0.0,1.0,0.0,1.0,1.0,0.0,0.0,0.0,1.0,2.0
136,13.0,0.0,1.0,0.0,1.0,1.0,0.0,0.0,0.0,1.0,2.0
137,13.0,0.0,1.0,0.0,1.0,1.0,0.0,0.0,0.0,1.0,2.0
138,13.0,0.0,1.0,0.0,1.0,1.0,0.0,0.0,0.0,1.0,2.0
139,13.0,0.0,1.0,0.0,1.0,1.0,0.0,0.0,0.0,1.0,2.0
140,13.0,0.0,1.0,0.0,1.0,1.0,0.0,0.0,0.0,1.0,2.0
141,13.0,0.0,1.0,0.0,1.0,1.0,0.0,0.0,0.0,1.0,2.0
142,13.0,0.0,1.0,0.0,1.0,1.0,0.0,0.0,0.0,1.0,2.0
143,13.0,0.0,1.0,0.0,1.0,1.0,0.0,0.0,0.0,1.0,2.0
144,13.0,0.0,1.0,0.0,1.0,1.0,0.0,0.0,0.0,1.0,2.0
145,13.0,0.0,1.0,0.0,1.0,1.0,0.0,0.0,0.0,1.0,2.0
146,13.0,0.0,1.0,0.0,1.0,1.0,0.0,0.0,0.0,1.0,2.0
147,13.0,0.0,1.0,0.0,1.0,1.0,0.0,0.0,0.0,1.0,2.0
148,13.0,0.0,1.0,0.0,1.0,1.0,0.0,0.0,0.0,1.0,2.0
149,13.0,0.0,1.0,0.0,1.0,1.0,0.0,0.0,0.0,1.0,2.0
150,13.0,0.0,1.0,0.0,1.0,1.0,0.0,0.0,0.0,1.0,2.0
151,13.0,0.0,1.0,0.0,1.0,1.0,0.0,0.0,0.0,1.0,2.0
152,13.0,0.0,1.0,0.0,1.0,1.0,0.0,0.0,0.0,1.0,2.0
153,13.0,0.0,1.0,0.0,1.0,1.0,0.0,0.0,0.0,1.0,2.0
154,13.0,0.0,1.0,0.0,1.0,1.0,0.0,0.0,0.0,1.0,2.0
155,13.0,0.0,1.0,0.0,1.0,1.0,0.0,0.0,0.0,1.0,2.0
156,13.0,0.0,1.0,0.0,1.0,1.0,0.0,0.0,0.0,1.0,2.0
157,13.0,0.0,1.0,0.0,1.0,1.0,0.0,0.0,0.0,1.0,2.0
158,13.0,0.0,1.0,0.0,1.0,1.0,0.0,0.0,0.0,1.0,2.0
159,13.0,0.0,1.0,0.0,1.0,1.0,0.0,0.0,0.0,1.0,2.0
160,13.0,0.0,1.0,0.0,1.0,1.0,0.0,0.0,0.0,1.0,2.0
161,13.0,0.0,1.0,0.0,1.0,1.0,0.0,0.0,0.0,1.0,2.0
162,13.0,0.0,1.0,0.0,1.0,1.0,0.0,0.0,0.0,1.0,2.0
163,13.0,0.0,1.0,0.0,1.0,1.0,0.0,0.0,0.0,1.0,2.0
164,13.0,0.0,1.0,0.0,1.0,1.0,0.0,0.0,0.0,1.0,2.0
165,13.0,0.0,1.0,0.0,1.0,1.0,0.0,0.0,0.0,1.0,2.0
166,13.0,0.0,1.0,0.0,1.0,1.0,0.0,0.0,0.0,1.0,2.0
167,13.0,0.0,1.0,0.0,1.0,1.0,0.0,0.0,0.0,1.0,2.0
168,13.0,0.0,1.0,0.0,1.0,1.0,0.0,0.0,0.0,1.0,2.0
169,13.0,0.0,1.0,0.0,1.0,1.0,0.0,0.0,0.0,1.0,2.0
170,13.0,0.0,1.0,0.0,1.0,1.0,0.0,0.0,0.0,1.0,2.0
171,13.0,0.0,1.0,0.0,1.0,1.0,0.0,0.0,0.0,1.0,2.0
172,13.0,0.0,1.0,0.0,1.0,1.0,0.0,0.0,0.0,1.0,2.0
173,13.0,0.0,1.0,0.0,1.0,1.0,0.0,0.0,0.0,1.0,2.0
174,13.0,0.0,1.0,0.0,1.0,1.0,0.0,0.0,0.0,1.0,2.0
175,13.0,0.0,1.0,0.0,1.0,1.0,0.0,0.0,0.0,1.0,2.0
176,13.0,0.0,1.0,0.0,1.0,1.0,0.0,0.0,0.0,1.0,2.0
177,13.0,0.0,1.0,0.0,1.0,1.0,0.0,0.0,0.0,1.0,2.0
178,13.0,0.0,1.0,0.0,1.0,1.0,0.0,0.0,0.0,1.0,2.0
179,13.0,0.0,1.0,0.0,1.0,1.0,0.0,0.0,0.0,1.0,2.0
180,13.0,0.0,1.0,0.0,1.0,1.0,0.0,0.0,0.0,1.0,2.0
181,13.0,0.0,1.0,0.0,1.0,1.0,0.0,0.0,0.0,1.0,2.0
182,13.0,0.0,1.0,0.0,1.0,1.0,0.0,0.0,0.0,1.0,2.0
183,13.0,0.0,1.0,0.0,1.0,1.0,0.0,0.0,0.0,1.0,2.0
184,13.0,0.0,1.0,0.0,1.0,1.0,0.0,0.0,0.0,1.0,2.0
185,13.0,0.0,1.0,0.0,1.0,1.0,0.0,0.0,0.0,1.0,2.0
186,13.0,0.0,1.0,0.0,1.0,1.0,0.0,0.0,0.0,1.0,2.0
187,13.0,0.0,1.0,0.0,1.0,1.0,0.0,0.0,0.0,1.0,2.0
188,13.0,0.0,1.0,0.0,1.0,1.0,0.0,0.0,0.0,1.0,2.0
189,13.0,0.0,1.0,0.0,1.0,1.0,0.0,0.0,0.0,1.0,2.0
190,13.0,0.0,1.0,0.0,1.0,1.0,0.0,0.0,0.0,1.0,2.0
191,13.0,0.0,1.0,0.0,1.0,1.0,0.0,0.0,0.0,1.0,2.0
192,13.0,0.0,1.0,0.0,1.0,1.0,0.0,0.0,0.0,1.0,2.0
193,13.0,0.0,1.0,0.0,1.0,1.0,0.0,0.0,0.0,1.0,2.0
194,13.0,0.0,1.0,0.0,1.0,1.0,0.0,0.0,0.0,1.0,2.0
195,13.0,0.0,1.0,0.0,1.0,1.0,0.0,0.0,0.0,1.0,2.0
196,13.0,0.0,1.0,0.0,1.0,1.0,0.0,0.0,0.0,1.0,2.0
197,13.0,0.0,1.0,0.0,1.0,1.0,0.0,0.0,0.0,1.0,2.0
198,13.0,0.0,1.0,0.0,1.0,1.0,0.0,0.0,0.0,1.0,2.0
199,13.0,0.0,1.0,0.0,1.0,1.0,0.0,0.0,0.0,1.0,2.0
200,13.0,0.0,1.0,0.0,1.0,1.0,0.0,0.0,0.0,1.0,2.0
