index,1570020,1151051,465885927,151168793,45765028,361418670,22228279,6723399,930164,37448451,7092491,467678202
-500,7.0,0.0,10.0,0.0,0.0,0.0,9.0,0.0,0.0,0.0,5.0,10.0
-499,7.0,0.0,10.0,0.0,0.0,0.0,9.0,0.0,0.0,0.0,5.0,10.0
-498,7.0,0.0,10.0,0.0,0.0,0.0,9.0,0.0,0.0,0.0,5.0,10.0
-497,7.0,0.0,10.0,0.0,0.0,0.0,9.0,0.0,0.0,0.0,5.0,10.0
-496,7.0,0.0,10.0,0.0,0.0,0.0,9.0,0.0,0.0,0.0,5.0,10.0
-495,7.0,0.0,10.0,0.0,0.0,0.0,9.0,0.0,0.0,0.0,5.0,10.0
-494,7.0,0.0,10.0,0.0,0.0,0.0,9.0,0.0,0.0,0.0,5.0,10.0
-493,7.0,0.0,10.0,0.0,0.0,0.0,9.0,0.0,0.0,0.0,5.0,10.0
-492,7.0,0.0,10.0,0.0,0.0,0.0,9.0,0.0,0.0,0.0,5.0,10.0
-491,7.0,0.0,10.0,0.0,0.0,0.0,9.0,0.0,0.0,0.0,5.0,10.0
-490,7.0,0.0,10.0,0.0,0.0,0.0,9.0,0.0,0.0,0.0,5.0,10.0
-489,7.0,0.0,10.0,0.0,0.0,0.0,9.0,0.0,0.0,0.0,5.0,10.0
-488,7.0,0.0,10.0,0.0,0.0,0.0,9.0,0.0,0.0,0.0,5.0,10.0
-487,7.0,0.0,10.0,0.0,0.0,0.0,9.0,0.0,0.0,0.0,5.0,10.0
-486,7.0,0.0,10.0,0.0,0.0,0.0,9.0,0.0,0.0,0.0,5.0,10.0
-485,7.0,0.0,10.0,0.0,0.0,0.0,9.0,0.0,0.0,0.0,5.0,10.0
-484,7.0,0.0,10.0,0.0,0.0,0.0,9.0,0.0,0.0,0.0,5.0,10.0
-483,7.0,0.0,10.0,0.0,0.0,0.0,9.0,0.0,0.0,0.0,5.0,10.0
-482,7.0,0.0,10.0,0.0,0.0,0.0,9.0,0.0,0.0,0.0,5.0,10.0
-481,7.0,0.0,10.0,0.0,0.0,0.0,9.0,0.0,0.0,0.0,5.0,10.0
-480,7.0,0.0,10.0,0.0,0.0,0.0,9.0,0.0,0.0,0.0,5.0,10.0
-479,7.0,0.0,10.0,0.0,0.0,0.0,9.0,0.0,0.0,0.0,5.0,10.0
-478,7.0,0.0,10.0,0.0,0.0,0.0,9.0,0.0,0.0,0.0,5.0,10.0
-477,7.0,0.0,10.0,0.0,0.0,0.0,9.0,0.0,0.0,0.0,5.0,10.0
-476,7.0,0.0,10.0,0.0,0.0,0.0,9.0,0.0,0.0,0.0,5.0,10.0
-475,7.0,0.0,10.0,0.0,0.0,0.0,8.928571428571429,0.0,0.0,0.0,5.0,10.0
-474,7.0,0.0,10.0,0.0,0.0,0.0,8.857142857142858,0.0,0.0,0.0,5.0,10.0
-473,7.0,0.0,10.0,0.0,0.0,0.0,8.785714285714286,0.0,0.0,0.0,5.0,10.0
-472,7.0,0.0,10.0,0.0,0.0,0.0,8.714285714285714,0.0,0.0,0.0,5.0,10.0
-471,7.0,0.0,10.0,0.0,0.0,0.0,8.642857142857142,0.0,0.0,0.0,5.0,10.0
-470,7.0,0.0,10.0,0.0,0.0,0.0,8.571428571428571,0.0,0.0,0.0,5.0,10.0
-469,7.0,0.0,10.0,0.0,0.0,0.0,8.5,0.0,0.0,0.0,5.0,10.0
-468,7.0,0.0,10.0,0.0,0.0,0.0,8.428571428571429,0.0,0.0,0.0,5.0,10.0
-467,7.0,0.0,10.0,0.0,0.0,0.0,8.357142857142858,0.0,0.0,0.0,5.0,10.0
-466,7.0,0.0,10.0,0.0,0.0,0.0,8.285714285714286,0.0,0.0,0.0,5.0,10.0
-465,7.0,0.0,10.0,0.0,0.0,0.0,8.214285714285714,0.0,0.0,0.0,5.0,10.0
-464,7.0,0.0,10.0,0.0,0.0,0.0,8.142857142857142,0.0,0.0,0.0,5.0,10.0
-463,7.0,0.0,10.0,0.0,0.0,0.0,8.071428571428571,0.0,0.0,0.0,5.0,10.0
-462,7.0,0.0,10.0,0.0,0.0,0.0,8.0,0.0,0.0,0.0,5.0,10.0
-461,7.0,0.0,10.0,0.0,0.0,0.0,8.5,0.0,0.0,0.0,5.0,10.0
-460,7.0,0.0,10.0,0.0,0.0,0.0,9.0,0.0,0.0,0.0,5.0,10.0
-459,7.0,0.0,10.0,0.0,0.0,0.0,9.0,0.0,0.0,0.0,5.0,10.0
-458,7.0,0.0,10.0,0.0,0.0,0.0,9.0,0.0,0.0,0.0,5.0,10.0
-457,7.0,0.0,10.0,0.0,0.0,0.0,9.0,0.0,0.0,0.0,5.0,10.0
-456,7.0,0.0,10.0,0.0,0.0,0.0,9.0,0.0,0.0,0.0,5.0,10.0
-455,7.0,0.0,10.0,0.0,0.0,0.0,9.0,0.0,0.0,0.0,5.0,10.0
-454,7.0,0.0,10.0,0.0,0.0,0.0,9.0,0.0,0.0,0.0,5.0,10.0
-453,7.0,0.0,10.0,0.0,0.0,0.0,9.0,0.0,0.0,0.0,5.0,10.0
-452,7.0,0.0,10.0,0.0,0.0,0.0,9.0,0.0,0.0,0.0,5.0,10.0
-451,7.0,0.0,10.0,0.0,0.0,0.0,9.0,0.0,0.0,0.0,5.0,10.0
-450,7.0,0.0,10.0,0.0,0.0,0.0,9.0,0.0,0.0,0.0,5.0,10.0
-449,7.0,0.0,10.0,0.0,0.0,0.0,9.0,0.0,0.0,0.0,5.0,10.0
-448,7.0,0.0,10.0,0.0,0.0,0.0,9.0,0.0,0.0,0.0,5.0,10.0
-447,7.0,0.0,10.0,0.0,0.0,0.0,9.0,0.0,0.0,0.0,5.0,10.0
-446,7.0,0.0,10.0,0.0,0.0,0.0,9.0,0.0,0.0,0.0,5.0,10.0
-445,7.0,0.0,10.0,0.0,0.0,0.0,9.0,0.0,0.0,0.0,5.0,10.0
-444,7.0,0.0,10.0,0.0,0.0,0.0,9.0,0.0,0.0,0.0,5.0,10.0
-443,7.0,0.0,10.0,0.0,0.0,0.0,9.0,0.0,0.0,0.0,5.0,10.0
-442,7.0,0.0,10.0,0.0,0.0,0.0,9.0,0.0,0.0,0.0,5.0,10.0
-441,7.0,0.0,10.0,0.0,0.0,0.0,9.0,0.0,0.0,0.0,5.0,10.0
-440,7.0,0.0,10.0,0.0,0.0,0.0,9.0,0.0,0.0,0.0,5.0,10.0
-439,7.0,0.0,10.0,0.0,0.0,0.0,9.0,0.0,0.0,0.0,5.0,10.0
-438,7.0,0.0,10.0,0.0,0.0,0.0,9.0,0.0,0.0,0.0,5.0,10.0
-437,7.0,0.0,10.0,0.0,0.0,0.0,9.0,0.0,0.0,0.0,5.0,10.0
-436,7.0,0.0,10.0,0.0,0.0,0.0,9.0,0.0,0.0,0.0,5.0,10.0
-435,7.0,0.0,10.0,0.0,0.0,0.0,9.0,0.0,0.0,0.0,5.0,10.0
-434,7.0,0.0,10.0,0.0,0.0,0.0,9.0,0.0,0.0,0.0,5.0,10.0
-433,7.0,0.0,10.0,0.0,0.0,0.0,9.0,0.0,0.0,0.0,5.0,10.0
-432,7.0,0.0,10.0,0.0,0.0,0.0,9.0,0.0,0.0,0.0,5.0,10.0
-431,7.0,0.0,10.0,0.0,0.0,0.0,9.0,0.0,0.0,0.0,5.0,10.0
-430,7.0,0.0,10.0,0.0,0.0,0.0,9.0,0.0,0.0,0.0,5.0,10.0
-429,7.0,0.0,10.0,0.0,0.0,0.0,9.0,0.0,0.0,0.0,5.0,10.0
-428,7.0,0.0,10.0,0.0,0.0,0.0,9.0,0.0,0.0,0.0,5.0,10.0
-427,7.0,0.0,10.0,0.0,0.0,0.0,9.0,0.0,0.0,0.0,5.0,10.0
-426,7.0,0.0,10.0,0.0,0.0,0.0,9.0,0.0,0.0,0.0,5.0,10.0
-425,7.0,0.0,10.0,0.0,0.0,0.0,9.0,0.0,0.0,0.0,5.0,10.0
-424,7.0,0.0,10.0,0.0,0.0,0.0,9.0,0.0,0.0,0.0,5.0,10.0
-423,7.0,0.0,10.0,0.0,0.0,0.0,9.0,0.0,0.0,0.0,5.0,10.0
-422,7.0,0.0,10.0,0.0,0.0,0.0,9.0,0.0,0.0,0.0,5.0,10.0
-421,7.0,0.0,10.0,0.0,0.0,0.0,9.0,0.0,0.0,0.0,5.0,10.0
-420,7.0,0.0,10.0,0.0,0.0,0.0,9.0,0.0,0.0,0.0,5.0,10.0
-419,7.0,0.0,10.0,0.0,0.0,0.0,9.0,0.0,0.0,0.0,5.0,10.0
-418,7.0,0.0,10.0,0.0,0.0,0.0,9.0,0.0,0.0,0.0,5.0,10.0
-417,7.0,0.0,10.0,0.0,0.0,0.0,9.0,0.0,0.0,0.0,5.0,10.0
-416,7.0,0.0,10.0,0.0,0.0,0.0,9.0,0.0,0.0,0.0,5.0,10.0
-415,7.0,0.0,10.0,0.0,0.0,0.0,9.0,0.0,0.0,0.0,5.0,10.0
-414,7.0,0.0,10.0,0.0,0.0,0.0,9.0,0.0,0.0,0.0,5.0,10.0
-413,7.0,0.0,10.0,0.0,0.0,0.0,9.0,0.0,0.0,0.0,5.0,10.0
-412,7.0,0.0,10.0,0.0,0.0,0.0,9.0,0.0,0.0,0.0,5.0,10.0
-411,7.0,0.0,10.0,0.0,0.0,0.0,9.0,0.0,0.0,0.0,5.0,10.0
-410,7.0,0.0,10.0,0.0,0.0,0.0,9.0,0.0,0.0,0.0,5.0,10.0
-409,7.0,0.0,10.0,0.0,0.0,0.0,9.0,0.0,0.0,0.0,5.0,10.0
-408,7.0,0.0,10.0,0.0,0.0,0.0,9.0,0.0,0.0,0.0,5.0,10.0
-407,7.0,0.0,10.0,0.0,0.0,0.0,9.0,0.0,0.0,0.0,5.0,10.0
-406,7.0,0.0,10.0,0.0,0.0,0.0,9.0,0.0,0.0,0.0,5.0,10.0
-405,7.0,0.0,10.0,0.0,0.0,0.0,9.0,0.0,0.0,0.0,5.0,10.0
-404,7.0,0.0,10.0,0.0,0.0,0.0,9.0,0.0,0.0,0.0,5.0,10.0
-403,7.0,0.0,10.0,0.0,0.0,0.0,9.0,0.0,0.0,0.0,5.0,10.0
-402,7.0,0.0,10.0,0.0,0.0,0.0,9.0,0.0,0.0,0.0,5.0,10.0
-401,7.0,0.0,10.0,0.0,0.0,0.0,9.0,0.0,0.0,0.0,5.0,10.0
-400,7.0,0.0,10.0,0.0,0.0,0.0,9.0,0.0,0.0,0.0,5.0,10.0
-399,7.0,0.0,10.0,0.0,0.0,0.0,9.0,0.0,0.0,0.0,5.0,10.0
-398,7.0,0.0,10.0,0.0,0.0,0.0,9.0,0.0,0.0,0.0,5.0,10.0
-397,7.0,0.0,10.0,0.0,0.0,0.0,9.0,0.0,0.0,0.0,5.0,10.0
-396,7.0,0.0,10.0,0.0,0.0,0.0,9.0,0.0,0.0,0.0,5.0,10.0
-395,7.0,0.0,10.0,0.0,0.0,0.0,9.0,0.0,0.0,0.0,5.0,10.0
-394,7.0,0.0,10.0,0.0,0.0,0.0,9.0,0.0,0.0,0.0,5.0,10.0
-393,7.0,0.0,10.0,0.0,0.0,0.0,9.0,0.0,0.0,0.0,5.0,10.0
-392,7.0,0.0,10.0,0.0,0.0,0.0,9.0,0.0,0.0,0.0,5.0,10.0
-391,7.0,0.0,10.0,0.0,0.0,0.0,9.0,0.0,0.0,0.0,5.0,10.0
-390,7.0,0.0,10.0,0.0,0.0,0.0,9.0,0.0,0.0,0.0,5.0,10.0
-389,7.0,0.0,10.0,0.0,0.0,0.0,9.0,0.0,0.0,0.0,5.0,10.0
-388,7.0,0.0,10.0,0.0,0.0,0.0,9.0,0.0,0.0,0.0,5.0,10.0
-387,7.0,0.0,10.0,0.0,0.0,0.0,9.0,0.0,0.0,0.0,5.0,10.0
-386,7.0,0.0,10.0,0.0,0.0,0.0,9.0,0.0,0.0,0.0,5.0,10.0
-385,7.0,0.0,10.0,0.0,0.0,0.0,9.0,0.0,0.0,0.0,5.0,10.0
-384,7.0,0.0,10.0,0.0,0.0,0.0,9.0,0.0,0.0,0.0,5.0,10.0
-383,7.0,0.0,10.0,0.0,0.0,0.0,9.0,0.0,0.0,0.0,5.0,10.0
-382,7.0,0.0,10.0,0.0,0.0,0.0,9.0,0.0,0.0,0.0,5.0,10.0
-381,7.0,0.0,10.0,0.0,0.0,0.0,9.0,0.0,0.0,0.0,5.0,10.0
-380,7.0,0.0,10.0,0.0,0.0,0.0,9.0,0.0,0.0,0.0,5.0,10.0
-379,7.0,0.0,10.0,0.0,0.0,0.0,9.0,0.0,0.0,0.0,5.0,10.0
-378,7.0,0.0,10.0,0.0,0.0,0.0,9.0,0.0,0.0,0.0,5.0,10.0
-377,7.0,0.0,10.0,0.0,0.0,0.0,9.0,0.0,0.0,0.0,5.0,10.0
-376,7.0,0.0,10.0,0.0,0.0,0.0,9.0,0.0,0.0,0.0,5.0,10.0
-375,7.0,0.0,10.0,0.0,0.0,0.0,9.0,0.0,0.0,0.0,5.0,10.0
-374,7.0,0.0,10.0,0.0,0.0,0.0,9.0,0.0,0.0,0.0,5.0,10.0
-373,7.0,0.0,10.0,0.0,0.0,0.0,9.0,0.0,0.0,0.0,5.0,10.0
-372,7.0,0.0,10.0,0.0,0.0,0.0,9.0,0.0,0.0,0.0,5.0,10.0
-371,7.0,0.0,10.0,0.0,0.0,0.0,9.0,0.0,0.0,0.0,5.0,10.0
-370,7.0,0.0,10.0,0.0,0.0,0.0,9.0,0.0,0.0,0.0,5.0,10.0
-369,7.0,0.0,10.0,0.0,0.0,0.0,9.0,0.0,0.0,0.0,5.0,10.0
-368,7.0,0.0,10.0,0.0,0.0,0.0,9.0,0.0,0.0,0.0,5.0,10.0
-367,7.0,0.0,10.0,0.0,0.0,0.0,9.0,0.0,0.0,0.0,5.0,10.0
-366,7.0,0.0,10.0,0.0,0.0,0.0,9.0,0.0,0.0,0.0,5.0,10.0
-365,7.0,0.0,10.0,0.0,0.0,0.0,9.0,0.0,0.0,0.0,5.0,10.0
-364,7.0,0.0,10.0,0.0,0.0,0.0,9.0,0.0,0.0,0.0,5.0,10.0
-363,7.0,0.0,10.0,0.0,0.0,0.0,9.0,0.0,0.0,0.0,5.0,10.0
-362,7.0,0.0,10.0,0.0,0.0,0.0,9.0,0.0,0.0,0.0,5.0,10.0
-361,7.0,0.0,10.0,0.0,0.0,0.0,9.0,0.0,0.0,0.0,5.0,10.0
-360,7.0,0.0,10.0,0.0,0.0,0.0,9.0,0.0,0.0,0.0,5.0,10.0
-359,7.0,0.0,10.0,0.0,0.0,0.0,9.0,0.0,0.0,0.0,5.0,10.0
-358,7.0,0.0,10.0,0.0,0.0,0.0,9.0,0.0,0.0,0.0,5.0,10.0
-357,7.0,0.0,10.0,0.0,0.0,0.0,9.0,0.0,0.0,0.0,5.0,10.0
-356,7.0,0.0,10.0,0.0,0.0,0.0,9.0,0.0,0.0,0.0,5.0,10.0
-355,7.0,0.0,10.0,0.0,0.0,0.0,9.0,0.0,0.0,0.0,5.0,10.0
-354,7.0,0.0,10.0,0.0,0.0,0.0,9.0,0.0,0.0,0.0,5.0,10.0
-353,7.0,0.0,10.0,0.0,0.0,0.0,9.0,0.0,0.0,0.0,5.0,10.0
-352,7.0,0.0,10.0,0.0,0.0,0.0,9.0,0.0,0.0,0.0,5.0,10.0
-351,7.0,0.0,10.0,0.0,0.0,0.0,9.0,0.0,0.0,0.0,5.0,10.0
-350,7.0,0.0,10.0,0.0,0.0,0.0,9.0,0.0,0.0,0.0,5.0,10.0
-349,7.0,0.0,10.0,0.0,0.0,0.0,9.0,0.0,0.0,0.0,5.0,10.0
-348,7.0,0.0,10.0,0.0,0.0,0.0,9.0,0.0,0.0,0.0,5.0,10.0
-347,7.0,0.0,10.0,0.0,0.0,0.0,9.0,0.0,0.0,0.0,5.0,10.0
-346,7.0,0.0,10.0,0.0,0.0,0.0,9.0,0.0,0.0,0.0,5.0,10.0
-345,7.0,0.0,10.0,0.0,0.0,0.0,9.0,0.0,0.0,0.0,5.0,10.0
-344,7.0,0.0,10.0,0.0,0.0,0.0,9.0,0.0,0.0,0.0,5.0,10.0
-343,7.0,0.0,10.0,0.0,0.0,0.0,9.0,0.0,0.0,0.0,5.0,10.0
-342,7.0,0.0,10.0,0.0,0.0,0.0,8.923076923076923,0.0,0.0,0.0,5.0,10.0
-341,7.0,0.0,10.0,0.0,0.0,0.0,8.846153846153847,0.0,0.0,0.0,5.0,10.0
-340,7.0,0.0,10.0,0.0,0.0,0.0,8.76923076923077,0.0,0.0,0.0,5.0,10.0
-339,7.0,0.0,10.0,0.0,0.0,0.0,8.692307692307692,0.0,0.0,0.0,5.0,10.0
-338,7.0,0.0,10.0,0.0,0.0,0.0,8.615384615384615,0.0,0.0,0.0,5.0,10.0
-337,7.0,0.0,10.0,0.0,0.0,0.0,8.538461538461538,0.0,0.0,0.0,5.0,10.0
-336,7.0,0.0,10.0,0.0,0.0,0.0,8.461538461538462,0.0,0.0,0.0,5.0,10.0
-335,7.0,0.0,10.0,0.0,0.0,0.0,8.384615384615385,0.0,0.0,0.0,5.0,10.0
-334,7.0,0.0,10.0,0.0,0.0,0.0,8.307692307692308,0.0,0.0,0.0,5.0,10.0
-333,7.0,0.0,10.0,0.0,0.0,0.0,8.23076923076923,0.0,0.0,0.0,5.0,10.0
-332,7.0,0.0,10.0,0.0,0.0,0.0,8.153846153846153,0.0,0.0,0.0,5.0,10.0
-331,7.0,0.0,10.0,0.0,0.0,0.0,8.076923076923077,0.0,0.0,0.0,5.0,10.0
-330,7.0,0.0,10.0,0.0,0.0,0.0,8.0,0.0,0.0,0.0,5.0,10.0
-329,7.0,0.0,10.0,0.0,0.0,0.0,8.071428571428571,0.0,0.0,0.0,5.0,10.0
-328,7.0,0.0,10.0,0.0,0.0,0.0,8.142857142857142,0.0,0.0,0.0,5.0,10.0
-327,7.0,0.0,10.0,0.0,0.0,0.0,8.214285714285714,0.0,0.0,0.0,5.0,10.0
-326,7.0,0.0,10.0,0.0,0.0,0.0,8.285714285714286,0.0,0.0,0.0,5.0,10.0
-325,7.0,0.0,10.0,0.0,0.0,0.0,8.357142857142858,0.0,0.0,0.0,5.0,10.0
-324,7.0,0.0,10.0,0.0,0.0,0.0,8.428571428571429,0.0,0.0,0.0,5.0,10.0
-323,7.0,0.0,10.0,0.0,0.0,0.0,8.5,0.0,0.0,0.0,5.0,10.0
-322,7.0,0.0,10.0,0.0,0.0,0.0,8.571428571428571,0.0,0.0,0.0,5.0,10.0
-321,7.0,0.0,10.0,0.0,0.0,0.0,8.642857142857142,0.0,0.0,0.0,5.0,10.0
-320,7.0,0.0,10.0,0.0,0.0,0.0,8.714285714285714,0.0,0.0,0.0,5.0,10.0
-319,7.0,0.0,10.0,0.0,0.0,0.0,8.785714285714286,0.0,0.0,0.0,5.0,10.0
-318,7.0,0.0,10.0,0.0,0.0,0.0,8.857142857142858,0.0,0.0,0.0,5.0,10.0
-317,7.0,0.0,10.0,0.0,0.0,0.0,8.928571428571429,0.0,0.0,0.0,5.0,10.0
-316,7.0,0.0,10.0,0.0,0.0,0.0,9.0,0.0,0.0,0.0,5.0,10.0
-315,7.0,0.0,10.0,0.0,0.0,0.0,8.0,0.0,0.0,0.0,5.0,10.0
-314,7.0,0.0,10.0,0.0,0.0,0.0,8.066666666666666,0.0,0.0,0.0,5.0,10.0
-313,7.0,0.0,10.0,0.0,0.0,0.0,8.133333333333333,0.0,0.0,0.0,5.0,10.0
-312,7.0,0.0,10.0,0.0,0.0,0.0,8.2,0.0,0.0,0.0,5.0,10.0
-311,7.0,0.0,10.0,0.0,0.0,0.0,8.266666666666667,0.0,0.0,0.0,5.0,10.0
-310,7.0,0.0,10.0,0.0,0.0,0.0,8.333333333333334,0.0,0.0,0.0,5.0,10.0
-309,7.0,0.0,10.0,0.0,0.0,0.0,8.4,0.0,0.0,0.0,5.0,10.0
-308,7.0,0.0,10.0,0.0,0.0,0.0,8.466666666666667,0.0,0.0,0.0,5.0,10.0
-307,7.0,0.0,10.0,0.0,0.0,0.0,8.533333333333333,0.0,0.0,0.0,5.0,10.0
-306,7.0,0.0,10.0,0.0,0.0,0.0,8.6,0.0,0.0,0.0,5.0,10.0
-305,7.0,0.0,10.0,0.0,0.0,0.0,8.666666666666666,0.0,0.0,0.0,5.0,10.0
-304,7.0,0.0,10.0,0.0,0.0,0.0,8.733333333333333,0.0,0.0,0.0,5.0,10.0
-303,7.0,0.0,10.0,0.0,0.0,0.0,8.8,0.0,0.0,0.0,5.0,10.0
-302,7.0,0.0,10.0,0.0,0.0,0.0,8.866666666666667,0.0,0.0,0.0,5.0,10.0
-301,7.0,0.0,10.0,0.0,0.0,0.0,8.933333333333334,0.0,0.0,0.0,5.0,10.0
-300,7.0,0.0,10.0,0.0,0.0,0.0,9.0,0.0,0.0,0.0,5.0,10.0
-299,7.0,0.0,10.0,0.0,0.0,0.0,9.0,0.0,0.0,0.0,5.0,10.0
-298,7.0,0.0,10.0,0.0,0.0,0.0,9.0,0.0,0.0,0.0,5.0,10.0
-297,7.0,0.0,10.0,0.0,0.0,0.0,9.0,0.0,0.0,0.0,5.0,10.0
-296,7.0,0.0,10.0,0.0,0.0,0.0,9.0,0.0,0.0,0.0,5.0,10.0
-295,7.0,0.0,10.0,0.0,0.0,0.0,9.0,0.0,0.0,0.0,5.0,10.0
-294,7.0,0.0,10.0,0.0,0.0,0.0,9.0,0.0,0.0,0.0,5.0,10.0
-293,7.0,0.0,10.0,0.0,0.0,0.0,9.0,0.0,0.0,0.0,5.0,10.0
-292,7.0,0.0,10.0,0.0,0.0,0.0,9.0,0.0,0.0,0.0,5.0,10.0
-291,7.0,0.0,10.0,0.0,0.0,0.0,9.0,0.0,0.0,0.0,5.0,10.0
-290,7.0,0.0,10.0,0.0,0.0,0.0,9.0,0.0,0.0,0.0,5.0,10.0
-289,7.0,0.0,10.0,0.0,0.0,0.0,9.0,0.0,0.0,0.0,5.0,10.0
-288,7.0,0.0,10.0,0.0,0.0,0.0,9.0,0.0,0.0,0.0,5.0,10.0
-287,7.0,0.0,10.0,0.0,0.0,0.0,9.0,0.0,0.0,0.0,5.0,10.0
-286,7.0,0.0,10.0,0.0,0.0,0.0,9.0,0.0,0.0,0.0,5.0,10.0
-285,7.0,0.0,10.0,0.0,0.0,0.0,9.0,0.0,0.0,0.0,5.0,10.0
-284,7.0,0.0,10.0,0.0,0.0,0.0,9.0,0.0,0.0,0.0,5.0,10.0
-283,7.0,0.0,10.0,0.0,0.0,0.0,8.928571428571429,0.0,0.0,0.0,5.0,10.0
-282,7.0,0.0,10.0,0.0,0.0,0.0,8.857142857142858,0.0,0.0,0.0,5.0,10.0
-281,7.0,0.0,10.0,0.0,0.0,0.0,8.785714285714286,0.0,0.0,0.0,5.0,10.0
-280,7.0,0.0,10.0,0.0,0.0,0.0,8.714285714285714,0.0,0.0,0.0,5.0,10.0
-279,7.0,0.0,10.0,0.0,0.0,0.0,8.642857142857142,0.0,0.0,0.0,5.0,10.0
-278,7.0,0.0,10.0,0.0,0.0,0.0,8.571428571428571,0.0,0.0,0.0,5.0,10.0
-277,7.0,0.0,10.0,0.0,0.0,0.0,8.5,0.0,0.0,0.0,5.0,10.0
-276,7.0,0.0,10.0,0.0,0.0,0.0,8.428571428571429,0.0,0.0,0.0,5.0,10.0
-275,7.0,0.0,10.0,0.0,0.0,0.0,8.357142857142858,0.0,0.0,0.0,5.0,10.0
-274,7.0,0.0,10.0,0.0,0.0,0.0,8.285714285714286,0.0,0.0,0.0,5.0,10.0
-273,7.0,0.0,10.0,0.0,0.0,0.0,8.214285714285714,0.0,0.0,0.0,5.0,10.0
-272,7.0,0.0,10.0,0.0,0.0,0.0,8.142857142857142,0.0,0.0,0.0,5.0,10.0
-271,7.0,0.0,10.0,0.0,0.0,0.0,8.071428571428571,0.0,0.0,0.0,5.0,10.0
-270,7.0,0.0,10.0,0.0,0.0,0.0,8.0,0.0,0.0,0.0,5.0,10.0
-269,7.0,0.0,10.0,0.0,0.0,0.0,8.0,0.0,0.0,0.0,5.0,10.0
-268,7.0,0.0,10.0,0.0,0.0,0.0,8.0,0.0,0.0,0.0,5.0,10.0
-267,7.0,0.0,10.0,0.0,0.0,0.0,8.0,0.0,0.0,0.0,5.0,10.0
-266,7.0,0.0,10.0,0.0,0.0,0.0,8.0,0.0,0.0,0.0,5.0,10.0
-265,7.0,0.0,10.0,0.0,0.0,0.0,8.0,0.0,0.0,0.0,5.0,10.0
-264,7.0,0.0,10.0,0.0,0.0,0.0,8.0,0.0,0.0,0.0,5.0,10.0
-263,7.0,0.0,10.0,0.0,0.0,0.0,8.0,0.0,0.0,0.0,5.0,10.0
-262,7.0,0.0,10.0,0.0,0.0,0.0,8.0,0.0,0.0,0.0,5.0,10.0
-261,7.0,0.0,10.0,0.0,0.0,0.0,8.0,0.0,0.0,0.0,5.0,10.0
-260,7.0,0.0,10.0,0.0,0.0,0.0,8.0,0.0,0.0,0.0,5.0,10.0
-259,7.0,0.0,10.0,0.0,0.0,0.0,8.0,0.0,0.0,0.0,5.0,10.0
-258,7.0,0.0,10.0,0.0,0.0,0.0,8.0,0.0,0.0,0.0,5.0,10.0
-257,7.0,0.0,10.0,0.0,0.0,0.0,8.0,0.0,0.0,0.0,5.0,10.0
-256,7.0,0.0,10.0,0.0,0.0,0.0,8.052631578947368,0.0,0.0,0.0,5.0,10.0
-255,7.0,0.0,10.0,0.0,0.0,0.0,8.105263157894736,0.0,0.0,0.0,5.0,10.0
-254,7.0,0.0,10.0,0.0,0.0,0.0,8.157894736842104,0.0,0.0,0.0,5.0,10.0
-253,7.0,0.0,10.0,0.0,0.0,0.0,8.210526315789474,0.0,0.0,0.0,5.0,10.0
-252,7.0,0.0,10.0,0.0,0.0,0.0,8.263157894736842,0.0,0.0,0.0,5.0,10.0
-251,7.0,0.0,10.0,0.0,0.0,0.0,8.31578947368421,0.0,0.0,0.0,5.0,10.0
-250,7.0,0.0,10.0,0.0,0.0,0.0,8.368421052631579,0.0,0.0,0.0,5.0,10.0
-249,7.0,0.0,10.0,0.0,0.0,0.0,8.421052631578947,0.0,0.0,0.0,5.0,10.0
-248,7.0,0.0,10.0,0.0,0.0,0.0,8.473684210526315,0.0,0.0,0.0,5.0,10.0
-247,7.0,0.0,10.0,0.0,0.0,0.0,8.526315789473685,0.0,0.0,0.0,5.0,10.0
-246,7.0,0.0,10.0,0.0,0.0,0.0,8.578947368421053,0.0,0.0,0.0,5.0,10.0
-245,7.0,0.0,10.0,0.0,0.0,0.0,8.631578947368421,0.0,0.0,0.0,5.0,10.0
-244,7.0,0.0,10.0,0.0,0.0,0.0,8.68421052631579,0.0,0.0,0.0,5.0,10.0
-243,7.0,0.0,10.0,0.0,0.0,0.0,8.736842105263158,0.0,0.0,0.0,5.0,10.0
-242,7.0,0.0,10.0,0.0,0.0,0.0,8.789473684210526,0.0,0.0,0.0,5.0,10.0
-241,7.0,0.0,10.0,0.0,0.0,0.0,8.842105263157894,0.0,0.0,0.0,5.0,10.0
-240,7.0,0.0,10.0,0.0,0.0,0.0,8.894736842105264,0.0,0.0,0.0,5.0,10.0
-239,7.0,0.0,10.0,0.0,0.0,0.0,8.947368421052632,0.0,0.0,0.0,5.0,10.0
-238,7.0,0.0,10.0,0.0,0.0,0.0,9.0,0.0,0.0,0.0,5.0,10.0
-237,7.0,0.0,10.0,0.0,0.0,0.0,9.0,0.0,0.0,0.0,5.0,10.0
-236,7.0,0.0,10.0,0.0,0.0,0.0,9.0,0.0,0.0,0.0,5.0,10.0
-235,7.0,0.0,10.0,0.0,0.0,0.0,9.0,0.0,0.0,0.0,5.0,10.0
-234,7.0,0.0,10.0,0.0,0.0,0.0,9.0,0.0,0.0,0.0,5.0,10.0
-233,7.0,0.0,10.0,0.0,0.0,0.0,9.0,0.0,0.0,0.0,5.0,10.0
-232,7.0,0.0,10.0,0.0,0.0,0.0,9.0,0.0,0.0,0.0,5.0,10.0
-231,7.0,0.0,10.0,0.0,0.0,0.0,9.0,0.0,0.0,0.0,5.0,10.0
-230,7.0,0.0,10.0,0.0,0.0,0.0,9.0,0.0,0.0,0.0,5.0,10.0
-229,7.0,0.0,10.0,0.0,0.0,0.0,9.0,0.0,0.0,0.0,5.0,10.0
-228,7.0,0.0,10.0,0.0,0.0,0.0,9.0,0.0,0.0,0.0,5.0,10.0
-227,7.0,0.0,10.0,0.0,0.0,0.0,9.0,0.0,0.0,0.0,5.0,10.0
-226,7.0,0.0,10.0,0.0,0.0,0.0,9.0,0.0,0.0,0.0,5.0,10.0
-225,7.0,0.0,10.0,0.0,0.0,0.0,9.0,0.0,0.0,0.0,5.0,10.0
-224,7.0,0.0,10.0,0.0,0.0,0.0,9.0,0.0,0.0,0.0,5.0,10.0
-223,7.0,0.0,10.0,0.0,0.0,0.0,9.0,0.0,0.0,0.0,5.0,10.0
-222,7.0,0.0,10.0,0.0,0.0,0.0,9.0,0.0,0.0,0.0,5.0,10.0
-221,7.0,0.0,10.0,0.0,0.0,0.0,9.0,0.0,0.0,0.0,5.0,10.0
-220,7.0,0.0,10.0,0.0,0.0,0.0,9.0,0.0,0.0,0.0,5.0,10.0
-219,7.0,0.0,10.0,0.0,0.0,0.0,9.0,0.0,0.0,0.0,5.0,10.0
-218,7.0,0.0,10.0,0.0,0.0,0.0,9.0,0.0,0.0,0.0,5.0,10.0
-217,7.0,0.0,10.0,0.0,0.0,0.0,9.0,0.0,0.0,0.0,5.0,10.0
-216,7.0,0.0,10.0,0.0,0.0,0.0,9.0,0.0,0.0,0.0,5.0,10.0
-215,7.0,0.0,10.0,0.0,0.0,0.0,9.0,0.0,0.0,0.0,5.0,10.0
-214,7.0,0.0,10.0,0.0,0.0,0.0,9.0,0.0,0.0,0.0,5.0,10.0
-213,7.0,0.0,10.0,0.0,0.0,0.0,9.0,0.0,0.0,0.0,5.0,10.0
-212,7.0,0.0,10.0,0.0,0.0,0.0,9.0,0.0,0.0,0.0,5.0,10.0
-211,7.0,0.0,10.0,0.0,0.0,0.0,9.0,0.0,0.0,0.0,5.0,10.0
-210,7.0,0.0,10.0,0.0,0.0,0.0,9.0,0.0,0.0,0.0,5.0,10.0
-209,7.0,0.0,10.0,0.0,0.0,0.0,9.0,0.0,0.0,0.0,5.0,10.0
-208,7.0,0.0,10.0,0.0,0.0,0.0,9.0,0.0,0.0,0.0,5.0,10.0
-207,7.0,0.0,10.0,0.0,0.0,0.0,9.0,0.0,0.0,0.0,5.0,10.0
-206,7.0,0.0,10.0,0.0,0.0,0.0,9.0,0.0,0.0,0.0,5.0,10.0
-205,7.0,0.0,10.0,0.0,0.0,0.0,9.0,0.0,0.0,0.0,5.0,10.0
-204,7.0,0.0,10.0,0.0,0.0,0.0,9.0,0.0,0.0,0.0,5.0,10.0
-203,7.0,0.0,10.0,0.0,0.0,0.0,9.0,0.0,0.0,0.0,5.0,10.0
-202,7.0,0.0,10.0,0.0,0.0,0.0,9.0,0.0,0.0,0.0,5.0,10.0
-201,7.0,0.0,10.0,0.0,0.0,0.0,9.0,0.0,0.0,0.0,5.0,10.0
-200,7.0,0.0,10.0,0.0,0.0,0.0,9.0,0.0,0.0,0.0,5.0,10.0
-199,7.0,0.0,10.0,0.0,0.0,0.0,9.0,0.0,0.0,0.0,5.0,10.0
-198,7.0,0.0,10.0,0.0,0.0,0.0,9.0,0.0,0.0,0.0,5.0,10.0
-197,7.0,0.0,10.0,0.0,0.0,0.0,9.0,0.0,0.0,0.0,5.0,10.0
-196,7.0,0.0,10.0,0.0,0.0,0.0,9.0,0.0,0.0,0.0,5.0,10.0
-195,7.0,0.0,10.0,0.0,0.0,0.0,9.0,0.0,0.0,0.0,5.0,10.0
-194,7.0,0.0,10.0,0.0,0.0,0.0,9.0,0.0,0.0,0.0,5.0,10.0
-193,7.0,0.0,10.0,0.0,0.0,0.0,9.0,0.0,0.0,0.0,5.0,10.0
-192,7.0,0.0,10.0,0.0,0.0,0.0,9.0,0.0,0.0,0.0,5.0,10.0
-191,7.0,0.0,10.0,0.0,0.0,0.0,9.0,0.0,0.0,0.0,5.0,10.0
-190,7.0,0.0,10.0,0.0,0.0,0.0,9.0,0.0,0.0,0.0,5.0,10.0
-189,7.0,0.0,10.0,0.0,0.0,0.0,9.0,0.0,0.0,0.0,5.0,10.0
-188,7.0,0.0,10.0,0.0,0.0,0.0,9.0,0.0,0.0,0.0,5.0,10.0
-187,7.0,0.0,10.0,0.0,0.0,0.0,9.0,0.0,0.0,0.0,5.0,10.0
-186,7.0,0.0,10.0,0.0,0.0,0.0,9.0,0.0,0.0,0.0,5.0,10.0
-185,7.0,0.0,10.0,0.0,0.0,0.0,9.0,0.0,0.0,0.0,5.0,10.0
-184,7.0,0.0,10.0,0.0,0.0,0.0,9.0,0.0,0.0,0.0,5.0,10.0
-183,7.0,0.0,10.0,0.0,0.0,0.0,9.0,0.0,0.0,0.0,5.0,10.0
-182,7.0,0.0,10.0,0.0,0.0,0.0,9.0,0.0,0.0,0.0,5.0,10.0
-181,7.0,0.0,10.0,0.0,0.0,0.0,9.0,0.0,0.0,0.0,5.0,10.0
-180,7.0,0.0,10.0,0.0,0.0,0.0,9.0,0.0,0.0,0.0,5.0,10.0
-179,7.0,0.0,10.0,0.0,0.0,0.0,9.0,0.0,0.0,0.0,5.0,10.0
-178,7.0,0.0,10.0,0.0,0.0,0.0,9.0,0.0,0.0,0.0,5.0,10.0
-177,7.0,0.0,10.0,0.0,0.0,0.0,9.0,0.0,0.0,0.0,5.0,10.0
-176,7.0,0.0,10.0,0.0,0.0,0.0,9.0,0.0,0.0,0.0,5.0,10.0
-175,7.0,0.0,10.0,0.0,0.0,0.0,9.0,0.0,0.0,0.0,5.0,10.0
-174,7.0,0.0,10.0,0.0,0.0,0.0,9.0,0.0,0.0,0.0,5.0,10.0
-173,7.0,0.0,10.0,0.0,0.0,0.0,9.0,0.0,0.0,0.0,5.0,10.0
-172,7.0,0.0,10.0,0.0,0.0,0.0,9.0,0.0,0.0,0.0,5.0,10.0
-171,7.0,0.0,10.0,0.0,0.0,0.0,9.0,0.0,0.0,0.0,5.0,10.0
-170,7.0,0.0,10.0,0.0,0.0,0.0,9.0,0.0,0.0,0.0,5.0,10.0
-169,7.0,0.0,10.0,0.0,0.0,0.0,9.0,0.0,0.0,0.0,5.0,10.0
-168,7.0,0.0,10.0,0.0,0.0,0.0,9.0,0.0,0.0,0.0,5.0,10.0
-167,7.0,0.0,10.0,0.0,0.0,0.0,9.0,0.0,0.0,0.0,5.0,10.0
-166,7.0,0.0,10.0,0.0,0.0,0.0,9.0,0.0,0.0,0.0,5.0,10.0
-165,7.0,0.0,10.0,0.0,0.0,0.0,9.0,0.0,0.0,0.0,5.0,10.0
-164,7.0,0.0,10.0,0.0,0.0,0.0,9.0,0.0,0.0,0.0,5.0,10.0
-163,7.0,0.0,10.0,0.0,0.0,0.0,9.0,0.0,0.0,0.0,5.0,10.0
-162,7.0,0.0,10.0,0.0,0.0,0.0,9.0,0.0,0.0,0.0,5.0,10.0
-161,7.0,0.0,10.0,0.0,0.0,0.0,9.0,0.0,0.0,0.0,5.0,10.0
-160,7.0,0.0,10.0,0.0,0.0,0.0,9.0,0.0,0.0,0.0,5.0,10.0
-159,7.0,0.0,10.0,0.0,0.0,0.0,9.0,0.0,0.0,0.0,5.0,10.0
-158,7.0,0.0,10.0,0.0,0.0,0.0,9.0,0.0,0.0,0.0,5.0,10.0
-157,7.0,0.0,10.0,0.0,0.0,0.0,9.0,0.0,0.0,0.0,5.0,10.0
-156,7.0,0.0,10.0,0.0,0.0,0.0,9.0,0.0,0.0,0.0,5.0,10.0
-155,7.0,0.0,10.0,0.0,0.0,0.0,9.0,0.0,0.0,0.0,5.0,10.0
-154,7.0,0.0,10.0,0.0,0.0,0.0,9.0,0.0,0.0,0.0,5.0,10.0
-153,7.0,0.0,10.0,0.0,0.0,0.0,9.0,0.0,0.0,0.0,5.0,10.0
-152,7.0,0.0,10.0,0.0,0.0,0.0,9.0,0.0,0.0,0.0,5.0,10.0
-151,7.0,0.0,10.0,0.0,0.0,0.0,9.0,0.0,0.0,0.0,5.0,10.0
-150,7.0,0.0,10.0,0.0,0.0,0.0,9.0,0.0,0.0,0.0,5.0,10.0
-149,7.0,0.0,10.0,0.0,0.0,0.0,9.0,0.0,0.0,0.0,5.0,10.0
-148,7.0,0.0,10.0,0.0,0.0,0.0,9.0,0.0,0.0,0.0,5.0,10.0
-147,7.0,0.0,10.0,0.0,0.0,0.0,9.0,0.0,0.0,0.0,5.0,10.0
-146,7.0,0.0,10.0,0.0,0.0,0.0,9.0,0.0,0.0,0.0,5.0,10.0
-145,7.0,0.0,10.0,0.0,0.0,0.0,9.0,0.0,0.0,0.0,5.0,10.0
-144,7.0,0.0,10.0,0.0,0.0,0.0,9.0,0.0,0.0,0.0,5.0,10.0
-143,7.0,0.0,10.0,0.0,0.0,0.0,9.0,0.0,0.0,0.0,5.0,10.0
-142,7.0,0.0,10.0,0.0,0.0,0.0,9.0,0.0,0.0,0.0,5.0,10.0
-141,7.0,0.0,10.0,0.0,0.0,0.0,9.0,0.0,0.0,0.0,5.0,10.0
-140,7.0,0.0,10.0,0.0,0.0,0.0,9.0,0.0,0.0,0.0,5.0,10.0
-139,7.0,0.0,10.0,0.0,0.0,0.0,9.0,0.0,0.0,0.0,5.0,10.0
-138,7.0,0.0,10.0,0.0,0.0,0.0,9.0,0.0,0.0,0.0,5.0,10.0
-137,7.0,0.0,10.0,0.0,0.0,0.0,9.0,0.0,0.0,0.0,5.0,10.0
-136,7.0,0.0,10.0,0.0,0.0,0.0,9.0,0.0,0.0,0.0,5.0,10.0
-135,7.0,0.0,10.0,0.0,0.0,0.0,9.0,0.0,0.0,0.0,5.0,10.0
-134,7.0,0.0,10.0,0.0,0.0,0.0,9.0,0.0,0.0,0.0,5.0,10.0
-133,7.0,0.0,10.0,0.0,0.0,0.0,9.0,0.0,0.0,0.0,5.0,10.0
-132,7.0,0.0,10.0,0.0,0.0,0.0,9.0,0.0,0.0,0.0,5.0,10.0
-131,7.0,0.0,10.0,0.0,0.0,0.0,9.0,0.0,0.0,0.0,5.0,10.0
-130,7.0,0.0,10.0,0.0,0.0,0.0,9.0,0.0,0.0,0.0,5.0,10.0
-129,7.0,0.0,10.0,0.0,0.0,0.0,9.0,0.0,0.0,0.0,5.0,10.0
-128,7.0,0.0,10.0,0.0,0.0,0.0,9.0,0.0,0.0,0.0,5.0,10.0
-127,7.0,0.0,10.0,0.0,0.0,0.0,9.0,0.0,0.0,0.0,5.0,10.0
-126,7.0,0.0,10.0,0.0,0.0,0.0,9.0,0.0,0.0,0.0,5.0,10.0
-125,7.0,0.0,10.0,0.0,0.0,0.0,9.0,0.0,0.0,0.0,5.0,10.0
-124,7.0,0.0,10.0,0.0,0.0,0.0,9.0,0.0,0.0,0.0,5.0,10.0
-123,7.0,0.0,10.0,0.0,0.0,0.0,9.0,0.0,0.0,0.0,5.0,10.0
-122,7.0,0.0,10.0,0.0,0.0,0.0,9.0,0.0,0.0,0.0,5.0,10.0
-121,7.0,0.0,10.0,0.0,0.0,0.0,9.0,0.0,0.0,0.0,5.0,10.0
-120,7.0,0.0,10.0,0.0,0.0,0.0,9.0,0.0,0.0,0.0,5.0,10.0
-119,7.0,0.0,10.0,0.0,0.0,0.0,9.0,0.0,0.0,0.0,5.0,10.0
-118,7.0,0.0,10.0,0.0,0.0,0.0,9.0,0.0,0.0,0.0,5.0,10.0
-117,7.0,0.0,10.0,0.0,0.0,0.0,9.0,0.0,0.0,0.0,5.0,10.0
-116,7.0,0.0,10.0,0.0,0.0,0.0,9.0,0.0,0.0,0.0,5.0,10.0
-115,7.0,0.0,10.0,0.0,0.0,0.0,9.0,0.0,0.0,0.0,5.0,10.0
-114,7.0,0.0,10.0,0.0,0.0,0.0,9.0,0.0,0.0,0.0,5.0,10.0
-113,7.0,0.0,10.0,0.0,0.0,0.0,9.0,0.0,0.0,0.0,5.0,10.0
-112,7.0,0.0,10.0,0.0,0.0,0.0,9.0,0.0,0.0,0.0,5.0,10.0
-111,7.0,0.0,10.0,0.0,0.0,0.0,9.0,0.0,0.0,0.0,5.0,10.0
-110,7.0,0.0,9.090909090909092,0.0,0.0,0.0,9.0,0.0,0.0,0.0,5.0,10.0
-109,7.0,0.0,8.181818181818182,0.0,0.0,0.0,9.0,0.0,0.0,0.0,5.0,10.0
-108,7.0,0.0,7.272727272727273,0.0,0.0,0.0,9.0,0.0,0.0,0.0,5.0,10.0
-107,7.0,0.0,6.363636363636363,0.0,0.0,0.0,9.0,0.0,0.0,0.0,5.0,10.0
-106,7.0,0.0,5.454545454545455,0.0,0.0,0.0,9.0,0.0,0.0,0.0,5.0,10.0
-105,7.0,0.0,4.545454545454546,0.0,0.0,0.0,9.0,0.0,0.0,0.0,5.0,10.0
-104,7.0,0.0,3.6363636363636367,0.0,0.0,0.0,9.0,0.0,0.0,0.0,5.0,10.0
-103,7.0,0.0,2.7272727272727275,0.0,0.0,0.0,9.0,0.0,0.0,0.0,5.0,10.0
-102,7.0,0.0,1.8181818181818183,0.0,0.0,0.0,9.0,0.0,0.0,0.0,5.0,10.0
-101,7.0,0.0,0.9090909090909101,0.0,0.0,0.0,9.0,0.0,0.0,0.0,5.0,10.0
-100,7.0,0.0,0.0,0.0,0.0,0.0,9.0,0.0,0.0,0.0,5.0,10.0
-99,7.0,0.0,1.25,0.0,0.0,0.0,9.0,0.0,0.0,0.0,5.0,10.0
-98,7.0,0.0,2.5,0.0,0.0,0.0,9.0,0.0,0.0,0.0,5.0,10.0
-97,7.0,0.0,3.75,0.0,0.0,0.0,9.0,0.0,0.0,0.0,5.0,10.0
-96,7.0,0.0,5.0,0.0,0.0,0.0,9.0,0.0,0.0,0.0,5.0,10.0
-95,7.0,0.0,6.25,0.0,0.0,0.0,9.0,0.0,0.0,0.0,5.0,10.0
-94,7.0,0.0,7.5,0.0,0.0,0.0,9.0,0.0,0.0,0.0,5.0,10.0
-93,7.0,0.0,8.75,0.0,0.0,0.0,9.0,0.0,0.0,0.0,5.0,10.0
-92,7.0,0.0,10.0,0.0,0.0,0.0,9.0,0.0,0.0,0.0,5.0,10.0
-91,7.0,0.0,10.0,0.0,0.0,0.0,9.0,0.0,0.0,0.0,5.0,10.0
-90,7.0,0.0,10.0,0.0,0.0,0.0,9.0,0.0,0.0,0.0,5.0,10.0
-89,7.0,0.0,10.0,0.0,0.0,0.0,8.875,0.0,0.0,0.0,5.0,10.0
-88,7.0,0.0,10.0,0.0,0.0,0.0,8.75,0.0,0.0,0.0,5.0,10.0
-87,7.0,0.0,10.0,0.0,0.0,0.0,8.625,0.0,0.0,0.0,5.0,10.0
-86,7.0,0.0,10.0,0.0,0.0,0.0,8.5,0.0,0.0,0.0,5.0,10.0
-85,7.0,0.0,10.0,0.0,0.0,0.0,8.375,0.0,0.0,0.0,5.0,10.0
-84,7.0,0.0,10.0,0.0,0.0,0.0,8.25,0.0,0.0,0.0,5.0,10.0
-83,7.0,0.0,10.0,0.0,0.0,0.0,8.125,0.0,0.0,0.0,5.0,10.0
-82,7.0,0.0,10.0,0.0,0.0,0.0,8.0,0.0,0.0,0.0,5.0,10.0
-81,7.0,0.0,10.0,0.0,0.0,0.0,8.0,0.0,0.0,0.0,5.0,10.0
-80,7.0,0.0,10.0,0.0,0.0,0.0,8.0,0.0,0.0,0.0,5.0,10.0
-79,7.0,0.0,10.0,0.0,0.0,0.0,8.0,0.0,0.0,0.0,5.0,10.0
-78,7.0,0.0,10.0,0.0,0.0,0.0,8.0,0.0,0.0,0.0,5.0,10.0
-77,7.0,0.0,10.0,0.0,0.0,0.0,8.0,0.0,0.0,0.0,5.0,10.0
-76,7.0,0.0,10.0,0.0,0.0,0.0,8.0,0.0,0.0,0.0,5.0,10.0
-75,7.0,0.0,10.0,0.0,0.0,0.0,8.0,0.0,0.0,0.0,5.0,10.0
-74,7.0,0.0,10.0,0.0,0.0,0.0,8.0,0.0,0.0,0.0,5.0,10.0
-73,7.0,0.0,10.0,0.0,0.0,0.0,8.0,0.0,0.0,0.0,5.0,10.0
-72,7.0,0.0,10.0,0.0,0.0,0.0,8.0,0.0,0.0,0.0,5.0,10.0
-71,7.0,0.0,10.0,0.0,0.0,0.0,8.0,0.0,0.0,0.0,5.0,10.0
-70,7.0,0.0,10.0,0.0,0.0,0.0,8.0,0.0,0.0,0.0,5.0,10.0
-69,7.0,0.0,10.0,0.0,0.0,0.0,8.0,0.0,0.0,0.0,5.0,10.0
-68,7.0,0.0,10.0,0.0,0.0,0.0,8.0,0.0,0.0,0.0,5.0,10.0
-67,7.0,0.0,10.0,0.0,0.0,0.0,8.0,0.0,0.0,0.0,5.0,10.0
-66,7.0,0.0,10.0,0.0,0.0,0.0,8.0,0.0,0.0,0.0,5.0,10.0
-65,7.0,0.0,10.0,0.0,0.0,0.0,8.0,0.0,0.0,0.0,5.0,10.0
-64,7.0,0.0,10.0,0.0,0.0,0.0,8.0,0.0,0.0,0.0,5.0,10.0
-63,7.0,0.0,8.571428571428571,0.0,0.0,0.0,8.0,0.0,0.0,0.0,5.0,10.0
-62,7.142857142857143,0.0,7.142857142857142,0.0,0.0,0.0,8.0,0.0,0.0,0.0,5.0,10.0
-61,7.285714285714286,0.0,5.714285714285714,0.0,0.0,0.0,8.0,0.0,0.0,0.0,5.0,10.0
-60,7.428571428571429,0.0,4.285714285714286,0.0,0.0,0.0,8.0,0.0,0.0,0.0,5.0,10.0
-59,7.571428571428571,0.0,2.8571428571428568,0.0,0.0,0.0,8.0,0.0,0.0,0.0,5.0,10.0
-58,7.714285714285714,0.0,1.4285714285714288,0.0,0.0,0.0,8.0,0.0,0.0,0.0,5.0,10.0
-57,7.857142857142857,0.0,0.0,0.0,0.0,0.0,8.0,0.0,0.0,0.0,5.0,10.0
-56,8.0,0.0,1.25,0.0,0.0,0.0,8.0,0.0,0.0,0.0,5.0,10.0
-55,8.0,0.0,2.5,0.0,0.0,0.0,8.0,0.0,0.0,0.0,5.0,10.0
-54,8.0,0.0,3.75,0.0,0.0,0.0,8.0,0.0,0.0,0.0,5.0,10.0
-53,8.0,0.0,5.0,0.0,0.0,0.0,8.0,0.0,0.0,0.0,5.0,10.0
-52,8.0,0.0,6.25,0.0,0.0,0.0,8.0,0.0,0.0,0.0,5.0,10.0
-51,8.0,0.0,7.5,0.0,0.0,0.0,8.0,0.0,0.0,0.0,5.0,10.0
-50,8.0,0.0,8.75,0.0,0.0,0.0,8.0,0.0,0.0,0.0,5.0,10.0
-49,8.0,0.0,10.0,0.0,0.0,0.0,8.0,0.0,0.0,0.0,5.0,10.0
-48,8.0,0.0,10.0,0.0,0.0,0.0,8.0,0.0,0.0,0.0,5.0,10.0
-47,8.0,0.0,10.0,0.0,0.0,0.0,8.0,0.0,0.0,0.0,5.0,10.0
-46,8.0,0.0,10.0,0.0,0.0,0.0,8.0,0.0,0.0,0.0,5.0,10.0
-45,8.0,0.0,10.0,0.0,0.0,0.0,8.0,0.0,0.0,0.0,5.0,10.0
-44,8.0,0.0,10.0,0.0,0.0,0.0,8.0,0.0,0.0,0.0,5.0,10.0
-43,8.0,0.0,10.0,0.0,0.0,0.0,8.0,0.0,0.0,0.0,5.0,10.0
-42,8.0,0.0,10.0,0.0,0.0,0.0,8.0,0.0,0.0,0.0,5.0,10.0
-41,8.0,0.0,10.0,0.0,0.0,0.0,8.0,0.0,0.0,0.0,5.0,10.0
-40,8.0,0.0,10.0,0.0,0.0,0.0,8.0,0.0,0.0,0.0,5.0,10.0
-39,8.0,0.0,10.0,0.0,0.0,0.0,8.0,0.0,0.0,0.0,5.0,10.0
-38,8.0,0.0,10.0,0.0,0.0,0.0,8.0,0.0,0.0,0.0,5.0,10.0
-37,8.0,0.0,8.88888888888889,0.0,0.0,0.0,8.0,0.0,0.0,0.0,5.0,10.0
-36,8.0,0.0,7.777777777777778,0.0,0.0,0.0,8.0,0.0,0.0,0.0,5.0,10.0
-35,8.0,0.0,6.666666666666666,0.0,0.0,0.0,8.0,0.0,0.0,0.0,5.0,10.0
-34,8.0,0.0,5.555555555555555,0.0,0.0,0.0,8.0,0.0,0.0,0.0,5.0,10.0
-33,8.0,0.0,4.444444444444445,0.0,0.0,0.0,8.0,0.0,0.0,0.0,5.0,10.0
-32,8.0,0.0,3.333333333333333,0.0,0.0,0.0,8.0,0.0,0.0,0.0,5.0,10.0
-31,8.0,0.0,2.2222222222222214,0.0,0.0,0.0,8.0,0.0,0.0,0.0,5.0,10.0
-30,8.0,0.0,1.1111111111111107,0.0,0.0,0.0,8.0,0.0,0.0,0.0,5.0,10.0
-29,8.0,0.0,0.0,0.0,0.0,0.0,8.0,0.0,0.0,0.0,5.0,10.0
-28,8.0,0.0,0.7142857142857143,0.0,0.0,0.0,8.0,0.0,0.0,0.0,5.0,10.0
-27,8.0,0.0,1.4285714285714286,0.0,0.0,0.0,8.0,0.0,0.0,0.0,5.0,10.0
-26,8.0,0.0,2.142857142857143,0.0,0.0,0.0,8.0,0.0,0.0,0.0,5.0,10.0
-25,8.0,0.0,2.857142857142857,0.0,0.0,0.0,8.0,0.0,0.0,0.0,5.0,10.0
-24,8.0,0.0,3.5714285714285716,0.0,0.0,0.0,8.0,0.0,0.0,0.0,5.0,10.0
-23,8.0,0.0,4.285714285714286,0.0,0.0,0.0,8.0,0.0,0.0,0.0,5.0,10.0
-22,8.0,0.0,5.0,0.0,0.0,0.0,8.0,0.0,0.0,0.0,5.0,10.0
-21,8.0,0.0,5.714285714285714,0.0,0.0,0.0,8.0,0.0,0.0,0.0,5.0,10.0
-20,8.0,0.0,6.428571428571429,0.0,0.0,0.0,8.0,0.0,0.0,0.0,5.0,10.0
-19,8.0,0.0,7.142857142857143,0.0,0.0,0.0,8.0,0.0,0.0,0.0,5.0,10.0
-18,8.0,0.0,7.857142857142858,0.0,0.0,0.0,8.0,0.0,0.0,0.0,5.0,10.0
-17,8.0,0.0,8.571428571428571,0.0,0.0,0.0,8.0,0.0,0.0,0.0,5.0,10.0
-16,8.0,0.0,9.285714285714286,0.0,0.0,0.0,8.0,0.0,0.0,0.0,5.0,10.0
-15,8.0,0.0,10.0,0.0,0.0,0.0,8.0,0.0,0.0,0.0,5.0,10.0
-14,8.0,0.0,9.090909090909092,0.0,0.0,0.0,8.0,0.0,0.0,0.0,5.0,10.0
-13,8.0,0.0,8.181818181818182,0.0,0.0,0.0,8.0,0.0,0.0,0.0,5.0,10.0
-12,8.0,0.0,7.272727272727273,0.0,0.0,0.0,8.0,0.0,0.0,0.0,5.0,10.0
-11,8.0,0.0,6.363636363636363,0.0,0.0,0.0,8.0,0.0,0.0,0.0,5.0,10.0
-10,8.0,0.0,5.454545454545455,0.0,0.0,0.0,8.0,0.0,0.0,0.0,5.0,10.0
-9,8.0,0.0,4.545454545454546,0.0,0.0,0.0,8.0,0.0,0.0,0.0,5.0,10.0
-8,8.0,0.0,3.6363636363636367,0.0,0.0,0.0,8.0,0.0,0.0,0.0,5.0,10.0
-7,8.0,0.0,2.7272727272727275,0.0,0.0,0.0,8.0,0.0,0.0,0.0,5.0,10.0
-6,8.0,0.0,1.8181818181818183,0.0,0.0,0.0,8.0,0.0,0.0,0.0,5.0,10.0
-5,8.0,0.0,0.9090909090909101,0.0,0.0,0.0,8.0,0.0,0.0,0.0,5.0,10.0
-4,8.0,0.0,0.0,0.0,0.0,0.0,8.0,0.0,0.0,0.0,5.0,10.0
-3,8.0,0.0,1.6666666666666667,0.0,0.0,0.0,8.0,0.0,0.0,0.0,5.0,10.0
-2,8.0,0.0,3.3333333333333335,0.0,0.0,0.0,8.0,0.0,0.0,0.0,5.0,10.0
-1,8.0,0.0,5.0,0.0,0.0,0.0,8.0,0.0,0.0,0.0,5.0,10.0
0,8.0,0.0,6.666666666666667,0.0,0.0,0.0,8.0,0.0,0.0,0.0,5.0,10.0
1,8.0,0.0,8.333333333333334,0.0,0.0,0.0,8.0,0.0,0.0,0.0,5.0,10.0
2,8.0,0.0,10.0,0.0,0.0,0.0,8.0,0.0,0.0,0.0,5.0,10.0
3,8.0,0.0,8.0,0.0,0.0,0.0,8.0,0.0,0.0,0.0,5.0,10.0
4,8.0,0.0,6.0,0.0,0.0,0.0,8.0,0.0,0.0,0.0,5.0,10.0
5,8.0,0.0,4.0,0.0,0.0,0.0,8.0,0.0,0.0,0.0,5.0,10.0
6,8.0,0.0,2.0,0.0,0.0,0.0,8.0,0.0,0.0,0.0,5.0,10.0
7,8.0,0.0,0.0,0.0,0.0,0.0,8.0,0.0,0.0,0.0,5.0,10.0
8,8.0,0.0,0.0,0.0,0.0,0.0,8.0,0.0,0.0,0.0,5.0,10.0
9,8.0,0.0,0.0,0.0,0.0,0.0,8.0,0.0,0.0,0.0,5.0,10.0
10,8.0,0.0,0.0,0.0,0.0,0.0,8.0,0.0,0.0,0.0,5.0,10.0
11,8.0,0.0,0.0,0.0,0.0,0.0,8.0,0.0,0.0,0.0,5.0,10.0
12,8.0,0.0,0.0,0.0,0.0,0.0,8.0,0.0,0.0,0.0,5.0,10.0
13,8.0,0.0,0.0,0.0,0.0,0.0,8.0,0.0,0.0,0.0,5.0,10.0
14,8.0,0.0,0.0,0.0,0.0,0.0,8.0,0.0,0.0,0.0,5.0,10.0
15,8.0,0.0,0.0,0.0,0.0,0.0,8.0,0.0,0.0,0.0,5.0,10.0
16,8.0,0.0,0.0,0.0,0.0,0.0,8.0,0.0,0.0,0.0,5.0,10.0
17,8.0,0.0,0.0,0.0,0.0,0.0,8.0,0.0,0.0,0.0,5.0,10.0
18,8.0,0.0,0.0,0.0,0.0,0.0,8.0,0.0,0.0,0.0,5.0,10.0
19,8.0,0.0,0.0,0.0,0.0,0.0,8.0,0.0,0.0,0.0,5.0,10.0
20,8.0,0.0,0.0,0.0,0.0,0.0,8.0,0.0,0.0,0.0,5.0,10.0
21,8.0,0.0,0.0,0.0,0.0,0.0,8.0,0.0,0.0,0.0,5.0,10.0
22,8.0,0.0,0.0,0.0,0.0,0.0,8.0,0.0,0.0,0.0,5.0,10.0
23,8.0,0.0,0.0,0.0,0.0,0.0,8.0,0.0,0.0,0.0,5.0,10.0
24,8.0,0.0,0.0,0.0,0.0,0.0,8.0,0.0,0.0,0.0,5.0,10.0
25,8.0,0.0,0.0,0.0,0.0,0.0,8.0,0.0,0.0,0.0,5.0,10.0
26,8.0,0.0,0.0,0.0,0.0,0.0,8.0,0.0,0.0,0.0,5.0,10.0
27,8.0,0.0,0.0,0.0,0.0,0.0,8.0,0.0,0.0,0.0,5.0,10.0
28,8.0,0.0,0.0,0.0,0.0,0.0,8.0,0.0,0.0,0.0,5.0,10.0
29,8.0,0.0,0.0,0.0,0.0,0.0,8.0,0.0,0.0,0.0,5.0,10.0
30,8.0,0.0,0.0,0.0,0.0,0.0,8.0,0.0,0.0,0.0,5.0,10.0
31,8.0,0.0,0.0,0.0,0.0,0.0,8.0,0.0,0.0,0.0,5.0,10.0
32,8.0,0.0,0.0,0.0,0.0,0.0,8.0,0.0,0.0,0.0,5.0,10.0
33,8.0,0.0,0.0,0.0,0.0,0.0,8.0,0.0,0.0,0.0,5.0,10.0
34,8.0,0.0,0.0,0.0,0.0,0.0,8.0,0.0,0.0,0.0,5.0,10.0
35,8.0,0.0,0.0,0.0,0.0,0.0,8.0,0.0,0.0,0.0,5.0,10.0
36,8.0,0.0,0.0,0.0,0.0,0.0,8.0,0.0,0.0,0.0,5.0,10.0
37,8.0,0.0,0.0,0.0,0.0,0.0,8.0,0.0,0.0,0.0,5.0,10.0
38,8.0,0.0,0.0,0.0,0.0,0.0,8.0,0.0,0.0,0.0,5.0,10.0
39,8.0,0.0,0.0,0.0,0.0,0.0,8.0,0.0,0.0,0.0,5.0,10.0
40,8.0,0.0,0.0,0.0,0.0,0.0,8.0,0.0,0.0,0.0,5.0,10.0
41,8.0,0.0,0.0,0.0,0.0,0.0,8.0,0.0,0.0,0.0,5.0,10.0
42,8.0,0.0,0.0,0.0,0.0,0.0,8.0,0.0,0.0,0.0,5.0,10.0
43,8.0,0.0,0.375,0.0,0.0,0.0,8.0,0.0,0.0,0.0,5.0,10.0
44,8.0,0.0,0.75,0.0,0.0,0.0,8.0,0.0,0.0,0.0,5.0,10.0
45,8.0,0.0,1.125,0.0,0.0,0.0,8.0,0.0,0.0,0.0,5.0,10.0
46,8.0,0.0,1.5,0.0,0.0,0.0,8.0,0.0,0.0,0.0,5.0,10.0
47,8.0,0.0,1.875,0.0,0.0,0.0,8.0,0.0,0.0,0.0,5.0,10.0
48,8.0,0.0,2.25,0.0,0.0,0.0,8.0,0.0,0.0,0.0,5.0,10.0
49,8.0,0.0,2.625,0.0,0.0,0.0,8.0,0.0,0.0,0.0,5.0,10.0
50,8.0,0.0,3.0,0.0,0.0,0.0,8.0,0.0,0.0,0.0,5.0,10.0
51,8.0,0.0,3.0,0.0,0.0,0.0,8.0,0.0,0.0,0.0,5.0,10.0
52,8.0,0.0,3.0,0.0,0.0,0.0,8.0,0.0,0.0,0.0,5.0,10.0
53,8.0,0.0,3.0,0.0,0.0,0.0,8.0,0.0,0.0,0.0,5.0,10.0
54,8.0,0.0,3.0,0.0,0.0,0.0,8.0,0.0,0.0,0.0,5.0,10.0
55,8.0,0.0,3.0,0.0,0.0,0.0,8.0,0.0,0.0,0.0,5.0,10.0
56,8.0,0.0,3.0,0.0,0.0,0.0,8.0,0.0,0.0,0.0,5.0,10.0
57,8.0,0.0,3.0,0.0,0.0,0.0,8.0,0.0,0.0,0.0,5.0,10.0
58,8.0,0.0,3.0,0.0,0.0,0.0,8.0,0.0,0.0,0.0,5.0,10.0
59,8.0,0.0,3.0,0.0,0.0,0.0,8.0,0.0,0.0,0.0,5.0,10.0
60,8.0,0.0,3.0,0.0,0.0,0.0,8.0,0.0,0.0,0.0,5.0,10.0
61,8.0,0.0,3.0,0.0,0.0,0.0,8.0,0.0,0.0,0.0,5.0,10.0
62,8.0,0.0,3.0,0.0,0.0,0.0,8.0,0.0,0.0,0.0,5.0,10.0
63,8.0,0.0,3.0,0.0,0.0,0.0,8.0,0.0,0.0,0.0,5.0,10.0
64,8.0,0.0,3.0,0.0,0.0,0.0,8.0,0.0,0.0,0.0,5.0,10.0
65,8.0,0.0,3.0,0.0,0.0,0.0,8.0,0.0,0.0,0.0,5.0,10.0
66,8.0,0.0,3.0,0.0,0.0,0.0,8.0,0.0,0.0,0.0,5.0,10.0
67,8.0,0.0,3.0,0.0,0.0,0.0,8.0,0.0,0.0,0.0,5.0,10.0
68,8.0,0.0,3.0,0.0,0.0,0.0,8.0,0.0,0.0,0.0,5.0,10.0
69,8.0,0.0,3.0,0.0,0.0,0.0,8.0,0.0,0.0,0.0,5.0,10.0
70,8.0,0.0,3.0,0.0,0.0,0.0,8.0,0.0,0.0,0.0,5.0,10.0
71,8.0,0.0,3.0,0.0,0.0,0.0,8.0,0.0,0.0,0.0,5.0,10.0
72,8.0,0.0,3.0,0.0,0.0,0.0,8.0,0.0,0.0,0.0,5.0,10.0
73,8.0,0.0,3.0,0.0,0.0,0.0,8.0,0.0,0.0,0.0,5.0,10.0
74,8.0,0.0,3.0,0.0,0.0,0.0,8.0,0.0,0.0,0.0,5.0,10.0
75,8.0,0.0,3.0,0.0,0.0,0.0,8.0,0.0,0.0,0.0,5.0,10.0
76,8.0,0.0,3.0,0.0,0.0,0.0,8.0,0.0,0.0,0.0,5.0,10.0
77,8.0,0.0,3.0,0.0,0.0,0.0,8.0,0.0,0.0,0.0,5.0,10.0
78,8.0,0.0,3.0,0.0,0.0,0.0,8.0,0.0,0.0,0.0,5.0,10.0
79,8.0,0.0,3.0,0.0,0.0,0.0,8.0,0.0,0.0,0.0,5.0,10.0
80,8.0,0.0,3.0,0.0,0.0,0.0,8.0,0.0,0.0,0.0,5.0,10.0
81,8.0,0.0,3.0,0.0,0.0,0.0,8.0,0.0,0.0,0.0,5.0,10.0
82,8.0,0.0,3.0,0.0,0.0,0.0,8.0,0.0,0.0,0.0,5.0,10.0
83,8.0,0.0,3.0,0.0,0.0,0.0,8.0,0.0,0.0,0.0,5.0,10.0
84,8.0,0.0,3.0,0.0,0.0,0.0,8.0,0.0,0.0,0.0,5.0,10.0
85,8.0,0.0,3.0,0.0,0.0,0.0,8.0,0.0,0.0,0.0,5.0,10.0
86,8.0,0.0,3.0,0.0,0.0,0.0,8.0,0.0,0.0,0.0,5.0,10.0
87,8.0,0.0,3.0,0.0,0.0,0.0,8.0,0.0,0.0,0.0,5.0,10.0
88,8.0,0.0,3.0,0.0,0.0,0.0,8.0,0.0,0.0,0.0,5.0,10.0
89,8.0,0.0,3.0,0.0,0.0,0.0,8.0,0.0,0.0,0.0,5.0,10.0
90,8.0,0.0,3.0,0.0,0.0,0.0,8.0,0.0,0.0,0.0,5.0,10.0
91,8.0,0.0,3.0,0.0,0.0,0.0,8.0,0.0,0.0,0.0,5.0,10.0
92,8.0,0.0,3.0,0.0,0.0,0.0,8.0,0.0,0.0,0.0,5.0,10.0
93,8.0,0.0,3.0,0.0,0.0,0.0,8.0,0.0,0.0,0.0,5.0,10.0
94,8.0,0.0,3.0,0.0,0.0,0.0,8.0,0.0,0.0,0.0,5.0,10.0
95,8.0,0.0,3.0,0.0,0.0,0.0,8.0,0.0,0.0,0.0,5.0,10.0
96,8.0,0.0,3.0,0.0,0.0,0.0,8.0,0.0,0.0,0.0,5.0,10.0
97,8.0,0.0,3.0,0.0,0.0,0.0,8.0,0.0,0.0,0.0,5.0,10.0
98,8.0,0.0,3.0,0.0,0.0,0.0,8.0,0.0,0.0,0.0,5.0,10.0
99,8.0,0.0,3.0,0.0,0.0,0.0,8.0,0.0,0.0,0.0,5.0,10.0
100,8.0,0.0,3.0,0.0,0.0,0.0,8.0,0.0,0.0,0.0,5.0,10.0
101,8.0,0.0,3.0,0.0,0.0,0.0,8.0,0.0,0.0,0.0,5.0,10.0
102,8.0,0.0,3.0,0.0,0.0,0.0,8.0,0.0,0.0,0.0,5.0,10.0
103,8.0,0.0,3.0,0.0,0.0,0.0,8.0,0.0,0.0,0.0,5.0,10.0
104,8.0,0.0,3.0,0.0,0.0,0.0,8.0,0.0,0.0,0.0,5.0,10.0
105,8.0,0.0,3.0,0.0,0.0,0.0,8.0,0.0,0.0,0.0,5.0,10.0
106,8.0,0.0,3.0,0.0,0.0,0.0,8.0,0.0,0.0,0.0,5.0,10.0
107,8.0,0.0,3.0,0.0,0.0,0.0,8.0,0.0,0.0,0.0,5.0,10.0
108,8.0,0.0,3.0,0.0,0.0,0.0,8.0,0.0,0.0,0.0,5.0,10.0
109,8.0,0.0,3.0,0.0,0.0,0.0,8.0,0.0,0.0,0.0,5.0,10.0
110,8.0,0.0,3.0,0.0,0.0,0.0,8.0,0.0,0.0,0.0,5.0,10.0
111,8.0,0.0,3.0,0.0,0.0,0.0,8.0,0.0,0.0,0.0,5.0,10.0
112,8.0,0.0,3.0,0.0,0.0,0.0,8.0,0.0,0.0,0.0,5.0,10.0
113,8.0,0.0,3.0,0.0,0.0,0.0,8.0,0.0,0.0,0.0,5.0,10.0
114,8.0,0.0,3.0,0.0,0.0,0.0,8.0,0.0,0.0,0.0,5.0,10.0
115,8.0,0.0,3.0,0.0,0.0,0.0,8.0,0.0,0.0,0.0,5.0,10.0
116,8.0,0.0,3.0,0.0,0.0,0.0,8.0,0.0,0.0,0.0,5.0,10.0
117,8.0,0.0,3.0,0.0,0.0,0.0,8.0,0.0,0.0,0.0,5.0,10.0
118,8.0,0.0,3.0,0.0,0.0,0.0,8.0,0.0,0.0,0.0,5.0,10.0
119,8.0,0.0,3.0,0.0,0.0,0.0,8.0,0.0,0.0,0.0,5.0,10.0
120,8.0,0.0,3.0,0.0,0.0,0.0,8.0,0.0,0.0,0.0,5.0,10.0
121,8.0,0.0,3.0,0.0,0.0,0.0,8.0,0.0,0.0,0.0,5.0,10.0
122,8.0,0.0,3.0,0.0,0.0,0.0,8.0,0.0,0.0,0.0,5.0,10.0
123,8.0,0.0,3.0,0.0,0.0,0.0,8.0,0.0,0.0,0.0,5.0,10.0
124,8.0,0.0,3.0,0.0,0.0,0.0,8.0,0.0,0.0,0.0,5.0,10.0
125,8.0,0.0,3.0,0.0,0.0,0.0,8.0,0.0,0.0,0.0,5.0,10.0
126,8.0,0.0,3.0,0.0,0.0,0.0,8.0,0.0,0.0,0.0,5.0,10.0
127,8.0,0.0,3.0,0.0,0.0,0.0,8.0,0.0,0.0,0.0,5.0,10.0
128,8.0,0.0,3.0,0.0,0.0,0.0,8.0,0.0,0.0,0.0,5.0,10.0
129,8.0,0.0,3.0,0.0,0.0,0.0,8.0,0.0,0.0,0.0,5.0,10.0
130,8.0,0.0,3.0,0.0,0.0,0.0,8.0,0.0,0.0,0.0,5.0,10.0
131,8.0,0.0,3.0,0.0,0.0,0.0,8.0,0.0,0.0,0.0,5.0,10.0
132,8.0,0.0,3.0,0.0,0.0,0.0,8.0,0.0,0.0,0.0,5.0,10.0
133,8.0,0.0,3.0,0.0,0.0,0.0,8.0,0.0,0.0,0.0,5.0,10.0
134,8.0,0.0,3.0,0.0,0.0,0.0,8.0,0.0,0.0,0.0,5.0,10.0
135,8.0,0.0,3.0,0.0,0.0,0.0,8.0,0.0,0.0,0.0,5.0,10.0
136,8.0,0.0,3.0,0.0,0.0,0.0,8.0,0.0,0.0,0.0,5.0,10.0
137,8.0,0.0,3.0,0.0,0.0,0.0,8.0,0.0,0.0,0.0,5.0,10.0
138,8.0,0.0,3.0,0.0,0.0,0.0,8.0,0.0,0.0,0.0,5.0,10.0
139,8.0,0.0,3.0,0.0,0.0,0.0,8.0,0.0,0.0,0.0,5.0,10.0
140,8.0,0.0,3.0,0.0,0.0,0.0,8.0,0.0,0.0,0.0,5.0,10.0
141,8.0,0.0,3.0,0.0,0.0,0.0,8.0,0.0,0.0,0.0,5.0,10.0
142,8.0,0.0,3.0,0.0,0.0,0.0,8.0,0.0,0.0,0.0,5.0,10.0
143,8.0,0.0,3.0,0.0,0.0,0.0,8.0,0.0,0.0,0.0,5.0,10.0
144,8.0,0.0,3.0,0.0,0.0,0.0,8.0,0.0,0.0,0.0,5.0,10.0
145,8.0,0.0,3.0,0.0,0.0,0.0,8.0,0.0,0.0,0.0,5.0,10.0
146,8.0,0.0,3.0,0.0,0.0,0.0,8.0,0.0,0.0,0.0,5.0,10.0
147,8.0,0.0,3.0,0.0,0.0,0.0,8.0,0.0,0.0,0.0,5.0,10.0
148,8.0,0.0,3.0,0.0,0.0,0.0,8.0,0.0,0.0,0.0,5.0,10.0
149,8.0,0.0,3.0,0.0,0.0,0.0,8.0,0.0,0.0,0.0,5.0,10.0
150,8.0,0.0,3.0,0.0,0.0,0.0,8.0,0.0,0.0,0.0,5.0,10.0
151,8.0,0.0,3.0,0.0,0.0,0.0,8.0,0.0,0.0,0.0,5.0,10.0
152,8.0,0.0,3.0,0.0,0.0,0.0,8.0,0.0,0.0,0.0,5.0,10.0
153,8.0,0.0,3.0,0.0,0.0,0.0,8.0,0.0,0.0,0.0,5.0,10.0
154,8.0,0.0,3.0,0.0,0.0,0.0,8.0,0.0,0.0,0.0,5.0,10.0
155,8.0,0.0,3.0,0.0,0.0,0.0,8.0,0.0,0.0,0.0,5.0,10.0
156,8.0,0.0,3.0,0.0,0.0,0.0,8.0,0.0,0.0,0.0,5.0,10.0
157,8.0,0.0,3.0,0.0,0.0,0.0,8.0,0.0,0.0,0.0,5.0,10.0
158,8.0,0.0,3.0,0.0,0.0,0.0,8.0,0.0,0.0,0.0,5.0,10.0
159,8.0,0.0,3.0,0.0,0.0,0.0,8.0,0.0,0.0,0.0,5.0,10.0
160,8.0,0.0,3.0,0.0,0.0,0.0,8.0,0.0,0.0,0.0,5.0,10.0
161,8.0,0.0,3.0,0.0,0.0,0.0,8.0,0.0,0.0,0.0,5.0,10.0
162,8.0,0.0,3.0,0.0,0.0,0.0,8.0,0.0,0.0,0.0,5.0,10.0
163,8.0,0.0,3.0,0.0,0.0,0.0,8.0,0.0,0.0,0.0,5.0,10.0
164,8.0,0.0,3.0,0.0,0.0,0.0,8.0,0.0,0.0,0.0,5.0,10.0
165,8.0,0.0,3.0,0.0,0.0,0.0,8.0,0.0,0.0,0.0,5.0,10.0
166,8.0,0.0,3.0,0.0,0.0,0.0,8.0,0.0,0.0,0.0,5.0,10.0
167,8.0,0.0,3.0,0.0,0.0,0.0,8.0,0.0,0.0,0.0,5.0,10.0
168,8.0,0.0,3.0,0.0,0.0,0.0,8.0,0.0,0.0,0.0,5.0,10.0
169,8.0,0.0,3.0,0.0,0.0,0.0,8.0,0.0,0.0,0.0,5.0,10.0
170,8.0,0.0,3.0,0.0,0.0,0.0,8.0,0.0,0.0,0.0,5.0,10.0
171,8.0,0.0,3.0,0.0,0.0,0.0,8.0,0.0,0.0,0.0,5.0,10.0
172,8.0,0.0,3.0,0.0,0.0,0.0,8.0,0.0,0.0,0.0,5.0,10.0
173,8.0,0.0,3.0,0.0,0.0,0.0,8.0,0.0,0.0,0.0,5.0,10.0
174,8.0,0.0,3.0,0.0,0.0,0.0,8.0,0.0,0.0,0.0,5.0,10.0
175,8.0,0.0,3.0,0.0,0.0,0.0,8.0,0.0,0.0,0.0,5.0,10.0
176,8.0,0.0,3.0,0.0,0.0,0.0,8.0,0.0,0.0,0.0,5.0,10.0
177,8.0,0.0,3.0,0.0,0.0,0.0,8.0,0.0,0.0,0.0,5.0,10.0
178,8.0,0.0,3.0,0.0,0.0,0.0,8.0,0.0,0.0,0.0,5.0,10.0
179,8.0,0.0,3.0,0.0,0.0,0.0,8.0,0.0,0.0,0.0,5.0,10.0
180,8.0,0.0,3.0,0.0,0.0,0.0,8.0,0.0,0.0,0.0,5.0,10.0
181,8.0,0.0,3.0,0.0,0.0,0.0,8.0,0.0,0.0,0.0,5.0,10.0
182,8.0,0.0,3.0,0.0,0.0,0.0,8.0,0.0,0.0,0.0,5.0,10.0
183,8.0,0.0,3.0,0.0,0.0,0.0,8.0,0.0,0.0,0.0,5.0,10.0
184,8.0,0.0,3.0,0.0,0.0,0.0,8.0,0.0,0.0,0.0,5.0,10.0
185,8.0,0.0,3.0,0.0,0.0,0.0,8.0,0.0,0.0,0.0,5.0,10.0
186,8.0,0.0,3.0,0.0,0.0,0.0,8.0,0.0,0.0,0.0,5.0,10.0
187,8.0,0.0,3.0,0.0,0.0,0.0,8.0,0.0,0.0,0.0,5.0,10.0
188,8.0,0.0,3.0,0.0,0.0,0.0,8.0,0.0,0.0,0.0,5.0,10.0
189,8.0,0.0,3.0,0.0,0.0,0.0,8.0,0.0,0.0,0.0,5.0,10.0
190,8.0,0.0,3.0,0.0,0.0,0.0,8.0,0.0,0.0,0.0,5.0,10.0
191,8.0,0.0,3.0,0.0,0.0,0.0,8.0,0.0,0.0,0.0,5.0,10.0
192,8.0,0.0,3.0,0.0,0.0,0.0,8.0,0.0,0.0,0.0,5.0,10.0
193,8.0,0.0,3.0,0.0,0.0,0.0,8.0,0.0,0.0,0.0,5.0,10.0
194,8.0,0.0,3.0,0.0,0.0,0.0,8.0,0.0,0.0,0.0,5.0,10.0
195,8.0,0.0,3.0,0.0,0.0,0.0,8.0,0.0,0.0,0.0,5.0,10.0
196,8.0,0.0,3.0,0.0,0.0,0.0,8.0,0.0,0.0,0.0,5.0,10.0
197,8.0,0.0,3.0,0.0,0.0,0.0,8.0,0.0,0.0,0.0,5.0,10.0
198,8.0,0.0,3.0,0.0,0.0,0.0,8.0,0.0,0.0,0.0,5.0,10.0
199,8.0,0.0,3.0,0.0,0.0,0.0,8.0,0.0,0.0,0.0,5.0,10.0
200,8.0,0.0,3.0,0.0,0.0,0.0,8.0,0.0,0.0,0.0,5.0,10.0
