index,122762077,38747769,467701701,1570020,274225432,457145066,1151051,11648402,465885927,107213695,45765028,1547663,128410412,233239354,361418670,22228279,6723399,373318774,438849461,202870346,76684607,37448451,7092491,446425583,140675080,246704545,467678202
-500,0.0,0.0,0.0,13.0,0.0,0.0,0.0,2.0,18.857142857142858,0.0,0.0,0.0,0.0,14.0,3.0,38.0,2.0,0.0,0.0,22.0,0.0,0.0,4.0,0.0,1.0,2.2857142857142856,18.857142857142858
-499,0.0,0.0,0.0,13.0,0.0,0.0,0.0,2.0,19.285714285714285,0.0,0.0,0.0,0.0,14.0,3.0,38.0,2.0,0.0,0.0,22.0,0.0,0.0,4.0,0.0,1.0,2.4285714285714284,19.285714285714285
-498,0.0,0.0,0.0,13.0,0.0,0.0,0.0,2.0,19.714285714285715,0.0,0.0,0.0,0.0,14.0,3.0,38.0,2.0,0.0,0.0,22.0,0.0,0.0,4.0,0.0,1.0,2.571428571428571,19.714285714285715
-497,0.0,0.0,0.0,13.0,0.0,0.0,0.0,2.0,20.142857142857142,0.0,0.0,0.0,0.0,14.0,3.0,38.0,2.0,0.0,0.0,22.0,0.0,0.0,4.0,0.0,1.0,2.7142857142857144,20.142857142857142
-496,0.0,0.0,0.0,13.0,0.0,0.0,0.0,2.0,20.57142857142857,0.0,0.0,0.0,0.0,14.0,3.0,38.0,2.0,0.0,0.0,22.0,0.0,0.0,4.0,0.0,1.0,2.857142857142857,20.57142857142857
-495,0.0,0.0,0.0,13.0,0.0,0.0,0.0,2.0,21.0,0.0,0.0,0.0,0.0,14.0,3.0,38.0,2.0,0.0,0.0,22.0,0.0,0.0,4.0,0.0,1.0,3.0,21.0
-494,0.0,0.0,0.0,13.0,0.0,0.0,0.0,2.0,21.0,0.0,0.0,0.0,0.0,14.0,3.0,38.0,2.0,0.0,0.0,22.0,0.0,0.0,4.0,0.0,1.0,3.0,21.0
-493,0.0,0.0,0.0,13.0,0.0,0.0,0.0,2.0,21.0,0.0,0.0,0.0,0.0,14.0,3.0,38.0,2.0,0.0,0.0,22.0,0.0,0.0,4.0,0.0,1.0,3.0,21.0
-492,0.0,0.0,0.0,13.0,0.0,0.0,0.0,2.0,21.0,0.0,0.0,0.0,0.0,14.0,3.0,38.0,2.0,0.0,0.0,22.0,0.0,0.0,4.0,0.0,1.0,3.0,21.0
-491,0.0,0.0,0.0,13.0,0.0,0.0,0.0,2.0,21.0,0.0,0.0,0.0,0.0,14.0,3.0,38.0,2.0,0.0,0.0,22.0,0.0,0.0,4.0,0.0,1.0,3.0,21.0
-490,0.0,0.0,0.0,13.0,0.0,0.0,0.0,2.0,21.0,0.0,0.0,0.0,0.0,14.0,3.0,38.0,2.0,0.0,0.0,22.0,0.0,0.0,4.0,0.0,1.0,3.0,21.0
-489,0.0,0.0,0.0,13.0,0.0,0.0,0.0,2.0,21.0,0.0,0.0,0.0,0.0,14.0,3.0,38.0,2.0,0.0,0.0,22.0,0.0,0.0,4.0,0.0,1.0,3.0,21.0
-488,0.0,0.0,0.0,13.0,0.0,0.0,0.0,2.0,21.0,0.0,0.0,0.0,0.0,14.0,3.0,38.0,2.0,0.0,0.0,22.0,0.0,0.0,4.0,0.0,1.0,3.0,21.0
-487,0.0,0.0,0.0,13.0,0.0,0.0,0.0,2.0,21.0,0.0,0.0,0.0,0.0,14.0,3.0,38.0,2.0,0.0,0.0,22.0,0.0,0.0,4.0,0.0,1.0,3.0,21.0
-486,0.0,0.0,0.0,13.0,0.0,0.0,0.0,2.0,21.0,0.0,0.0,0.0,0.0,14.0,3.0,38.0,2.0,0.0,0.0,22.0,0.0,0.0,4.0,0.0,1.0,3.0,21.0
-485,0.0,0.0,0.0,13.0,0.0,0.0,0.0,2.0,21.0,0.0,0.0,0.0,0.0,14.0,3.0,38.0,2.0,0.0,0.0,22.0,0.0,0.0,4.0,0.0,1.0,3.0,21.0
-484,0.0,0.0,0.0,13.0,0.0,0.0,0.0,2.0,21.0,0.0,0.0,0.0,0.0,14.0,3.0,38.0,2.0,0.0,0.0,22.0,0.0,0.0,4.0,0.0,1.0,3.0,21.0
-483,0.0,0.0,0.0,13.0,0.0,0.0,0.0,2.0,21.0,0.0,0.0,0.0,0.0,14.0,3.0,38.0,2.0,0.0,0.0,22.0,0.0,0.0,4.0,0.0,1.0,3.0,21.0
-482,0.0,0.0,0.0,13.0,0.0,0.0,0.0,2.0,21.0,0.0,0.0,0.0,0.0,14.0,3.0,38.0,2.0,0.0,0.0,22.0,0.0,0.0,4.0,0.0,1.0,3.0,21.0
-481,0.0,0.0,0.0,13.0,0.0,0.0,0.0,2.0,21.0,0.0,0.0,0.0,0.0,14.0,3.0,38.0,2.0,0.0,0.0,22.0,0.0,0.0,4.0,0.0,1.0,3.0,21.0
-480,0.0,0.0,0.0,13.0,0.0,0.0,0.0,2.0,21.0,0.0,0.0,0.0,0.0,14.0,3.0,38.0,2.0,0.0,0.0,22.0,0.0,0.0,4.0,0.0,1.0,2.857142857142857,21.0
-479,0.0,0.0,0.0,13.0,0.0,0.0,0.0,2.0,21.0,0.0,0.0,0.0,0.0,14.0,3.0,38.0,2.0,0.0,0.0,22.0,0.0,0.0,4.0,0.0,1.0,2.7142857142857144,21.0
-478,0.0,0.0,0.0,13.0,0.0,0.0,0.0,2.0,21.0,0.0,0.0,0.0,0.0,14.0,3.0,38.0,2.0,0.0,0.0,22.0,0.0,0.0,4.0,0.0,1.0,2.5714285714285716,21.0
-477,0.0,0.0,0.0,13.0,0.0,0.0,0.0,2.0,21.0,0.0,0.0,0.0,0.0,14.0,3.0,38.0,2.0,0.0,0.0,22.0,0.0,0.0,4.0,0.0,1.0,2.428571428571429,21.0
-476,0.0,0.0,0.0,13.0,0.0,0.0,0.0,2.0,21.0,0.0,0.0,0.0,0.0,14.0,3.0,38.0,2.0,0.0,0.0,22.0,0.0,0.0,4.0,0.0,1.0,2.2857142857142856,21.0
-475,0.0,0.0,0.0,13.0,0.0,0.0,0.0,2.0,21.0,0.0,0.0,0.0,0.0,14.0,3.0,37.92857142857143,2.0,0.0,0.0,22.0,0.0,0.0,4.0,0.0,1.0,2.142857142857143,21.0
-474,0.0,0.0,0.0,13.0,0.0,0.0,0.0,2.0,21.0,0.0,0.0,0.0,0.0,14.0,3.0,37.857142857142854,2.0,0.0,0.0,22.0,0.0,0.0,4.0,0.0,1.0,2.0,21.0
-473,0.0,0.0,0.0,13.0,0.0,0.0,0.0,2.0,21.0,0.0,0.0,0.0,0.0,14.0,3.0,37.785714285714285,2.0,0.0,0.0,22.0,0.0,0.0,4.0,0.0,1.0,2.0,21.0
-472,0.0,0.0,0.0,13.0,0.0,0.0,0.0,2.0,21.0,0.0,0.0,0.0,0.0,14.0,3.0,37.714285714285715,2.0,0.0,0.0,22.0,0.0,0.0,4.0,0.0,1.0,2.0,21.0
-471,0.0,0.0,0.0,13.0,0.0,0.0,0.0,2.0,21.0,0.0,0.0,0.0,0.0,14.0,3.0,37.642857142857146,2.0,0.0,0.0,22.0,0.0,0.0,4.0,0.0,1.0,2.0,21.0
-470,0.0,0.0,0.0,13.0,0.0,0.0,0.0,2.0,21.0,0.0,0.0,0.0,0.0,14.0,3.0,37.57142857142857,2.0,0.0,0.0,22.0,0.0,0.0,4.0,0.0,1.0,2.0,21.0
-469,0.0,0.0,0.0,13.0,0.0,0.0,0.0,2.0,21.0,0.0,0.0,0.0,0.0,14.0,3.0,37.5,2.0,0.0,0.0,22.0,0.0,0.0,4.0,0.0,1.0,2.0,21.0
-468,0.0,0.0,0.0,13.0,0.0,0.0,0.0,2.0,21.0,0.0,0.0,0.0,0.0,14.0,3.0,37.42857142857143,2.0,0.0,0.0,22.0,0.0,0.0,4.0,0.0,1.0,2.0,21.0
-467,0.0,0.0,0.0,13.0,0.0,0.0,0.0,2.0,21.0,0.0,0.0,0.0,0.0,14.0,3.0,37.357142857142854,2.0,0.0,0.0,22.0,0.0,0.0,4.0,0.0,1.0,2.0,21.0
-466,0.0,0.0,0.0,13.0,0.0,0.0,0.0,2.0,21.0,0.0,0.0,0.0,0.0,14.0,3.0,37.285714285714285,2.0,0.0,0.0,22.0,0.0,0.0,4.0,0.0,1.0,2.0,21.0
-465,0.0,0.0,0.0,13.0,0.0,0.0,0.0,2.0,21.0,0.0,0.0,0.0,0.0,14.0,3.0,37.214285714285715,2.0,0.0,0.0,22.0,0.0,0.0,4.0,0.0,1.0,2.0,21.0
-464,0.0,0.0,0.0,13.0,0.0,0.0,0.0,2.0,21.0,0.0,0.0,0.0,0.0,14.0,3.0,37.142857142857146,2.0,0.0,0.0,22.0,0.0,0.0,4.0,0.0,1.0,2.0,21.0
-463,0.0,0.0,0.0,13.0,0.0,0.0,0.0,2.0,21.0,0.0,0.0,0.0,0.0,14.0,3.0,37.07142857142857,2.0,0.0,0.0,22.0,0.0,0.0,4.0,0.0,1.0,2.0,21.0
-462,0.0,0.0,0.0,13.0,0.0,0.0,0.0,2.0,21.0,0.0,0.0,0.0,0.0,14.0,3.0,37.0,2.0,0.0,0.0,22.0,0.0,0.0,4.0,0.0,1.0,2.0,21.0
-461,0.0,0.0,0.0,13.0,0.0,0.0,0.0,2.0,21.0,0.0,0.0,0.0,0.0,14.0,3.0,37.5,2.0,0.0,0.0,22.0,0.0,0.0,4.0,0.0,1.0,2.0,21.0
-460,0.0,0.0,0.0,13.0,0.0,0.0,0.0,2.0,21.0,0.0,0.0,0.0,0.0,14.0,3.0,38.0,2.0,0.0,0.0,22.0,0.0,0.0,4.0,0.0,1.0,2.0,21.0
-459,0.0,0.0,0.0,13.0,0.0,0.0,0.0,2.0,21.0,0.0,0.0,0.0,0.0,14.0,3.0,38.0,2.0,0.0,0.0,22.0,0.0,0.0,4.0,0.0,1.0,2.0,21.0
-458,0.0,0.0,0.0,13.0,0.0,0.0,0.0,2.0,21.0,0.0,0.0,0.0,0.0,14.0,3.0,38.0,2.0,0.0,0.0,22.0,0.0,0.0,4.0,0.0,1.0,2.0,21.0
-457,0.0,0.0,0.0,13.125,0.0,0.0,0.0,2.0,21.0,0.0,0.0,0.0,0.0,14.0,3.0,38.0,2.0,0.0,0.0,22.0,0.0,0.0,4.0,0.0,1.0,2.0,21.0
-456,0.0,0.0,0.0,13.25,0.0,0.0,0.0,2.0,21.0,0.0,0.0,0.0,0.0,14.0,3.0,38.0,2.0,0.0,0.0,22.0,0.0,0.0,4.0,0.0,1.0,2.0,21.0
-455,0.0,0.0,0.0,13.375,0.0,0.0,0.0,2.0,21.0,0.0,0.0,0.0,0.0,14.0,3.0,38.0,2.0,0.0,0.0,22.0,0.0,0.0,4.0,0.0,1.0,2.0,21.0
-454,0.0,0.0,0.0,13.5,0.0,0.0,0.0,2.0,21.0,0.0,0.0,0.0,0.0,14.0,3.0,38.0,2.0,0.0,0.0,22.0,0.0,0.0,4.0,0.0,1.0,2.0,21.0
-453,0.0,0.0,0.0,13.625,0.0,0.0,0.0,2.0,21.0,0.0,0.0,0.0,0.0,14.0,3.0,38.0,1.7142857142857144,0.0,0.0,22.0,0.0,0.0,4.0,0.0,1.0,2.0,21.0
-452,0.0,0.0,0.0,13.75,0.0,0.0,0.0,2.0,21.0,0.0,0.0,0.0,0.0,14.0,3.0,38.0,1.4285714285714286,0.0,0.0,22.0,0.0,0.0,4.0,0.0,1.0,2.0,21.0
-451,0.0,0.0,0.0,13.875,0.0,0.0,0.0,2.0,21.0,0.0,0.0,0.0,0.0,14.0,3.0,38.0,1.1428571428571428,0.0,0.0,22.0,0.0,0.0,4.0,0.0,1.0,2.0,21.0
-450,0.0,0.0,0.0,14.0,0.0,0.0,0.0,2.0,21.0,0.0,0.0,0.0,0.0,14.0,3.0,38.0,0.8571428571428572,0.0,0.0,22.0,0.0,0.0,4.0,0.0,1.0,2.0,21.0
-449,0.0,0.0,0.0,14.0,0.0,0.0,0.0,2.0,21.0,0.0,0.0,0.0,0.0,14.0,3.0,38.0,0.5714285714285716,0.0,0.0,22.0,0.0,0.0,4.0,0.0,1.0,2.0,21.0
-448,0.0,0.0,0.0,14.0,0.0,0.0,0.0,2.0,21.0,0.0,0.0,0.0,0.0,14.0,3.0,38.0,0.2857142857142858,0.0,0.0,22.0,0.0,0.0,4.0,0.0,1.0,2.0,21.0
-447,0.0,0.0,0.0,14.0,0.0,0.0,0.0,2.0,21.0,0.0,0.0,0.0,0.0,14.0,3.0,38.0,0.0,0.0,0.0,22.0,0.0,0.0,4.0,0.0,1.0,2.0,21.0
-446,0.0,0.0,0.0,14.0,0.0,0.0,0.0,2.0,21.0,0.0,0.0,0.0,0.0,14.0,3.0,38.0,0.2857142857142857,0.0,0.0,22.0,0.0,0.0,4.0,0.0,1.0,2.0,21.0
-445,0.0,0.0,0.0,14.0,0.0,0.0,0.0,2.0,21.0,0.0,0.0,0.0,0.0,14.0,3.0,38.0,0.5714285714285714,0.0,0.0,22.0,0.0,0.0,4.0,0.0,1.0,2.0,21.0
-444,0.0,0.0,0.0,14.0,0.0,0.0,0.0,2.0,21.0,0.0,0.0,0.0,0.0,14.0,3.0,38.0,0.8571428571428571,0.0,0.0,22.0,0.0,0.0,4.0,0.0,1.0,2.0,21.0
-443,0.0,0.0,0.0,14.0,0.0,0.0,0.0,2.0,21.0,0.0,0.0,0.0,0.0,14.0,3.0,38.0,1.1428571428571428,0.0,0.0,22.0,0.0,0.0,4.0,0.0,1.0,2.0,21.0
-442,0.0,0.0,0.0,14.0,0.0,0.0,0.0,2.0,21.0,0.0,0.0,0.0,0.0,14.0,3.0,38.0,1.4285714285714284,0.0,0.0,22.0,0.0,0.0,4.0,0.0,1.0,2.0,21.0
-441,0.0,0.0,0.0,14.0,0.0,0.0,0.0,2.0,21.0,0.0,0.0,0.0,0.0,14.0,3.0,38.0,1.7142857142857142,0.0,0.0,22.0,0.0,0.0,4.0,0.0,1.0,2.0,21.0
-440,0.0,0.0,0.0,14.0,0.0,0.0,0.0,2.0,21.0,0.0,0.0,0.0,0.0,14.0,3.0,38.0,2.0,0.0,0.0,22.0,0.0,0.0,4.0,0.0,1.0,2.0,21.0
-439,0.0,0.0,0.0,14.0,0.0,0.0,0.0,2.0,21.0,0.0,0.0,0.0,0.0,14.0,3.0,38.0,2.0,0.0,0.0,22.0,0.0,0.0,4.0,0.0,1.0,2.0,21.0
-438,0.0,0.0,0.0,14.0,0.0,0.0,0.0,2.0,21.0,0.0,0.0,0.0,0.0,14.0,3.0,38.0,2.0,0.0,0.0,22.0,0.0,0.0,4.0,0.0,1.0,2.0,21.0
-437,0.0,0.0,0.0,14.0,0.0,0.0,0.0,2.0,21.0,0.0,0.0,0.0,0.0,14.0,3.0,38.0,2.0,0.0,0.0,22.0,0.0,0.0,4.0,0.0,1.0,2.0,21.0
-436,0.0,0.0,0.0,14.0,0.0,0.0,0.0,2.0,21.0,0.0,0.0,0.0,0.0,14.0,3.0,38.0,2.0,0.0,0.0,22.0,0.0,0.0,4.0,0.0,1.0,2.0,21.0
-435,0.0,0.0,0.0,14.0,0.0,0.0,0.0,2.0,21.0,0.0,0.0,0.0,0.0,14.0,3.0,38.0,2.0,0.0,0.0,22.0,0.0,0.0,4.0,0.0,1.0,2.0,21.0
-434,0.0,0.0,0.0,14.0,0.0,0.0,0.0,2.0,21.0,0.0,0.0,0.0,0.0,14.0,3.0,38.0,2.0,0.0,0.0,22.0,0.0,0.0,4.0,0.0,1.0,2.0,21.0
-433,0.0,0.0,0.0,14.0,0.0,0.0,0.0,2.0,21.0,0.0,0.0,0.0,0.0,14.0,3.0,38.0,2.0,0.0,0.0,22.0,0.0,0.0,4.0,0.0,1.0,2.0,21.0
-432,0.0,0.0,0.0,14.0,0.0,0.0,0.0,2.0,21.0,0.0,0.0,0.0,0.0,14.0,2.875,38.0,2.0,0.0,0.0,22.0,0.0,0.0,4.0,0.0,1.0,2.0,21.0
-431,0.0,0.0,0.0,14.0,0.0,0.0,0.0,2.0,21.0,0.0,0.0,0.0,0.0,14.0,2.75,38.0,2.0,0.0,0.0,22.0,0.0,0.0,4.0,0.0,1.0,2.0,21.0
-430,0.0,0.0,0.0,14.0,0.0,0.0,0.0,2.0,21.0,0.0,0.0,0.0,0.0,14.0,2.625,38.0,2.0,0.0,0.0,22.0,0.0,0.0,4.0,0.0,1.0,2.0,21.0
-429,0.0,0.0,0.0,14.0,0.0,0.0,0.0,2.0,21.0,0.0,0.0,0.0,0.0,14.0,2.5,38.0,2.0,0.0,0.0,22.0,0.0,0.0,4.0,0.0,1.0,2.0,21.0
-428,0.0,0.0,0.0,14.0,0.0,0.0,0.0,2.0,21.0,0.0,0.0,0.0,0.0,14.0,2.375,38.0,2.0,0.0,0.0,22.0,0.0,0.0,4.0,0.0,1.0,2.0,21.0
-427,0.0,0.0,0.0,14.0,0.0,0.0,0.0,2.0,21.0,0.0,0.0,0.0,0.0,14.0,2.25,38.0,2.0,0.0,0.0,22.0,0.0,0.0,4.0,0.0,1.0,2.0,21.0
-426,0.0,0.0,0.0,14.0,0.0,0.0,0.0,2.0,21.0,0.0,0.0,0.0,0.0,14.0,2.125,38.0,2.0,0.0,0.0,22.0,0.0,0.0,4.0,0.0,1.0,2.0,21.0
-425,0.0,0.0,0.0,14.0,0.0,0.0,0.0,2.0,21.0,0.0,0.0,0.0,0.0,14.0,2.0,38.0,2.0,0.0,0.0,22.0,0.0,0.0,4.0,0.0,1.0,2.0,21.0
-424,0.0,0.0,0.0,14.0,0.0,0.0,0.0,2.0,21.0,0.0,0.0,0.0,0.0,14.0,1.875,38.0,2.0,0.0,0.0,22.0,0.0,0.0,4.0,0.0,1.0,2.0,21.0
-423,0.0,0.0,0.0,14.0,0.0,0.0,0.0,2.0,21.0,0.0,0.0,0.0,0.0,14.0,1.75,38.0,2.0,0.0,0.0,22.0,0.0,0.0,4.0,0.0,1.0,2.0,21.0
-422,0.0,0.0,0.0,14.0,0.0,0.0,0.0,2.0,21.0,0.0,0.0,0.0,0.0,14.0,1.625,38.0,2.0,0.0,0.0,22.0,0.0,0.0,4.0,0.0,1.0,2.0,21.0
-421,0.0,0.0,0.0,14.0,0.0,0.0,0.0,2.0,21.0,0.0,0.0,0.0,0.0,14.0,1.5,38.0,2.0,0.0,0.0,22.0,0.0,0.0,4.0,0.0,1.0,2.0,21.0
-420,0.0,0.0,0.0,14.0,0.0,0.0,0.0,2.0,21.0,0.0,0.0,0.0,0.0,14.0,1.375,38.0,2.0,0.0,0.0,22.0,0.0,0.0,4.0,0.0,1.0,2.0,21.0
-419,0.0,0.0,0.0,14.0,0.0,0.0,0.0,2.0,21.0,0.0,0.0,0.0,0.0,14.0,1.25,38.0,2.0,0.0,0.0,22.0,0.0,0.0,4.0,0.0,1.0,2.0,21.0
-418,0.0,0.0,0.0,14.0,0.0,0.0,0.0,2.0,21.0,0.0,0.0,0.0,0.0,14.0,1.125,38.0,2.0,0.0,0.0,22.0,0.0,0.0,4.0,0.0,1.0,2.0,21.0
-417,0.0,0.0,0.0,14.0,0.0,0.0,0.0,2.0,21.0,0.0,0.0,0.0,0.0,14.0,1.0,38.0,2.0,0.0,0.0,22.0,0.0,0.0,4.0,0.0,1.0,2.0,21.0
-416,0.0,0.0,0.0,14.0,0.0,0.0,0.0,2.0,21.0,0.0,0.0,0.0,0.0,14.0,1.0,38.0,2.0,0.0,0.0,22.0,0.0,0.0,4.0,0.0,1.0,2.0,20.666666666666668
-415,0.0,0.0,0.0,14.0,0.0,0.0,0.0,2.0,21.0,0.0,0.0,0.0,0.0,14.0,1.0,38.0,2.0,0.0,0.0,22.0,0.0,0.0,4.0,0.0,1.0,2.0,20.333333333333332
-414,0.0,0.0,0.0,14.0,0.0,0.0,0.0,2.0,20.571428571428573,0.0,0.0,0.0,0.0,14.0,1.0,38.0,2.0,0.0,0.0,22.0,0.0,0.0,4.0,0.0,1.0,2.0,20.0
-413,0.0,0.0,0.0,14.0,0.0,0.0,0.0,2.0,20.142857142857142,0.0,0.0,0.0,0.0,14.0,1.0,38.0,2.0,0.0,0.0,22.0,0.0,0.0,4.0,0.0,1.0,2.0,19.666666666666668
-412,0.0,0.0,0.0,14.0,0.0,0.0,0.0,2.0,19.714285714285715,0.0,0.0,0.0,0.0,14.0,1.0,38.0,2.0,0.0,0.0,22.0,0.0,0.0,4.0,0.0,1.0,2.0,19.333333333333332
-411,0.0,0.0,0.0,14.0,0.0,0.0,0.0,2.0,19.285714285714285,0.0,0.0,0.0,0.0,14.0,1.0,38.0,2.0,0.0,0.0,22.0,0.0,0.0,4.0,0.0,1.0,2.0,19.0
-410,0.0,0.0,0.0,14.0,0.0,0.0,0.0,2.0,18.857142857142858,0.0,0.0,0.0,0.0,14.0,1.0,38.0,2.0,0.0,0.0,22.0,0.0,0.0,4.0,0.0,1.0,2.0,18.666666666666668
-409,0.0,0.0,0.0,14.0,0.0,0.0,0.0,2.0,18.42857142857143,0.0,0.0,0.0,0.0,14.0,1.0,38.0,2.0,0.0,0.0,22.0,0.0,0.0,4.0,0.0,1.0,2.0,18.333333333333332
-408,0.0,0.0,0.0,14.0,0.0,0.0,0.0,2.0,18.0,0.0,0.0,0.0,0.0,14.0,1.0,38.0,0.0,0.0,0.0,22.0,0.0,0.0,4.0,0.0,1.0,2.0,18.0
-407,0.0,0.0,0.0,14.0,0.0,0.0,0.0,2.0,18.428571428571427,0.0,0.0,0.0,0.0,14.0,1.0,38.0,0.14285714285714285,0.0,0.0,22.0,0.0,0.0,4.0,0.0,1.0,2.0,18.428571428571427
-406,0.0,0.0,0.0,14.0,0.0,0.0,0.0,2.0,18.857142857142858,0.0,0.0,0.0,0.0,14.0,1.0,38.0,0.2857142857142857,0.0,0.0,22.0,0.0,0.0,4.0,0.0,1.0,2.0,18.857142857142858
-405,0.0,0.0,0.0,14.0,0.0,0.0,0.0,2.0,19.285714285714285,0.0,0.0,0.0,0.0,14.0,1.0,38.0,0.42857142857142855,0.0,0.0,22.0,0.0,0.0,4.0,0.0,1.0,2.0,19.285714285714285
-404,0.0,0.0,0.0,14.0,0.0,0.0,0.0,2.0,19.714285714285715,0.0,0.0,0.0,0.0,14.0,1.0,38.0,0.5714285714285714,0.0,0.0,22.0,0.0,0.0,4.0,0.0,1.0,2.0,19.714285714285715
-403,0.0,0.0,0.0,14.0,0.0,0.0,0.0,2.0,20.142857142857142,0.0,0.0,0.0,0.0,14.0,1.0,38.0,0.7142857142857142,0.0,0.0,22.0,0.0,0.0,4.0,0.0,1.0,2.0,20.142857142857142
-402,0.0,0.0,0.0,14.0,0.0,0.0,0.0,2.0,20.57142857142857,0.0,0.0,0.0,0.0,14.0,1.0,38.0,0.8571428571428571,0.0,0.0,22.0,0.0,0.0,4.0,0.0,1.0,2.0,20.57142857142857
-401,0.0,0.0,0.0,14.0,0.0,0.0,0.0,2.0,21.0,0.0,0.0,0.0,0.0,14.0,1.0,38.0,1.0,0.0,0.0,22.0,0.0,0.0,4.0,0.0,1.0,2.0,21.0
-400,0.0,0.0,0.0,14.0,0.0,0.0,0.0,2.0,21.0,0.0,0.0,0.0,0.0,14.0,1.0,38.0,1.1428571428571428,0.0,0.0,22.0,0.0,0.0,4.0,0.0,1.0,2.0,21.0
-399,0.0,0.0,0.0,14.0,0.0,0.0,0.0,2.0,21.0,0.0,0.0,0.0,0.0,14.0,1.0,38.0,1.2857142857142856,0.0,0.0,22.0,0.0,0.0,4.0,0.0,1.0,2.0,21.0
-398,0.0,0.0,0.0,14.0,0.0,0.0,0.0,2.0,21.0,0.0,0.0,0.0,0.0,14.0,1.0,38.0,1.4285714285714284,0.0,0.0,22.0,0.0,0.0,4.0,0.0,1.0,2.0,21.0
-397,0.0,0.0,0.0,14.0,0.0,0.0,0.0,2.0,21.0,0.0,0.0,0.0,0.0,14.0,1.0,38.0,1.5714285714285714,0.0,0.0,22.0,0.0,0.0,4.0,0.0,1.0,2.0,21.0
-396,0.0,0.0,0.0,14.0,0.0,0.0,0.0,2.0,21.0,0.0,0.0,0.0,0.0,14.0,1.0,38.0,1.7142857142857142,0.0,0.0,22.0,0.0,0.0,4.0,0.0,1.0,2.0,21.0
-395,0.0,0.0,0.0,14.0,0.0,0.0,0.0,2.0,21.0,0.0,0.0,0.0,0.0,14.0,1.0,38.0,1.857142857142857,0.0,0.0,22.0,0.0,0.0,4.0,0.0,1.0,2.0,21.0
-394,0.0,0.0,0.0,14.0,0.0,0.0,0.0,2.0,21.0,0.0,0.0,0.0,0.0,14.0,1.0,38.0,2.0,0.0,0.0,22.0,0.0,0.0,4.0,0.0,1.0,2.0,21.0
-393,0.0,0.0,0.0,14.0,0.0,0.0,0.0,2.0,21.0,0.0,0.0,0.0,0.0,14.0,1.0,38.0,2.0,0.0,0.0,22.0,0.0,0.0,4.0,0.0,1.0,2.0,21.0
-392,0.0,0.0,0.0,14.0,0.0,0.0,0.0,2.0,21.0,0.0,0.0,0.0,0.0,14.0,1.0,38.0,2.0,0.0,0.0,22.0,0.0,0.0,4.0,0.0,1.0,2.0,21.0
-391,0.0,0.0,0.0,14.0,0.0,0.0,0.0,2.0,21.0,0.0,0.0,0.0,0.0,14.0,1.0,38.0,2.0,0.0,0.0,22.0,0.0,0.0,4.0,0.0,1.0,2.0,21.0
-390,0.0,0.0,0.0,14.0,0.0,0.0,0.0,2.0,21.0,0.0,0.0,0.0,0.0,14.0,1.0,38.0,2.0,0.0,0.0,22.0,0.0,0.0,4.0,0.0,1.0,2.0,21.0
-389,0.0,0.0,0.0,14.0,0.0,0.0,0.0,2.0,21.0,0.0,0.0,0.0,0.0,14.0,1.0,38.0,2.0,0.0,0.0,22.0,0.0,0.0,4.0,0.0,1.0,2.0,21.0
-388,0.0,0.0,0.0,14.0,0.0,0.0,0.0,2.0,21.0,0.0,0.0,0.0,0.0,14.0,1.0,38.0,2.0,0.0,0.0,22.0,0.0,0.0,4.0,0.0,1.0,2.0,21.0
-387,0.0,0.0,0.0,14.0,0.0,0.0,0.0,2.0,21.0,0.0,0.0,0.0,0.0,14.0,1.0,38.0,2.0,0.0,0.0,22.0,0.0,0.0,4.0,0.0,1.0,2.0,21.0
-386,0.0,0.0,0.0,14.0,0.0,0.0,0.0,2.0,21.0,0.0,0.0,0.0,0.0,14.0,1.0,38.0,2.0,0.0,0.0,22.0,0.0,0.0,4.0,0.0,1.0,2.0,21.0
-385,0.0,0.0,0.0,14.0,0.0,0.0,0.0,2.0,21.0,0.0,0.0,0.0,0.0,14.0,1.0,38.0,2.0,0.0,0.0,22.0,0.0,0.0,4.0,0.0,1.0,2.0,21.0
-384,0.0,0.0,0.0,14.0,0.0,0.0,0.0,2.0,21.0,0.0,0.0,0.0,0.0,14.0,1.0,38.0,2.0,0.0,0.0,22.0,0.0,0.0,4.0,0.0,1.0,2.0,21.0
-383,0.0,0.0,0.0,14.0,0.0,0.0,0.0,2.0,21.0,0.0,0.0,0.0,0.0,14.0,1.0,38.0,2.0,0.0,0.0,22.0,0.0,0.0,4.0,0.0,1.0,2.0,21.0
-382,0.0,0.0,0.0,14.0,0.0,0.0,0.0,2.0,21.0,0.0,0.0,0.0,0.0,14.0,1.0,38.0,2.0,0.0,0.0,22.0,0.0,0.0,4.0,0.0,1.0,2.0,21.0
-381,0.0,0.0,0.0,14.0,0.0,0.0,0.0,2.0,21.0,0.0,0.0,0.0,0.0,14.0,1.0,38.0,2.0,0.0,0.0,22.0,0.0,0.0,4.0,0.0,1.0,2.0,21.0
-380,0.0,0.0,0.0,14.0,0.0,0.0,0.0,2.0,21.0,0.0,0.0,0.0,0.0,14.0,1.0,38.0,2.0,0.0,0.0,22.0,0.0,0.0,4.0,0.0,1.0,2.0,21.0
-379,0.0,0.0,0.0,14.0,0.0,0.0,0.0,2.0,21.0,0.0,0.0,0.0,0.0,14.0,1.0,38.0,2.0,0.0,0.0,22.0,0.0,0.0,4.0,0.0,1.0,2.0,21.0
-378,0.0,0.0,0.0,14.0,0.0,0.0,0.0,2.0,21.0,0.0,0.0,0.0,0.0,14.0,1.0,38.0,2.0,0.0,0.0,22.0,0.0,0.0,4.0,0.0,1.0,2.0,21.0
-377,0.0,0.0,0.0,14.0,0.0,0.0,0.0,2.0,21.0,0.0,0.0,0.0,0.0,14.0,1.0,38.0,2.0,0.0,0.0,22.0,0.0,0.0,4.0,0.0,1.0,2.0,21.0
-376,0.0,0.0,0.0,14.0,0.0,0.0,0.0,2.0,21.0,0.0,0.0,0.0,0.0,14.0,1.0,38.0,2.0,0.0,0.0,22.0,0.0,0.0,4.0,0.0,1.0,2.0,21.0
-375,0.0,0.0,0.0,14.0,0.0,0.0,0.0,2.0,21.0,0.0,0.0,0.0,0.0,14.0,1.0,38.0,2.0,0.0,0.0,22.0,0.0,0.0,4.0,0.0,1.0,2.0,21.0
-374,0.0,0.0,0.0,14.0,0.0,0.0,0.0,2.0,21.0,0.0,0.0,0.0,0.0,14.0,1.0,38.0,2.0,0.0,0.0,22.0,0.0,0.0,4.0,0.0,1.0,2.0,21.0
-373,0.0,0.0,0.0,14.0,0.0,0.0,0.0,2.0,21.0,0.0,0.0,0.0,0.0,14.0,1.0,38.0,1.8181818181818181,0.0,0.0,22.0,0.0,0.0,4.0,0.0,1.0,2.0,21.0
-372,0.0,0.0,0.0,14.0,0.0,0.0,0.0,2.0,21.0,0.0,0.0,0.0,0.0,14.0,1.0,38.0,1.6363636363636362,0.0,0.0,22.0,0.0,0.0,4.0,0.0,1.0,2.0,21.0
-371,0.0,0.0,0.0,14.0,0.0,0.0,0.0,2.0,21.0,0.0,0.0,0.0,0.0,14.0,1.0,38.0,1.4545454545454546,0.0,0.0,22.0,0.0,0.0,4.0,0.0,1.0,2.0,21.0
-370,0.0,0.0,0.0,14.0,0.0,0.0,0.0,2.0,21.0,0.0,0.0,0.0,0.0,14.0,1.0,38.0,1.2727272727272727,0.0,0.0,22.0,0.0,0.0,4.0,0.0,1.0,2.0,21.0
-369,0.0,0.0,0.0,14.0,0.0,0.0,0.0,2.0,21.0,0.0,0.0,0.0,0.0,14.0,1.0,38.0,1.0909090909090908,0.0,0.0,22.0,0.0,0.0,4.0,0.0,1.0,2.0,21.0
-368,0.0,0.0,0.0,14.0,0.0,0.0,0.0,2.0,21.0,0.0,0.0,0.0,0.0,14.0,1.0,38.0,0.9090909090909092,0.0,0.0,22.0,0.0,0.0,4.0,0.0,1.0,2.0,21.0
-367,0.0,0.0,0.0,14.0,0.0,0.0,0.0,2.0,21.0,0.0,0.0,0.0,0.0,14.0,1.0,38.0,0.7272727272727273,0.0,0.0,22.0,0.0,0.0,4.0,0.0,1.0,2.0,21.0
-366,0.0,0.0,0.0,14.0,0.0,0.0,0.0,2.0,21.0,0.0,0.0,0.0,0.0,14.0,1.0,38.0,0.5454545454545454,0.0,0.0,22.0,0.0,0.0,4.0,0.0,1.0,2.0,21.0
-365,0.0,0.0,0.0,14.0,0.0,0.0,0.0,2.0,21.0,0.0,0.0,0.0,0.0,14.0,1.0,38.0,0.36363636363636354,0.0,0.0,22.0,0.0,0.0,4.0,0.0,1.0,2.0,21.0
-364,0.0,0.0,0.0,14.0,0.0,0.0,0.0,2.0,21.0,0.0,0.0,0.0,0.0,14.0,1.0,38.0,0.18181818181818166,0.0,0.0,22.0,0.0,0.0,4.0,0.0,1.0,2.0,21.0
-363,0.0,0.0,0.0,14.0,0.0,0.0,0.0,2.0,21.0,0.0,0.0,0.0,0.0,14.0,1.0,38.0,0.0,0.0,0.0,22.0,0.0,0.0,4.0,0.0,1.0,2.0,21.0
-362,0.0,0.0,0.0,14.0,0.0,0.0,0.0,2.0,21.0,0.0,0.0,0.0,0.0,14.0,1.0,38.0,0.2857142857142857,0.0,0.0,22.0,0.0,0.0,4.0,0.0,1.0,2.0,21.0
-361,0.0,0.0,0.0,14.0,0.0,0.0,0.0,2.0,21.0,0.0,0.0,0.0,0.0,14.0,1.0,38.0,0.5714285714285714,0.0,0.0,22.0,0.0,0.0,4.0,0.0,1.0,2.0,21.0
-360,0.0,0.0,0.0,14.0,0.0,0.0,0.0,2.0,21.0,0.0,0.0,0.0,0.0,14.0,1.0,38.0,0.8571428571428571,0.0,0.0,22.0,0.0,0.0,4.0,0.0,1.0,2.0,21.0
-359,0.0,0.0,0.0,14.0,0.0,0.0,0.0,2.0,21.0,0.0,0.0,0.0,0.0,14.0,1.0,38.0,1.1428571428571428,0.0,0.0,22.0,0.0,0.0,4.0,0.0,1.0,2.0,21.0
-358,0.0,0.0,0.0,14.0,0.0,0.0,0.0,2.0,21.0,0.0,0.0,0.0,0.0,14.0,1.0,38.0,1.4285714285714284,0.0,0.0,22.0,0.0,0.0,4.0,0.0,1.0,2.0,21.0
-357,0.0,0.0,0.0,14.0,0.0,0.0,0.0,2.0,21.0,0.0,0.0,0.0,0.0,14.0,1.0,38.0,1.7142857142857142,0.0,0.0,22.0,0.0,0.0,4.0,0.0,1.0,2.0,21.0
-356,0.0,0.0,0.0,14.0,0.0,0.0,0.0,2.0,21.0,0.0,0.0,0.0,0.0,14.0,1.0,38.0,2.0,0.0,0.0,22.0,0.0,0.0,4.0,0.0,1.0,2.0,21.0
-355,0.0,0.0,0.0,14.0,0.0,0.0,0.0,2.0,21.0,0.0,0.0,0.0,0.0,14.0,1.0,38.0,2.0,0.0,0.0,22.0,0.0,0.0,4.0,0.0,1.0,2.0,21.0
-354,0.0,0.0,0.0,14.0,0.0,0.0,0.0,2.0,21.0,0.0,0.0,0.0,0.0,14.0,1.0,38.0,2.0,0.0,0.0,22.0,0.0,0.0,4.0,0.0,1.0,2.0,21.0
-353,0.0,0.0,0.0,14.0,0.0,0.0,0.0,2.0,21.0,0.0,0.0,0.0,0.0,14.0,1.0,38.0,2.0,0.0,0.0,22.0,0.0,0.0,4.0,0.0,1.0,2.0,21.0
-352,0.0,0.0,0.0,14.0,0.0,0.0,0.0,2.0,21.0,0.0,0.0,0.0,0.0,14.0,1.0,38.0,2.0,0.0,0.0,22.0,0.0,0.0,4.0,0.0,1.0,2.0,21.0
-351,0.0,0.0,0.0,14.0,0.0,0.0,0.0,2.0,21.0,0.0,0.0,0.0,0.0,14.0,1.0,38.0,2.0,0.0,0.0,22.0,0.0,0.0,4.0,0.0,1.0,2.0,21.0
-350,0.0,0.0,0.0,14.0,0.0,0.0,0.0,2.0,21.0,0.0,0.0,0.0,0.0,14.0,1.0,38.0,2.0,0.0,0.0,22.0,0.0,0.0,4.0,0.0,1.0,2.0,21.0
-349,0.0,0.0,0.0,14.0,0.0,0.0,0.0,2.0,21.0,0.0,0.0,0.0,0.0,14.0,1.0,38.0,2.0,0.0,0.0,22.0,0.0,0.0,4.0,0.0,1.0,2.0,21.0
-348,0.0,0.0,0.0,14.0,0.0,0.0,0.0,2.0,21.0,0.0,0.0,0.0,0.0,14.0,1.0,38.0,2.0,0.0,0.0,22.0,0.0,0.0,4.0,0.0,1.0,2.0,21.0
-347,0.0,0.0,0.0,14.0,0.0,0.0,0.0,2.0,21.0,0.0,0.0,0.0,0.0,14.0,1.0,38.0,2.0,0.0,0.0,22.0,0.0,0.0,4.0,0.0,1.0,2.0,21.0
-346,0.0,0.0,0.0,14.0,0.0,0.0,0.0,2.0,21.0,0.0,0.0,0.0,0.0,14.0,1.0,38.0,2.0,0.0,0.0,22.0,0.0,0.0,4.0,0.0,1.0,2.0,21.0
-345,0.0,0.0,0.0,14.0,0.0,0.0,0.0,2.0,21.0,0.0,0.0,0.0,0.0,14.0,1.0,38.0,2.0,0.0,0.0,22.0,0.0,0.0,4.0,0.0,1.0,2.0,21.0
-344,0.0,0.0,0.0,14.0,0.0,0.0,0.0,2.0,21.0,0.0,0.0,0.0,0.0,14.0,1.0,38.0,2.0,0.0,0.0,22.0,0.0,0.0,4.0,0.0,1.0,2.0,21.0
-343,0.0,0.0,0.0,14.0,0.0,0.0,0.0,2.0,21.0,0.0,0.0,0.0,0.0,14.0,1.0,38.0,2.0,0.0,0.0,22.0,0.0,0.0,4.0,0.0,1.0,2.0,21.0
-342,0.0,0.0,0.0,14.0,0.0,0.0,0.0,2.0,21.0,0.0,0.0,0.0,0.0,14.0,1.0,37.92307692307692,2.0,0.0,0.0,22.0,0.0,0.0,4.0,0.0,1.0,2.0,21.0
-341,0.0,0.0,0.0,14.0,0.0,0.0,0.0,2.0,21.0,0.0,0.0,0.0,0.0,14.0,1.0,37.84615384615385,2.0,0.0,0.0,22.0,0.0,0.0,4.0,0.0,1.0,2.0,21.0
-340,0.0,0.0,0.0,14.0,0.0,0.0,0.0,2.0,21.0,0.0,0.0,0.0,0.0,14.0,1.0,37.76923076923077,2.0,0.0,0.0,22.0,0.0,0.0,4.0,0.0,1.0,2.0,21.0
-339,0.0,0.0,0.0,14.0,0.0,0.0,0.0,2.0,21.0,0.0,0.0,0.0,0.0,14.0,1.0,37.69230769230769,2.0,0.0,0.0,22.0,0.0,0.0,4.0,0.0,1.0,2.0,21.0
-338,0.0,0.0,0.0,14.0,0.0,0.0,0.0,2.0,21.0,0.0,0.0,0.0,0.0,14.0,1.0,37.61538461538461,2.0,0.0,0.0,22.0,0.0,0.0,4.0,0.0,1.0,2.0,21.0
-337,0.0,0.0,0.0,14.0,0.0,0.0,0.0,2.0,21.0,0.0,0.0,0.0,0.0,14.0,1.0,37.53846153846154,2.0,0.0,0.0,22.0,0.0,0.0,4.0,0.0,1.0,2.0,21.0
-336,0.0,0.0,0.0,14.0,0.0,0.0,0.0,2.0,21.0,0.0,0.0,0.0,0.0,14.0,1.0,37.46153846153846,2.0,0.0,0.0,22.0,0.0,0.0,4.0,0.0,1.0,2.0,21.0
-335,0.0,0.0,0.0,14.0,0.0,0.0,0.0,2.0,21.0,0.0,0.0,0.0,0.0,14.0,1.0,37.38461538461539,2.0,0.0,0.0,22.0,0.0,0.0,4.0,0.0,1.0,2.0,21.0
-334,0.0,0.0,0.0,14.0,0.0,0.0,0.0,2.0,21.0,0.0,0.0,0.0,0.0,14.0,1.0,37.30769230769231,2.0,0.0,0.0,22.0,0.0,0.0,4.0,0.0,1.0,2.0,21.0
-333,0.0,0.0,0.0,14.0,0.0,0.0,0.0,2.0,21.0,0.0,0.0,0.0,0.0,14.0,1.0,37.23076923076923,2.0,0.0,0.0,22.0,0.0,0.0,4.0,0.0,1.0,2.0,21.0
-332,0.0,0.0,0.0,14.0,0.0,0.0,0.0,2.0,21.0,0.0,0.0,0.0,0.0,14.0,1.0,37.15384615384615,2.0,0.0,0.0,22.0,0.0,0.0,4.0,0.0,1.0,2.0,21.0
-331,0.0,0.0,0.0,14.0,0.0,0.0,0.0,2.0,21.0,0.0,0.0,0.0,0.0,14.0,1.0,37.07692307692308,2.0,0.0,0.0,22.0,0.0,0.0,4.0,0.0,1.0,2.0,21.0
-330,0.0,0.0,0.0,14.0,0.0,0.0,0.0,2.0,21.0,0.0,0.0,0.0,0.0,14.0,1.0,37.0,2.0,0.0,0.0,22.0,0.0,0.0,4.0,0.0,1.0,2.0,21.0
-329,0.0,0.0,0.0,14.0,0.0,0.0,0.0,2.0,21.0,0.0,0.0,0.0,0.0,14.0,1.0,37.07142857142857,2.0,0.0,0.0,22.0,0.0,0.0,4.0,0.0,1.0,2.0,21.0
-328,0.0,0.0,0.0,14.0,0.0,0.0,0.0,2.0,21.0,0.0,0.0,0.0,0.0,14.0,1.0,37.142857142857146,2.0,0.0,0.0,22.0,0.0,0.0,4.0,0.0,1.0,2.0,21.0
-327,0.0,0.0,0.0,14.0,0.0,0.0,0.0,2.0,21.0,0.0,0.0,0.0,0.0,14.0,1.0,37.214285714285715,2.0,0.0,0.0,22.0,0.0,0.0,4.0,0.0,1.0,2.0,21.0
-326,0.0,0.0,0.0,14.0,0.0,0.0,0.0,2.0,21.0,0.0,0.0,0.0,0.0,14.0,1.0,37.285714285714285,2.0,0.0,0.0,22.0,0.0,0.0,4.0,0.0,1.0,2.0,21.0
-325,0.0,0.0,0.0,14.0,0.0,0.0,0.0,2.0,21.0,0.0,0.0,0.0,0.0,14.0,1.0,37.357142857142854,2.0,0.0,0.0,22.0,0.0,0.0,4.0,0.0,1.0,2.0,21.0
-324,0.0,0.0,0.0,14.0,0.0,0.0,0.0,2.0,21.0,0.0,0.0,0.0,0.0,14.0,1.0,37.42857142857143,2.0,0.0,0.0,22.0,0.0,0.0,4.0,0.0,1.0,2.0,21.0
-323,0.0,0.0,0.0,14.0,0.0,0.0,0.0,2.0,21.0,0.0,0.0,0.0,0.0,14.0,1.0,37.5,2.0,0.0,0.0,22.0,0.0,0.0,4.0,0.0,1.0,2.0,21.0
-322,0.0,0.0,0.0,14.0,0.0,0.0,0.0,2.0,21.0,0.0,0.0,0.0,0.0,14.0,1.0,37.57142857142857,2.0,0.0,0.0,22.0,0.0,0.0,4.0,0.0,1.0,2.0,21.0
-321,0.0,0.0,0.0,14.0,0.0,0.0,0.0,2.0,21.0,0.0,0.0,0.0,0.0,14.0,1.0,37.642857142857146,2.0,0.0,0.0,22.0,0.0,0.0,4.0,0.0,1.0,2.0,21.0
-320,0.0,0.0,0.0,14.0,0.0,0.0,0.0,2.0,21.0,0.0,0.0,0.0,0.0,14.0,1.0,37.714285714285715,2.0,0.0,0.0,22.0,0.0,0.0,4.0,0.0,1.0,2.0,21.0
-319,0.0,0.0,0.0,14.0,0.0,0.0,0.0,2.0,21.0,0.0,0.0,0.0,0.0,14.0,1.0,37.785714285714285,2.0,0.0,0.0,22.0,0.0,0.0,4.0,0.0,1.0,2.0,21.0
-318,0.0,0.0,0.0,14.0,0.0,0.0,0.0,2.0,21.0,0.0,0.0,0.0,0.0,14.0,1.0,37.857142857142854,2.0,0.0,0.0,22.0,0.0,0.0,4.0,0.0,1.0,2.0,21.0
-317,0.0,0.0,0.0,14.0,0.0,0.0,0.0,2.0,21.0,0.0,0.0,0.0,0.0,14.0,1.0,37.92857142857143,2.0,0.0,0.0,22.0,0.0,0.0,4.0,0.0,1.0,2.0,21.0
-316,0.0,0.0,0.0,14.0,0.0,0.0,0.0,2.0,21.0,0.0,0.0,0.0,0.0,14.0,1.0,38.0,2.0,0.0,0.0,22.0,0.0,0.0,4.0,0.0,1.0,2.0,21.0
-315,0.0,0.0,0.0,14.0,0.0,0.0,0.0,2.0,21.0,0.0,0.0,0.0,0.0,14.0,1.0,37.0,2.0,0.0,0.0,22.0,0.0,0.0,4.0,0.0,1.0,2.0,21.0
-314,0.0,0.0,0.0,14.0,0.0,0.0,0.0,2.0,21.0,0.0,0.0,0.0,0.0,14.0,1.0,37.06666666666667,2.0,0.0,0.0,22.0,0.0,0.0,4.0,0.0,1.0,2.0,21.0
-313,0.0,0.0,0.0,14.0,0.0,0.0,0.0,2.0,21.0,0.0,0.0,0.0,0.0,14.0,1.0,37.13333333333333,2.0,0.0,0.0,22.0,0.0,0.0,4.0,0.0,1.0,2.0,21.0
-312,0.0,0.0,0.0,14.0,0.0,0.0,0.0,2.0,21.0,0.0,0.0,0.0,0.0,14.0,1.0,37.2,2.0,0.0,0.0,22.0,0.0,0.0,4.0,0.0,1.0,2.0,21.0
-311,0.0,0.0,0.0,14.0,0.0,0.0,0.0,2.0,21.0,0.0,0.0,0.0,0.0,14.0,1.0,37.266666666666666,2.0,0.0,0.0,22.0,0.0,0.0,4.0,0.0,1.0,2.0,21.0
-310,0.0,0.0,0.0,14.0,0.0,0.0,0.0,2.0,21.0,0.0,0.0,0.0,0.0,14.0,1.0,37.333333333333336,2.0,0.0,0.0,22.0,0.0,0.0,4.0,0.0,1.0,2.0,21.0
-309,0.0,0.0,0.0,14.0,0.0,0.0,0.0,2.0,21.0,0.0,0.0,0.0,0.0,14.0,1.0,37.4,2.0,0.0,0.0,22.0,0.0,0.0,4.0,0.0,1.0,2.0,21.0
-308,0.0,0.0,0.0,14.0,0.0,0.0,0.0,2.0,21.0,0.0,0.0,0.0,0.0,14.0,1.0,37.46666666666667,2.0,0.0,0.0,22.0,0.0,0.0,4.0,0.0,1.0,2.0,21.0
-307,0.0,0.0,0.0,14.0,0.0,0.0,0.0,2.0,21.0,0.0,0.0,0.0,0.0,14.0,1.0,37.53333333333333,2.0,0.0,0.0,22.0,0.0,0.0,4.0,0.0,1.0,2.0,21.0
-306,0.0,0.0,0.0,14.0,0.0,0.0,0.0,2.0,21.0,0.0,0.0,0.0,0.0,14.0,1.0,37.6,2.0,0.0,0.0,22.0,0.0,0.0,4.0,0.0,1.0,2.0,21.0
-305,0.0,0.0,0.0,14.0,0.0,0.0,0.0,2.0,21.0,0.0,0.0,0.0,0.0,14.0,1.0,37.666666666666664,2.0,0.0,0.0,22.0,0.0,0.0,4.0,0.0,1.0,2.0,21.0
-304,0.0,0.0,0.0,14.0,0.0,0.0,0.0,2.0,21.0,0.0,0.0,0.0,0.0,14.0,1.0,37.733333333333334,2.0,0.0,0.0,22.0,0.0,0.0,4.0,0.0,1.0,2.0,21.0
-303,0.0,0.0,0.0,14.0,0.0,0.0,0.0,2.0,21.0,0.0,0.0,0.0,0.0,14.0,1.0,37.8,2.0,0.0,0.0,22.0,0.0,0.0,4.0,0.0,1.0,2.0,21.0
-302,0.0,0.0,0.0,14.0,0.0,0.0,0.0,2.0,21.0,0.0,0.0,0.0,0.0,14.0,1.0,37.86666666666667,1.8571428571428572,0.0,0.0,22.0,0.0,0.0,4.0,0.0,1.0,2.0,21.0
-301,0.0,0.0,0.0,14.0,0.0,0.0,0.0,2.0,21.0,0.0,0.0,0.0,0.0,14.0,1.0,37.93333333333333,1.7142857142857144,0.0,0.0,22.0,0.0,0.0,4.0,0.0,1.0,2.0,21.0
-300,0.0,0.0,0.0,14.0,0.0,0.0,0.0,2.0,21.0,0.0,0.0,0.0,0.0,14.0,1.0,38.0,1.5714285714285714,0.0,0.0,22.0,0.0,0.0,4.0,0.0,1.0,2.0,21.0
-299,0.0,0.0,0.0,14.0,0.0,0.0,0.0,2.0,21.0,0.0,0.0,0.0,0.0,14.0,1.0,38.0,1.4285714285714286,0.0,0.0,22.0,0.0,0.0,4.0,0.0,1.0,2.0,21.0
-298,0.0,0.0,0.0,14.0,0.0,0.0,0.0,2.0,21.0,0.0,0.0,0.0,0.0,14.0,1.0,38.0,1.2857142857142858,0.0,0.0,22.0,0.0,0.0,4.0,0.0,1.0,2.0,21.0
-297,0.0,0.0,0.0,14.0,0.0,0.0,0.0,2.0,21.0,0.0,0.0,0.0,0.0,14.0,1.0,38.0,1.1428571428571428,0.0,0.0,22.0,0.0,0.0,4.0,0.0,1.0,2.0,21.0
-296,0.0,0.0,0.0,14.0,0.0,0.0,0.0,2.0,21.0,0.0,0.0,0.0,0.0,14.0,1.0,38.0,1.0,0.0,0.0,22.0,0.0,0.0,4.0,0.0,1.0,2.0,21.0
-295,0.0,0.0,0.0,14.0,0.0,0.0,0.0,2.0,21.0,0.0,0.0,0.0,0.0,14.0,1.0,38.0,1.1428571428571428,0.0,0.0,22.0,0.0,0.0,4.0,0.0,1.0,2.0,21.0
-294,0.0,0.0,0.0,14.0,0.0,0.0,0.0,2.0,21.0,0.0,0.0,0.0,0.0,14.0,1.0,38.0,1.2857142857142856,0.0,0.0,22.0,0.0,0.0,4.0,0.0,1.0,2.0,21.0
-293,0.0,0.25,0.0,14.0,0.0,0.0,0.0,2.0,21.0,0.0,0.0,0.0,0.0,14.0,1.0,38.0,1.4285714285714286,0.0,0.0,22.0,0.0,0.0,4.0,0.0,1.0,2.0,21.0
-292,0.0,0.5,0.0,14.0,0.0,0.0,0.0,2.0,21.0,0.0,0.0,0.0,0.0,14.0,1.0,38.0,1.5714285714285714,0.0,0.0,22.0,0.0,0.0,4.0,0.0,1.0,2.0,21.0
-291,0.0,0.75,0.0,14.0,0.0,0.0,0.0,2.0,21.0,0.0,0.0,0.0,0.0,14.0,1.0,38.0,1.7142857142857142,0.0,0.0,22.0,0.0,0.0,4.0,0.0,1.0,2.0,21.0
-290,0.0,1.0,0.0,14.0,0.0,0.0,0.0,2.0,21.0,0.0,0.0,0.0,0.0,14.0,1.0,38.0,1.8571428571428572,0.0,0.0,22.0,0.0,0.0,4.0,0.0,1.0,2.0,21.0
-289,0.0,1.25,0.0,14.0,0.0,0.0,0.0,2.0,21.0,0.0,0.0,0.0,0.0,14.0,1.0,38.0,2.0,0.0,0.0,22.0,0.0,0.0,4.0,0.0,1.0,2.0,21.0
-288,0.0,1.5,0.0,14.0,0.0,0.0,0.0,2.0,21.0,0.0,0.0,0.0,0.0,14.0,1.0,38.0,2.0,0.0,0.0,22.0,0.0,0.0,4.0,0.0,1.0,2.0,21.0
-287,0.0,1.75,0.0,14.0,0.0,0.0,0.0,2.0,21.0,0.0,0.0,0.0,0.0,14.0,1.0,38.0,2.0,0.0,0.0,22.0,0.0,0.0,4.0,0.0,1.0,2.0,21.0
-286,0.0,2.0,0.0,14.0,0.0,0.0,0.0,2.0,21.0,0.0,0.0,0.0,0.0,14.0,1.0,38.0,2.0,0.0,0.0,22.0,0.0,0.0,4.0,0.0,1.0,2.0,21.0
-285,0.0,2.0,0.0,14.0,0.0,0.0,0.0,2.0,21.0,0.0,0.0,0.0,0.0,14.0,1.0,38.0,2.0,0.0,0.0,22.0,0.0,0.0,4.0,0.0,1.0,2.0,21.0
-284,0.0,2.0,0.0,14.0,0.0,0.0,0.0,2.0,21.0,0.0,0.0,0.0,0.0,14.0,1.0,38.0,2.0,0.0,0.0,22.0,0.0,0.0,4.0,0.0,1.0,2.0,21.0
-283,0.0,2.0,0.0,14.0,0.0,0.0,0.0,2.0,21.0,0.0,0.0,0.0,0.0,14.0,1.0,38.07142857142857,2.0,0.0,0.0,22.0,0.0,0.0,4.0,0.0,1.0,2.0,21.0
-282,0.0,2.0,0.0,14.0,0.0,0.0,0.0,2.0,21.0,0.0,0.0,0.0,0.0,14.0,1.0,38.142857142857146,2.0,0.0,0.0,22.0,0.0,0.0,4.0,0.0,1.0,2.0,21.0
-281,0.0,2.0,0.0,14.0,0.0,0.0,0.0,2.0,21.0,0.0,0.0,0.0,0.0,14.0,1.0,38.214285714285715,2.0,0.0,0.0,22.0,0.0,0.0,4.0,0.0,1.0,2.0,21.0
-280,0.0,2.0,0.0,14.0,0.0,0.0,0.0,2.0,21.0,0.0,0.0,0.0,0.0,14.0,1.0,38.285714285714285,2.0,0.0,0.0,22.0,0.0,0.0,4.0,0.0,1.0,2.0,21.0
-279,0.0,2.0,0.0,14.0,0.0,0.0,0.0,2.0,21.0,0.0,0.0,0.0,0.0,14.0,1.0,38.357142857142854,2.0,0.0,0.0,22.0,0.0,0.0,4.0,0.0,1.0,2.0,21.0
-278,0.0,2.0,0.0,14.0,0.0,0.0,0.0,2.0,21.0,0.0,0.0,0.0,0.0,14.0,1.0,38.42857142857143,2.0,0.0,0.0,22.0,0.0,0.0,4.0,0.0,1.0,2.0,21.0
-277,0.0,2.0,0.0,14.0,0.0,0.0,0.0,2.0,21.0,0.0,0.0,0.0,0.0,14.0,1.0,38.5,2.0,0.0,0.0,22.0,0.0,0.0,4.0,0.0,1.0,2.0,21.0
-276,0.0,2.0,0.0,14.0,0.0,0.0,0.0,2.0,21.0,0.0,0.0,0.0,0.0,14.0,1.0,38.57142857142857,2.0,0.0,0.0,22.0,0.0,0.0,4.0,0.0,1.0,2.0,21.0
-275,0.0,2.0,0.0,14.0,0.0,0.0,0.0,2.0,21.0,0.0,0.0,0.0,0.0,14.0,1.0,38.642857142857146,2.0,0.0,0.0,22.0,0.0,0.0,4.0,0.0,1.0,2.0,21.0
-274,0.0,2.0,0.0,14.0,0.0,0.125,0.0,2.0,21.0,0.0,0.0,0.125,0.0,14.0,1.0,38.714285714285715,2.0,0.0,0.0,22.0,0.0,0.0,4.0,0.125,1.0,2.0,21.0
-273,0.0,2.0,0.0,14.0,0.0,0.25,0.0,2.0,21.0,0.0,0.0,0.25,0.0,14.0,1.0,38.785714285714285,2.0,0.0,0.0,22.0,0.0,0.0,4.0,0.25,1.2222222222222223,2.0,21.0
-272,0.0,2.0,0.0,14.0,0.0,0.375,0.0,2.0,21.0,0.0,0.0,0.375,0.0,14.0,1.0,38.857142857142854,2.0,0.0,0.0,22.0,0.0,0.0,4.0,0.375,1.4444444444444444,2.0,21.0
-271,0.0,2.0,0.0,14.0,0.0,0.5,0.0,2.0,21.0,0.0,0.0,0.5,0.0,14.666666666666666,1.0,38.92857142857143,2.0,0.0,0.0,22.0,0.0,0.0,4.0,0.5,1.6666666666666665,2.0,21.0
-270,0.0,2.0,0.0,14.0,0.0,0.625,0.0,2.0,21.0,0.0,0.0,0.625,0.0,15.333333333333334,1.0,39.0,2.0,0.0,0.0,22.0,0.0,0.0,4.0,0.625,1.8888888888888888,2.0,21.0
-269,0.0,2.0,0.0,14.0,0.0,0.75,0.0,2.0,21.0,0.0,0.0,0.75,0.0,16.0,1.0,39.0,2.0,0.0,0.0,22.0,0.0,0.0,4.0,0.75,2.111111111111111,2.0,21.0
-268,0.0,2.0,0.0,14.0,0.0,0.875,0.0,2.0,21.0,0.0,0.0,0.875,0.0,16.666666666666668,1.0,39.0,2.0,0.0,0.0,22.0,0.0,0.0,4.0,0.875,2.333333333333333,2.0,21.0
-267,0.0,2.0,0.0,14.0,0.0,1.0,0.0,2.0,21.0,0.0,0.0,1.0,0.0,17.333333333333332,1.0,39.0,2.0,0.0,0.0,22.0,0.0,0.0,4.0,1.0,2.5555555555555554,2.0,21.0
-266,0.0,2.0,0.0,14.0,0.0,1.0,0.0,2.0,21.0,0.0,0.0,1.0,0.0,18.0,1.0,39.0,2.0,0.0,0.0,22.0,0.0,0.0,4.0,1.0,2.7777777777777777,2.0,21.0
-265,0.0,2.0,0.0,14.0,0.0,1.0,0.0,2.0,21.0,0.0,0.0,1.0,0.0,18.428571428571427,1.0,39.0,2.0,0.0,0.0,22.0,0.0,0.0,4.0,1.0,3.0,2.0,21.0
-264,0.0,2.0,0.0,14.0,0.0,1.0,0.0,2.0,21.0,0.0,0.0,1.0,0.0,18.857142857142858,1.0,39.0,2.0,0.0,0.0,22.0,0.0,0.0,4.0,1.0,2.857142857142857,2.0,21.0
-263,0.0,2.0,0.0,14.0,0.0,1.0,0.0,2.0,21.0,0.0,0.0,1.0,0.0,19.285714285714285,1.0,39.0,2.0,0.0,0.0,22.0,0.0,0.0,4.0,1.0,2.7142857142857144,2.0,21.0
-262,0.0,2.0,0.0,14.0,0.0,1.0,0.0,2.0,21.0,0.0,0.0,1.0,0.0,19.714285714285715,1.0,39.0,2.0,0.0,0.0,22.0,0.0,0.0,4.0,1.0,2.5714285714285716,2.0,21.0
-261,0.0,2.0,0.0,14.0,0.0,1.0,0.0,2.0,21.0,0.0,0.0,1.0,0.0,20.142857142857142,1.0,39.0,2.0,0.0,0.0,22.0,0.0,0.0,4.0,1.0,2.428571428571429,2.0,21.0
-260,0.0,2.0,0.0,14.0,0.0,1.0,0.0,2.0,21.0,0.0,0.0,1.0,0.0,20.57142857142857,1.0,39.0,2.0,0.0,0.0,22.0,0.0,0.0,4.0,1.0,2.2857142857142856,2.0,21.0
-259,0.0,2.0,0.0,14.0,0.0,1.0,0.0,2.0,21.0,0.0,0.0,1.0,0.0,21.0,1.0,39.0,2.0,0.0,0.0,22.0,0.0,0.0,4.0,1.0,2.142857142857143,2.0,21.0
-258,0.0,2.0,0.0,14.0,0.0,1.0,0.0,2.0,21.0,0.0,0.0,1.0,0.0,21.0,1.0,39.0,2.0,0.0,0.0,22.0,0.0,0.0,4.0,1.0,2.0,2.0,21.0
-257,0.0,2.0,0.0,14.0,0.0,1.0,0.0,2.0,21.0,0.0,0.0,1.0,0.0,21.0,1.0,39.0,2.0,0.0,0.0,22.0,0.0,0.0,4.0,1.0,2.0,2.0,21.0
-256,0.0,2.0,0.0,14.0,0.0,1.0,0.0,2.0,21.0,0.0,0.0,1.0,0.0,21.0,1.0,38.94736842105263,2.0,0.0,0.0,22.0,0.0,0.0,4.0,1.0,2.0,2.0,21.0
-255,0.0,2.0,0.0,14.0,0.0,1.0,0.0,2.0,21.0,0.0,0.0,1.0,0.0,21.0,1.0,38.89473684210526,2.0,0.0,0.0,22.0,0.0,0.0,4.0,1.0,2.0,2.0,21.0
-254,0.0,2.0,0.0,14.0,0.0,1.0,0.0,2.0,21.0,0.0,0.0,1.0,0.0,21.0,1.0,38.8421052631579,2.0,0.0,0.0,22.0,0.0,0.0,4.0,1.0,2.0,2.0,21.0
-253,0.0,2.0,0.0,14.0,0.0,1.0,0.0,2.0,21.0,0.0,0.0,1.0,0.0,21.0,1.0,38.78947368421053,2.0,0.0,0.0,22.0,0.0,0.0,4.0,1.0,2.0,2.0,21.0
-252,0.0,2.0,0.0,14.0,0.0,1.0,0.0,2.0,21.0,0.0,0.0,1.0,0.0,21.0,1.0,38.73684210526316,2.0,0.0,0.0,22.0,0.0,0.0,4.0,1.0,2.0,2.0,21.0
-251,0.0,2.0,0.0,14.0,0.0,1.0,0.0,2.0,21.0,0.0,0.0,1.0,0.0,21.0,1.0,38.68421052631579,2.0,0.0,0.0,22.0,0.0,0.0,4.0,1.0,2.0,2.0,21.0
-250,0.0,2.0,0.0,14.0,0.0,1.0,0.0,2.0,21.0,0.0,0.0,1.0,0.0,21.0,1.0,38.63157894736842,2.0,0.0,0.0,22.0,0.0,0.0,4.0,1.0,2.0,2.0,21.0
-249,0.0,2.0,0.0,14.0,0.0,1.0,0.0,2.0,21.0,0.0,0.0,1.0,0.0,21.0,1.0,38.578947368421055,2.0,0.0,0.0,22.0,0.0,0.0,4.0,1.0,2.0,2.0,21.0
-248,0.0,2.0,0.0,14.0,0.0,1.0,0.0,2.0,21.0,0.0,0.0,1.0,0.0,21.0,1.0,38.526315789473685,2.0,0.0,0.0,22.0,0.0,0.0,4.0,1.0,2.0,2.0,21.0
-247,0.0,2.0,0.0,14.0,0.0,1.0,0.0,2.0,21.0,0.0,0.0,1.0,0.0,21.0,1.0,38.473684210526315,2.0,0.0,0.0,22.0,0.0,0.0,4.0,1.0,2.0,2.0,21.0
-246,0.0,2.0,0.0,14.0,0.0,1.0,0.0,2.0,21.0,0.0,0.0,1.0,0.0,21.0,1.0,38.421052631578945,1.6,0.0,0.0,22.0,0.0,0.0,4.0,1.0,2.0,2.0,21.0
-245,0.0,2.0,0.0,14.0,0.0,1.0,0.0,2.0,21.0,0.0,0.0,1.0,0.0,21.0,1.0,38.36842105263158,1.2,0.0,0.0,22.0,0.0,0.0,4.0,1.0,2.0,2.0,21.0
-244,0.0,2.0,0.0,14.0,0.0,1.0,0.0,2.0,21.0,0.0,0.0,1.0,0.0,21.0,1.0,38.31578947368421,0.7999999999999998,0.0,0.0,22.0,0.0,0.0,4.0,1.0,2.0,2.0,21.0
-243,0.0,2.0,0.0,14.0,0.0,1.0,0.0,2.0,21.0,0.0,0.0,1.0,0.0,21.0,1.0,38.26315789473684,0.3999999999999999,0.0,0.0,22.0,0.0,0.0,4.0,1.0,2.0,2.0,21.0
-242,0.0,2.0,0.0,14.0,0.0,1.0,0.0,2.0,21.0,0.0,0.0,1.0,0.0,21.0,1.0,38.21052631578947,0.0,0.0,0.0,22.0,0.0,0.0,4.0,1.0,2.0,2.0,21.0
-241,0.0,2.0,0.0,14.0,0.0,1.0,0.0,2.0,21.0,0.0,0.0,1.0,0.0,21.0,1.0,38.1578947368421,0.6666666666666666,0.0,0.0,22.0,0.0,0.0,4.0,1.0,2.0,2.0,21.0
-240,0.0,2.0,0.0,14.0,0.0,1.0,0.0,2.0,21.0,0.0,0.0,1.0,0.0,21.0,1.0,38.10526315789474,1.3333333333333333,0.0,0.0,22.0,0.0,0.0,4.0,1.0,2.0,2.0,21.0
-239,0.0,2.0,0.0,14.0,0.0,1.0,0.0,2.0,21.0,0.0,0.0,1.0,0.0,21.0,1.0,38.05263157894737,2.0,0.0,0.0,22.0,0.0,0.0,4.0,1.0,2.0,2.0,21.0
-238,0.0,2.0,0.0,14.0,0.0,1.0,0.0,2.0,21.0,0.0,0.0,1.0,0.0,21.0,1.0,38.0,1.7777777777777777,0.0,0.0,22.0,0.0,0.0,4.0,1.0,2.0,2.0,21.0
-237,0.0,2.0,0.0,14.0,0.0,1.0,0.0,2.0,21.0,0.0,0.0,1.0,0.0,21.0,1.0,38.0,1.5555555555555556,0.0,0.0,22.0,0.0,0.0,4.0,1.0,2.0,2.0,21.0
-236,0.0,2.0,0.0,14.0,0.0,1.0,0.0,2.0,21.0,0.0,0.0,1.0,0.0,21.0,1.0,38.0,1.3333333333333335,0.0,0.0,22.0,0.0,0.0,4.0,1.0,2.0,2.0,21.0
-235,0.0,2.0,0.0,14.0,0.0,1.0,0.0,2.0,21.0,0.0,0.0,1.0,0.0,21.0,1.0,38.0,1.1111111111111112,0.0,0.0,22.0,0.0,0.0,4.0,1.0,2.0,2.0,21.0
-234,0.0,2.0,0.0,14.0,0.0,1.0,0.0,2.0,21.0,0.0,0.0,1.0,0.0,21.0,1.0,38.0,0.8888888888888888,0.0,0.0,22.0,0.0,0.0,4.0,1.0,2.0,2.0,21.0
-233,0.0,2.0,0.0,14.0,0.0,1.0,0.0,2.0,21.0,0.0,0.0,1.0,0.0,21.0,1.0,38.0,0.6666666666666667,0.0,0.0,22.0,0.0,0.0,4.0,1.0,2.0,2.0,21.0
-232,0.0,2.0,0.0,14.0,0.0,1.0,0.0,2.0,21.0,0.0,0.0,1.0,0.0,21.0,1.0,38.0,0.44444444444444464,0.0,0.0,22.0,0.0,0.0,4.0,1.0,2.0,2.0,21.0
-231,0.0,2.0,0.0,14.0,0.0,1.0,0.0,2.0,21.0,0.0,0.0,1.0,0.0,21.0,1.0,38.0,0.22222222222222232,0.0,0.0,22.0,0.0,0.0,4.0,1.0,2.0,2.0,21.0
-230,0.0,2.0,0.0,14.0,0.0,1.0,0.0,2.0,21.0,0.0,0.0,1.0,0.0,21.0,1.0,38.0,0.0,0.0,0.0,22.0,0.0,0.0,4.0,1.0,2.0,2.0,21.0
-229,0.0,2.0,0.0,14.0,0.0,1.0,0.0,2.0,21.0,0.0,0.0,1.0,0.0,21.0,1.0,38.0,0.0,0.0,0.0,22.0,0.0,0.0,4.0,1.0,2.0,2.0,21.0
-228,0.0,2.0,0.0,14.0,0.0,1.0,0.0,2.0,21.0,0.0,0.0,1.0,0.0,21.0,1.0,38.0,0.0,0.0,0.0,22.0,0.0,0.0,4.0,1.0,2.0,2.0,21.0
-227,0.0,2.0,0.0,14.0,0.0,1.0,0.0,2.0,21.0,0.0,0.0,1.0,0.0,21.0,1.0,38.0,0.0,0.0,0.0,22.0,0.0,0.0,4.0,1.0,2.0,2.0,21.0
-226,0.0,2.0,0.0,14.0,0.0,1.0,0.0,2.0,21.0,0.0,0.0,1.0,0.0,21.0,1.0,38.0,0.0,0.0,0.0,22.0,0.0,0.0,4.0,1.0,2.0,2.0,21.0
-225,0.0,2.0,0.0,14.0,0.0,1.0,0.0,2.0,21.0,0.0,0.0,1.0,0.0,21.0,1.0,38.0,0.0,0.0,0.0,22.0,0.0,0.0,4.0,1.0,2.0,2.0,21.0
-224,0.0,2.0,0.0,14.0,0.0,1.0,0.0,2.0,21.0,0.0,0.0,1.0,0.0,21.0,1.0,38.0,0.0,0.0,0.0,22.0,0.0,0.0,4.0,1.0,2.0,2.0,21.0
-223,0.0,2.0,0.0,14.0,0.0,1.0,0.0,2.0,21.0,0.0,0.0,1.0,0.0,21.0,1.0,38.0,0.0,0.0,0.0,22.0,0.0,0.0,4.0,1.0,2.0,2.0,21.0
-222,0.0,2.0,0.0,14.0,0.0,1.0,0.0,2.0,21.0,0.0,0.0,1.0,0.0,21.0,1.0,38.0,0.5,0.0,0.0,22.0,0.0,0.0,4.0,1.0,2.0,2.0,21.0
-221,0.0,2.0,0.0,14.0,0.0,1.0,0.0,2.0,21.0,0.0,0.0,1.0,0.0,21.0,1.0,38.0,1.0,0.0,0.0,22.0,0.0,0.0,4.0,1.0,2.0,2.0,21.0
-220,0.0,2.0,0.0,14.0,0.0,1.0,0.0,2.0,21.0,0.0,0.0,1.0,0.0,21.0,1.0,38.0,1.5,0.0,0.0,22.0,0.0,0.0,4.0,1.0,2.0,2.0,21.0
-219,0.0,2.0,0.0,14.0,0.0,1.0,0.0,2.0,21.0,0.0,0.0,1.0,0.0,21.0,1.0,38.0,2.0,0.0,0.0,22.0,0.0,0.0,4.0,1.0,2.0,2.0,21.0
-218,0.0,2.0,0.0,14.0,0.0,1.0,0.0,2.0,21.0,0.0,0.0,1.0,0.0,21.0,1.0,38.0,2.0,0.0,0.0,22.0,0.0,0.0,4.0,1.0,2.0,2.0,21.0
-217,0.0,2.0,0.0,14.0,0.0,1.0,0.0,2.0,21.0,0.0,0.0,1.0,0.0,21.0,1.0,38.0,2.0,0.0,0.0,22.0,0.0,0.0,4.0,1.0,2.0,2.0,21.0
-216,0.0,2.0,0.0,14.0,0.0,1.0,0.0,2.0,21.0,0.0,0.0,1.0,0.0,21.0,1.0,38.0,2.0,0.0,0.0,22.0,0.0,0.0,4.0,1.0,2.0,2.0,21.0
-215,0.0,2.0,0.0,14.0,0.0,1.0,0.0,2.0,21.0,0.0,0.0,1.0,0.0,21.0,1.0,38.0,2.0,0.0,0.0,22.0,0.0,0.0,4.0,1.0,2.0,2.0,21.0
-214,0.0,2.0,0.0,14.0,0.0,1.0,0.0,2.0,21.0,0.0,0.0,1.0,0.0,21.0,1.0,38.0,2.0,0.0,0.0,22.0,0.0,0.0,4.0,1.0,2.0,2.0,21.0
-213,0.0,2.0,0.0,14.0,0.0,1.0,0.0,2.0,21.0,0.0,0.0,1.0,0.0,21.0,1.0,38.0,2.0,0.0,0.0,22.0,0.0,0.0,4.0,1.0,2.0,2.0,21.0
-212,0.0,2.0,0.0,14.0,0.0,1.0,0.0,2.0,21.0,0.0,0.0,1.0,0.0,21.0,1.0,38.0,2.0,0.0,0.0,22.0,0.0,0.0,4.0,1.0,2.0,2.0,21.0
-211,0.0,2.0,0.0,14.0,0.0,1.0,0.0,2.0,21.0,0.0,0.0,1.0,0.0,21.0,1.0,38.0,2.0,0.0,0.0,22.0,0.0,0.0,4.0,1.0,2.0,2.0,21.0
-210,0.0,2.0,0.0,14.0,0.0,1.0,0.0,2.0,21.0,0.0,0.0,1.0,0.0,21.0,1.0,38.0,2.0,0.0,0.0,22.0,0.0,0.0,4.0,1.0,2.0,2.0,21.0
-209,0.0,2.0,0.0,14.0,0.0,1.0,0.0,2.0,21.0,0.0,0.0,1.0,0.0,21.0,1.0,38.0,2.0,0.0,0.0,22.0,0.0,0.0,4.0,1.0,2.0,2.0,21.0
-208,0.0,2.0,0.0,14.0,0.0,1.0,0.0,2.0,21.0,0.0,0.0,1.0,0.0,21.0,1.0,38.0,2.0,0.0,0.0,22.0,0.0,0.0,4.0,1.0,2.0,2.0,21.0
-207,0.0,2.0,0.0,14.0,0.0,1.0,0.0,2.0,21.0,0.0,0.0,1.0,0.0,21.0,1.0,38.0,2.0,0.0,0.0,22.0,0.0,0.0,4.0,1.0,2.0,2.0,21.0
-206,0.0,2.0,0.0,14.0,0.0,1.0,0.0,2.0,21.0,0.0,0.0,1.0,0.0,21.0,1.0,38.0,2.0,0.0,0.0,22.0,0.0,0.0,4.0,1.0,2.0,2.0,21.0
-205,0.0,2.0,0.0,14.0,0.0,1.0,0.0,2.0,21.0,0.0,0.0,1.0,0.0,21.0,1.0,38.0,2.0,0.0,0.0,22.0,0.0,0.0,4.0,1.0,2.0,2.0,21.0
-204,0.0,2.0,0.0,14.0,0.0,1.0,0.0,2.0,21.0,0.0,0.0,1.0,0.0,21.0,1.0,38.0,2.0,0.0,0.0,22.0,0.0,0.0,4.0,1.0,2.0,2.0,21.0
-203,0.0,2.0,0.0,14.0,0.0,1.0,0.0,2.0,21.0,0.0,0.0,1.0,0.0,21.0,1.0,38.0,2.0,0.0,0.0,22.0,0.0,0.0,4.0,1.0,2.0,2.0,21.0
-202,0.0,2.0,0.0,14.0,0.0,1.0,0.0,2.0,21.0,0.0,0.0,1.0,0.0,21.0,1.0,38.0,2.0,0.0,0.0,22.0,0.0,0.0,4.0,1.0,2.0,2.0,21.0
-201,0.0,2.0,0.0,14.0,0.0,1.0,0.0,2.0,21.0,0.0,0.0,1.0,0.0,21.0,1.0,38.0,2.0,0.0,0.0,22.0,0.0,0.0,4.0,1.0,2.0,2.0,21.0
-200,0.0,2.0,0.0,14.0,0.0,1.0,0.0,2.0,21.0,0.0,0.0,1.0,0.0,21.0,1.0,38.0,2.0,0.0,0.0,22.0,0.0,0.0,4.0,1.0,2.0,2.0,21.0
-199,0.0,2.0,0.0,14.0,0.0,1.0,0.0,2.0,21.0,0.0,0.0,1.0,0.0,21.0,1.0,38.0,2.0,0.0,0.0,22.0,0.0,0.0,4.0,1.0,2.0,2.0,21.0
-198,0.0,2.0,0.0,14.0,0.0,1.0,0.0,2.0,21.0,0.0,0.0,1.0,0.0,21.0,1.0,38.0,2.0,0.0,0.0,22.0,0.0,0.0,4.0,1.0,2.0,2.0,21.0
-197,0.0,2.0,0.0,14.0,0.0,1.0,0.0,2.0,21.0,0.0,0.0,1.0,0.0,21.0,1.0,38.0,2.0,0.0,0.0,22.0,0.0,0.0,4.0,1.0,2.0,2.0,21.0
-196,0.0,2.0,0.0,14.0,0.0,1.0,0.0,2.0,21.0,0.0,0.0,1.0,0.0,21.0,1.0,38.0,2.0,0.0,0.0,22.0,0.0,0.0,4.0,1.0,2.0,2.0,21.0
-195,0.0,2.0,0.0,14.0,0.0,1.0,0.0,2.0,21.0,0.0,0.0,1.0,0.0,21.0,1.0,38.0,2.0,0.0,0.0,22.0,0.0,0.0,4.0,1.0,2.0,2.0,21.0
-194,0.0,2.0,0.0,14.0,0.0,1.0,0.0,2.0,21.0,0.0,0.0,1.0,0.0,21.0,1.0,38.0,2.0,0.0,0.0,22.0,0.0,0.0,4.0,1.0,2.0,2.0,21.0
-193,0.0,2.0,0.0,14.0,0.0,1.0,0.0,2.0,21.0,0.0,0.0,1.0,0.0,21.0,1.0,38.0,2.0,0.0,0.0,22.0,0.0,0.0,4.0,1.0,2.0,2.0,21.0
-192,0.0,2.0,0.0,14.0,0.0,1.0,0.0,2.0,21.0,0.0,0.0,1.0,0.0,21.0,1.0,38.0,2.0,0.0,0.0,22.0,0.0,0.0,4.0,1.0,2.0,2.0,21.0
-191,0.0,2.0,0.0,14.0,0.0,1.0,0.0,2.0,21.0,0.0,0.0,1.0,0.0,21.0,1.0,38.0,2.0,0.0,0.0,22.0,0.0,0.0,4.0,1.0,2.0,2.0,21.0
-190,0.0,2.0,0.0,14.0,0.0,1.0,0.0,2.0,21.0,0.0,0.0,1.0,0.0,21.0,1.0,38.0,2.0,0.0,0.0,22.0,0.0,0.0,4.0,1.0,2.0,2.0,21.0
-189,0.0,2.0,0.0,14.0,0.0,1.0,0.0,2.0,21.0,0.0,0.0,1.0,0.0,21.0,1.0,38.0,2.0,0.0,0.0,22.0,0.0,0.0,4.0,1.0,2.0,2.0,21.0
-188,0.0,2.0,0.0,14.0,0.0,1.0,0.0,2.0,21.0,0.0,0.0,1.0,0.0,21.0,1.0,38.0,2.0,0.0,0.0,22.0,0.0,0.0,4.0,1.0,2.0,2.0,21.0
-187,0.0,2.0,0.0,14.0,0.0,1.0,0.0,2.0,21.0,0.0,0.0,1.0,0.0,21.0,1.0,38.0,2.0,0.0,0.0,22.0,0.0,0.0,4.0,1.0,2.0,2.0,21.0
-186,0.0,2.0,0.0,14.0,0.0,1.0,0.0,2.0,21.0,0.0,0.0,1.0,0.0,21.0,1.0,38.0,2.0,0.0,0.0,22.0,0.0,0.0,4.0,1.0,2.0,2.0,21.0
-185,0.0,2.0,0.0,14.0,0.0,1.0,0.0,2.0,21.0,0.0,0.0,1.0,0.0,21.0,1.0,38.0,2.0,0.0,0.0,22.0,0.0,0.0,4.0,1.0,2.0,2.0,21.0
-184,0.0,2.0,0.0,14.0,0.0,1.0,0.0,2.0,21.0,0.0,0.0,1.0,0.0,21.0,1.0,38.0,2.0,0.0,0.0,22.0,0.0,0.0,4.0,1.0,2.0,2.0,21.0
-183,0.0,2.0,0.0,14.0,0.0,1.0,0.0,2.0,21.0,0.0,0.0,1.0,0.0,21.0,1.0,38.0,2.0,0.0,0.0,22.0,0.0,0.0,4.0,1.0,2.0,2.0,21.0
-182,0.0,2.0,0.0,14.0,0.0,1.0,0.0,2.0,21.0,0.0,0.0,1.0,0.0,21.0,1.0,38.0,2.0,0.0,0.0,22.0,0.0,0.0,4.0,1.0,2.0,2.0,21.0
-181,0.0,2.0,0.0,14.0,0.0,1.0,0.0,2.0,21.0,0.0,0.0,1.0,0.0,21.0,1.0,38.0,2.0,0.0,0.0,22.0,0.0,0.0,4.0,1.0,2.0,2.0,21.0
-180,0.0,2.0,0.0,14.0,0.0,1.0,0.0,2.0,21.0,0.0,0.0,1.0,0.0,21.0,1.0,38.0,2.0,0.0,0.0,22.0,0.0,0.0,4.0,1.0,2.0,2.0,21.0
-179,0.0,2.0,0.0,14.0,0.0,1.0,0.0,2.0,21.0,0.0,0.0,1.0,0.0,21.0,1.0,38.0,2.0,0.0,0.0,22.0,0.0,0.0,4.0,1.0,2.0,2.0,21.0
-178,0.0,2.0,0.0,14.0,0.0,1.0,0.0,2.0,21.0,0.0,0.0,1.0,0.0,21.0,1.0,38.0,2.0,0.0,0.0,22.0,0.0,0.0,4.0,1.0,2.0,2.0,21.0
-177,0.0,2.0,0.0,14.0,0.0,1.0,0.0,2.0,21.0,0.0,0.0,1.0,0.0,21.0,1.0,38.0,2.0,0.0,0.0,22.0,0.0,0.0,4.0,1.0,2.0,2.0,21.0
-176,0.0,2.0,0.0,14.0,0.0,1.0,0.0,2.0,21.0,0.0,0.0,1.0,0.0,21.0,1.0,38.0,2.0,0.0,0.0,22.0,0.0,0.0,4.0,1.0,2.0,2.0,21.0
-175,0.0,2.0,0.0,14.0,0.0,1.0,0.0,2.0,21.0,0.0,0.0,1.0,0.0,21.0,1.0,38.0,2.0,0.0,0.0,22.0,0.0,0.0,4.0,1.0,2.0,2.0,21.0
-174,0.0,2.0,0.0,14.0,0.0,1.0,0.0,2.0,21.0,0.0,0.0,1.0,0.0,21.0,1.0,38.0,2.0,0.0,0.0,22.0,0.0,0.0,4.0,1.0,2.0,2.0,21.0
-173,0.0,2.0,0.0,14.0,0.0,1.0,0.0,2.0,21.0,0.0,0.0,1.0,0.0,21.0,1.0,38.0,2.0,0.0,0.0,22.0,0.0,0.0,4.0,1.0,2.0,2.0,21.0
-172,0.0,2.0,0.0,14.0,0.0,1.0,0.0,2.0,21.0,0.0,0.0,1.0,0.0,21.0,1.0,38.0,2.0,0.0,0.0,22.0,0.0,0.0,4.0,1.0,2.0,2.0,21.0
-171,0.0,2.0,0.0,14.0,0.0,1.0,0.0,2.0,21.0,0.0,0.0,1.0,0.0,21.0,1.0,38.0,1.7142857142857144,0.0,0.0,22.0,0.0,0.0,4.0,1.0,2.0,2.0,21.0
-170,0.0,2.0,0.0,14.0,0.0,1.0,0.0,2.0,21.0,0.0,0.0,1.0,0.0,21.0,1.0,38.0,1.4285714285714286,0.0,0.0,22.0,0.0,0.0,4.0,1.0,2.0,2.0,21.0
-169,0.0,2.0,0.0,14.0,0.0,1.0,0.0,2.0,21.0,0.0,0.0,1.0,0.0,21.0,1.0,38.0,1.1428571428571428,0.0,0.0,22.0,0.0,0.0,4.0,1.0,2.0,2.0,21.0
-168,0.0,2.0,0.0,14.0,0.0,1.0,0.0,2.0,21.0,0.0,0.0,1.0,0.0,21.0,1.0,38.0,0.8571428571428572,0.0,0.0,22.0,0.0,0.0,4.0,1.0,2.0,2.0,21.0
-167,0.0,2.0,0.0,14.0,0.0,1.0,0.0,2.0,21.0,0.0,0.0,1.0,0.0,21.0,1.0,38.0,0.5714285714285716,0.0,0.0,22.0,0.0,0.0,4.0,1.0,2.0,2.0,21.0
-166,0.0,2.0,0.0,14.0,0.0,1.0,0.0,2.0,21.0,0.0,0.0,1.0,0.0,21.0,1.0,38.0,0.2857142857142858,0.0,0.0,22.0,0.0,0.0,4.0,1.0,2.0,2.0,21.0
-165,0.0,2.0,0.0,14.0,0.0,1.0,0.0,2.0,21.0,0.0,0.0,1.0,0.0,21.0,1.0,38.0,0.0,0.0,0.0,22.0,0.0,0.0,4.0,1.0,2.0,2.0,21.0
-164,0.0,2.0,0.0,14.0,0.0,1.0,0.0,2.0,21.0,0.0,0.0,1.0,0.0,21.0,1.0,38.0,0.2857142857142857,0.0,0.0,22.0,0.0,0.0,4.0,1.0,2.0,2.0,21.0
-163,0.0,2.0,0.0,14.0,0.0,1.0,0.0,2.0,21.0,0.0,0.0,1.0,0.0,21.0,1.0,38.0,0.5714285714285714,0.0,0.0,22.0,0.0,0.0,4.0,1.0,2.0,2.0,21.0
-162,0.0,2.0,0.0,14.0,0.0,1.0,0.0,2.0,21.0,0.0,0.0,1.0,0.0,21.0,1.0,38.0,0.8571428571428571,0.0,0.0,22.0,0.0,0.0,4.0,1.0,2.0,2.0,21.0
-161,0.0,2.0,0.0,14.0,0.0,1.0,0.0,2.0,21.0,0.0,0.0,1.0,0.0,21.0,1.0,38.0,1.1428571428571428,0.0,0.0,22.0,0.0,0.0,4.0,1.0,2.0,2.0,21.0
-160,0.0,2.0,0.0,14.0,0.0,1.0,0.0,2.0,21.0,0.0,0.0,1.0,0.0,21.0,1.0,38.0,1.4285714285714284,0.0,0.0,22.0,0.0,0.0,4.0,1.0,2.0,2.0,21.0
-159,0.0,2.0,0.0,14.0,0.0,1.0,0.0,2.0,21.0,0.0,0.0,1.0,0.0,21.0,1.0,38.0,1.7142857142857142,0.0,0.0,22.0,0.0,0.0,4.0,1.0,2.0,2.0,21.0
-158,0.0,2.0,0.0,14.0,0.0,1.0,0.0,2.0,21.0,0.0,0.0,1.0,0.0,21.0,1.0,38.0,2.0,0.0,0.0,22.0,0.0,0.0,4.0,1.0,2.0,2.0,21.0
-157,0.0,2.0,0.0,14.0,0.0,1.0,0.0,2.0,21.0,0.0,0.0,1.0,0.0,21.0,1.0,38.0,1.8571428571428572,0.0,0.0,22.0,0.0,0.0,4.0,1.0,2.0,2.0,21.0
-156,0.0,2.0,0.0,14.0,0.0,1.0,0.0,2.0,21.0,0.0,0.0,1.0,0.0,21.0,1.0,38.0,1.7142857142857144,0.0,0.0,22.0,0.0,0.0,4.0,1.0,2.0,2.0,21.0
-155,0.0,2.0,0.0,14.0,0.0,1.0,0.0,2.0,21.0,0.0,0.0,1.0,0.0,21.0,1.0,38.0,1.5714285714285714,0.0,0.0,22.0,0.0,0.0,4.0,1.0,2.0,2.0,21.0
-154,0.0,2.0,0.0,14.0,0.0,1.0,0.0,2.0,21.0,0.0,0.0,1.0,0.0,21.0,1.0,38.0,1.4285714285714286,0.0,0.0,22.0,0.0,0.0,4.0,1.0,2.0,2.0,21.0
-153,0.0,2.0,0.0,14.0,0.0,1.0,0.0,2.0,21.0,0.0,0.0,1.0,0.0,21.0,1.0,38.0,1.2857142857142858,0.0,0.0,22.0,0.0,0.0,4.0,1.0,2.0,2.0,21.0
-152,0.0,2.0,0.0,14.0,0.0,1.0,0.0,2.0,21.0,0.0,0.0,1.0,0.0,21.0,1.0,38.0,1.1428571428571428,0.0,0.0,22.0,0.0,0.0,4.0,1.0,2.0,2.0,21.0
-151,0.0,2.0,0.0,14.0,0.0,1.0,0.0,2.0,21.0,0.0,0.0,1.0,0.0,21.0,1.0,38.0,1.0,0.0,0.0,22.0,0.0,0.0,4.0,1.0,2.0,2.0,21.0
-150,0.0,2.0,0.0,14.0,0.0,1.0,0.0,2.0,21.0,0.0,0.0,1.0,0.0,21.0,1.0,38.0,1.0769230769230769,0.0,0.0,22.0,0.0,0.0,4.0,1.0,2.0,2.0,21.0
-149,0.0,2.0,0.0,14.0,0.0,1.0,0.0,2.0,21.0,0.0,0.0,1.0,0.0,21.0,1.0,38.0,1.1538461538461537,0.0,0.0,22.0,0.0,0.0,4.0,1.0,2.0,2.0,21.0
-148,0.0,2.0,0.0,14.0,0.0,1.0,0.0,2.0,21.0,0.0,0.0,1.0,0.0,21.0,1.0,38.0,1.2307692307692308,0.0,0.0,22.0,0.0,0.0,4.0,1.0,2.0,2.0,21.0
-147,0.0,2.0,0.0,14.0,0.0,1.0,0.0,2.0,21.0,0.0,0.0,1.0,0.0,21.285714285714285,1.0,38.0,1.3076923076923077,0.0,0.0,22.0,0.0,0.0,4.0,1.0,2.0,2.0,21.0
-146,0.0,2.0,0.0,14.0,0.0,1.0,0.0,2.0,21.0,0.0,0.0,1.0,0.0,21.571428571428573,1.0,38.0,1.3846153846153846,0.0,0.0,22.0,0.0,0.0,4.0,1.0,2.0,2.0,21.0
-145,0.0,2.0,0.0,14.0,0.0,1.0,0.0,2.0,21.0,0.0,0.0,1.0,0.0,21.857142857142858,1.0,38.0,1.4615384615384617,0.0,0.0,22.0,0.0,0.0,4.0,1.0,2.0,2.0,21.0
-144,0.0,2.0,0.0,14.0,0.0,1.0,0.0,2.0,21.0,0.0,0.0,1.0,0.0,22.142857142857142,1.0,38.0,1.5384615384615385,0.0,0.0,22.0,0.0,0.0,4.0,1.0,2.0,2.0,21.0
-143,0.0,2.0,0.0,14.0,0.0,1.0,0.0,2.0,21.0,0.0,0.0,1.0,0.0,22.428571428571427,1.0,38.0,1.6153846153846154,0.0,0.0,22.0,0.0,0.0,4.0,1.0,2.0,2.0,21.0
-142,0.0,2.0,0.0,14.0,0.0,1.0,0.0,2.0,21.0,0.0,0.0,1.0,0.0,22.714285714285715,1.0,38.0,1.6923076923076923,0.0,0.0,22.0,0.0,0.0,4.0,1.0,2.0,2.0,21.0
-141,0.0,2.0,0.0,14.0,0.0,1.0,0.0,2.0,21.0,0.0,0.0,1.0,0.0,23.0,1.0,38.0,1.7692307692307692,0.0,0.0,22.0,0.0,0.0,4.0,1.0,2.0,2.0,21.0
-140,0.0,2.0,0.0,14.0,0.0,1.0,0.0,2.0,21.0,0.0,0.0,1.0,0.0,23.0,1.0,38.0,1.8461538461538463,0.0,0.0,22.0,0.0,0.0,4.0,1.0,2.0,2.0,21.0
-139,0.0,2.0,0.0,14.0,0.0,1.0,0.0,2.0,21.0,0.0,0.0,1.0,0.0,23.0,1.0,38.0,1.9230769230769231,0.0,0.0,22.0,0.0,0.0,4.0,1.0,2.0,2.0,21.0
-138,0.0,2.0,0.0,14.0,0.0,1.0,0.0,2.0,21.0,0.0,0.0,1.0,0.0,23.0,1.0,38.0,2.0,0.0,0.0,22.0,0.0,0.0,4.0,1.0,2.0,2.0,21.0
-137,0.0,2.0,0.0,14.0,0.0,1.0,0.0,2.0,21.0,0.0,0.0,1.0,0.0,23.0,1.0,38.0,2.0,0.0,0.0,22.0,0.0,0.0,4.0,1.0,2.0,2.0,21.0
-136,0.0,2.0,0.0,14.0,0.0,1.0,0.0,2.0,21.0,0.0,0.0,1.0,0.0,23.0,1.0,38.0,2.0,0.0,0.0,22.0,0.0,0.0,4.0,1.0,2.0,2.0,21.0
-135,0.0,2.0,0.0,14.0,0.0,1.0,0.0,2.0,21.0,0.0,0.0,1.0,0.0,23.0,1.0,38.0,2.0,0.0,0.0,22.0,0.0,0.0,4.0,1.0,2.0,2.0,21.0
-134,0.0,2.0,0.0,14.0,0.0,1.0,0.0,2.0,21.0,0.0,0.0,1.0,0.0,23.0,1.0,38.0,2.0,0.0,0.0,22.0,0.0,0.0,4.0,1.0,2.0,2.0,21.0
-133,0.0,2.0,0.0,14.0,0.0,1.0,0.0,2.0,21.0,0.0,0.0,1.0,0.0,23.0,1.0,38.0,2.0,0.0,0.0,22.0,0.0,0.0,4.0,1.0,2.0,2.0,21.0
-132,0.0,2.0,0.0,14.0,0.0,1.0,0.0,2.0,21.0,0.0,0.0,1.0,0.0,23.0,1.0,38.0,2.0,0.0,0.0,22.0,0.0,0.0,4.0,1.0,2.0,2.0,21.0
-131,0.0,2.0,0.0,14.0,0.0,1.0,0.0,2.0,21.0,0.0,0.0,1.0,0.0,23.0,1.0,38.0,1.0,0.0,0.0,22.0,0.0,0.0,4.0,1.0,2.0,2.0,21.0
-130,0.0,2.0,0.0,14.0,0.0,1.0,0.0,2.0,21.0,0.0,0.0,1.0,0.0,23.0,1.0,38.0,0.0,0.0,0.0,22.0,0.0,0.0,4.0,1.0,2.0,2.0,21.0
-129,0.0,2.0,0.0,14.0,0.0,1.0,0.0,2.0,21.0,0.0,0.0,1.0,0.0,23.0,1.0,38.0,0.0,0.0,0.0,22.0,0.0,0.0,4.0,1.0,2.0,2.0,21.0
-128,0.0,2.0,0.0,14.0,0.0,1.0,0.0,2.0,21.0,0.0,0.0,1.0,0.0,23.0,1.0,38.0,0.0,0.0,0.0,22.0,0.0,0.0,4.0,1.0,2.0,2.0,21.0
-127,0.0,2.0,0.0,14.0,0.0,1.0,0.0,2.0,21.0,0.0,0.0,1.0,0.0,23.0,1.0,38.0,0.0,0.0,0.0,22.0,0.0,0.0,4.0,1.0,2.0,2.0,21.0
-126,0.0,2.0,0.0,14.0,0.0,1.0,0.0,2.0,19.714285714285715,0.0,0.0,1.0,0.0,23.0,1.0,38.0,0.0,0.0,0.0,22.0,0.0,0.0,4.0,1.0,2.0,2.0,19.714285714285715
-125,0.0,2.0,0.0,14.0,0.0,1.0,0.0,2.0,18.428571428571427,0.0,0.0,1.0,0.0,23.0,1.0,38.0,0.0,0.0,0.0,22.0,0.0,0.0,4.0,1.0,2.0,2.0,18.428571428571427
-124,0.0,2.0,0.0,14.0,0.0,1.0,0.0,2.0,17.142857142857142,0.0,0.0,1.0,0.0,23.0,1.0,38.0,0.0,0.0,0.0,22.0,0.0,0.0,4.0,1.0,2.0,2.0,17.142857142857142
-123,0.0,2.0,0.0,14.0,0.0,1.0,0.0,2.0,15.857142857142858,0.0,0.0,1.0,0.0,23.0,1.0,38.0,0.6666666666666666,0.0,0.0,22.0,0.0,0.0,4.0,1.0,2.0,2.0,15.857142857142858
-122,0.0,2.0,0.0,14.0,0.0,1.0,0.0,2.0,14.571428571428571,0.0,0.0,1.0,0.0,23.0,1.0,38.0,1.3333333333333333,0.0,0.0,22.0,0.0,0.0,4.0,1.0,2.0,2.0,14.571428571428571
-121,0.0,2.0,0.0,14.0,0.0,1.0,0.0,2.0,13.285714285714285,0.0,0.0,1.0,0.0,23.0,1.0,38.0,2.0,0.0,0.0,22.0,0.0,0.0,4.0,1.0,2.0,2.0,13.285714285714285
-120,0.0,2.0,0.0,14.0,0.0,1.0,0.0,2.0,12.0,0.0,0.0,1.0,0.0,23.0,1.0,38.0,1.3333333333333335,0.0,0.0,22.0,0.0,0.0,4.0,1.0,2.0,2.0,12.0
-119,0.0,2.0,0.0,14.0,0.0,1.0,0.0,2.0,12.0,0.0,0.0,1.0,0.0,23.0,1.0,38.0,0.6666666666666667,0.0,0.0,22.0,0.0,0.0,4.0,1.0,2.0,2.0,12.0
-118,0.0,2.0,0.0,14.0,0.0,1.0,0.0,2.0,12.0,0.0,0.0,1.0,0.0,23.0,1.0,38.0,0.0,0.0,0.0,22.0,0.0,0.0,4.0,1.0,2.0,2.0,12.0
-117,0.0,2.0,0.0,14.0,0.0,1.0,0.0,2.0,12.0,0.0,0.0,1.0,0.0,23.0,1.0,38.0,0.25,0.0,0.0,22.0,0.0,0.0,4.0,1.0,2.0,2.0,12.0
-116,0.0,2.0,0.0,14.0,0.0,1.0,0.0,2.0,12.0,0.0,0.0,1.0,0.0,23.0,1.0,38.0,0.5,0.0,0.0,22.0,0.0,0.0,4.0,1.0,2.0,2.0,12.0
-115,0.0,2.0,0.0,14.0,0.0,1.0,0.0,2.0,12.0,0.0,0.0,1.0,0.0,23.0,1.0,38.0,0.75,0.0,0.0,22.0,0.0,0.0,4.0,1.0,2.0,2.0,12.0
-114,0.0,2.0,0.0,14.0,0.0,1.0,0.0,2.0,12.0,0.0,0.0,1.0,0.0,23.0,1.0,38.0,1.0,0.0,0.0,22.0,0.0,0.0,4.0,1.0,2.0,2.0,12.0
-113,0.0,2.0,0.0,14.0,0.0,1.0,0.0,2.0,12.0,0.0,0.0,1.0,0.0,23.0,1.0,38.0,1.25,0.0,0.0,22.0,0.0,0.0,4.0,1.0,2.0,2.0,12.0
-112,0.0,2.0,0.0,14.0,0.0,1.0,0.0,2.0,12.0,0.0,0.0,1.0,0.0,23.0,1.0,38.0,1.5,0.0,0.0,22.0,0.0,0.0,4.0,1.0,2.0,2.0,12.0
-111,0.0,2.0,0.0,14.0,0.0,1.0,0.0,2.0,12.0,0.0,0.0,1.0,0.0,23.0,1.0,38.0,1.75,0.0,0.0,22.0,0.0,0.0,4.0,1.0,2.0,2.0,12.0
-110,0.0,2.0,0.0,14.0,0.0,1.0,0.0,2.0,11.363636363636363,0.0,0.0,1.0,0.0,23.0,1.0,38.0,2.0,0.0,0.0,22.0,0.0,0.0,4.0,1.0,2.0,2.0,12.0
-109,0.0,2.0,0.0,14.0,0.0,1.0,0.0,2.0,10.727272727272727,0.0,0.0,1.0,0.0,23.0,1.0,38.0,2.0,0.0,0.0,22.0,0.0,0.0,4.0,1.0,2.0,2.0,12.0
-108,0.0,2.0,0.0,14.0,0.0,1.0,0.0,2.0,10.09090909090909,0.0,0.0,1.0,0.0,23.0,1.0,38.0,2.0,0.0,0.0,22.0,0.0,0.0,4.0,1.0,2.0,2.0,12.0
-107,0.0,2.0,0.0,14.0,0.0,1.0,0.0,2.0,9.454545454545455,0.0,0.0,1.0,0.0,23.0,1.0,38.0,2.0,0.0,0.0,22.0,0.0,0.0,4.0,1.0,2.0,2.0,12.0
-106,0.0,2.0,0.0,14.0,0.0,1.0,0.0,2.0,8.818181818181818,0.0,0.0,1.0,0.0,23.0,1.0,38.0,2.0,0.0,0.0,22.0,0.0,0.0,4.0,1.0,2.0,2.0,12.0
-105,0.0,2.0,0.0,14.0,0.0,1.0,0.0,2.0,8.181818181818182,0.0,0.0,1.0,0.0,23.0,1.0,38.0,2.0,0.0,0.0,22.0,0.0,0.0,4.0,1.0,2.0,2.0,12.0
-104,0.0,2.0,0.0,14.0,0.0,1.0,0.0,2.0,7.545454545454546,0.0,0.0,1.0,0.0,23.0,1.0,38.0,2.0,0.0,0.0,22.0,0.0,0.0,4.0,1.0,2.0,2.0,12.0
-103,0.0,2.0,0.0,14.0,0.0,1.0,0.0,2.0,6.909090909090909,0.0,0.0,1.0,0.0,23.0,1.0,38.0,2.0,0.0,0.0,22.0,0.0,0.0,4.0,1.0,2.0,2.0,12.0
-102,0.0,2.0,0.0,14.0,0.0,1.0,0.0,2.0,6.2727272727272725,0.0,0.0,1.0,0.0,23.0,1.0,38.0,1.3333333333333335,0.0,0.0,22.0,0.0,0.0,4.0,1.0,2.0,2.0,12.0
-101,0.0,2.0,0.0,14.0,0.0,1.0,0.0,2.0,5.636363636363637,0.0,0.0,1.0,0.0,23.0,1.0,38.0,0.6666666666666667,0.0,0.0,22.0,0.0,0.0,4.0,1.0,2.0,2.0,12.0
-100,0.0,2.0,0.0,14.0,0.0,1.0,0.0,2.0,5.0,0.0,0.0,1.0,0.0,23.0,1.0,38.0,0.0,0.0,0.0,22.0,0.0,0.0,4.0,1.0,2.0,2.0,12.0
-99,0.0,2.0,0.0,14.0,0.0,1.0,0.0,2.0,5.875,0.0,0.0,1.0,0.0,23.0,1.0,38.0,0.3333333333333333,0.0,0.0,22.0,0.0,0.0,4.0,1.0,2.0,2.0,12.0
-98,0.0,2.0,0.0,14.0,0.0,1.0,0.0,2.0,6.75,0.0,0.0,1.0,0.0,23.0,1.0,38.0,0.6666666666666666,0.0,0.0,22.0,0.0,0.0,4.0,1.0,2.0,2.0,12.0
-97,0.0,2.0,0.0,14.0,0.0,1.0,0.0,2.0,7.625,0.0,0.0,1.0,0.0,23.0,1.0,38.0,1.0,0.0,0.0,22.0,0.0,0.0,4.0,1.0,2.0,2.0,12.0
-96,0.0,2.0,0.0,14.0,0.0,1.0,0.0,2.0,8.5,0.0,0.0,1.0,0.0,23.0,1.0,38.0,1.3333333333333333,0.0,0.0,22.0,0.0,0.0,4.0,1.0,2.0,2.0,12.0
-95,0.0,2.0,0.0,14.0,0.0,1.0,0.0,2.0,9.375,0.0,0.0,1.0,0.0,23.0,1.0,38.0,1.6666666666666665,0.0,0.0,22.0,0.0,0.0,4.0,1.0,2.0,2.0,12.0
-94,0.0,2.0,0.0,14.0,0.0,1.0,0.0,2.0,10.25,0.0,0.0,1.0,0.0,23.0,1.0,38.0,2.0,0.0,0.0,22.0,0.0,0.0,4.0,1.0,2.0,2.0,12.0
-93,0.0,2.0,0.0,14.0,0.0,1.0,0.0,2.0,11.125,0.0,0.0,1.0,0.0,23.0,1.0,38.0,2.0,0.0,0.0,22.0,0.0,0.0,4.0,1.0,2.0,2.0,12.0
-92,0.0,2.0,0.0,14.0,0.0,1.0,0.0,2.0,12.0,0.0,0.0,1.0,0.0,23.0,1.0,38.0,2.0,0.0,0.0,22.0,0.0,0.0,4.0,1.0,2.0,2.0,12.0
-91,0.0,2.0,0.0,14.0,0.0,1.0,0.0,2.0,12.0,0.0,0.0,1.0,0.0,23.0,1.0,38.0,2.0,0.0,0.0,22.0,0.0,0.0,4.0,1.0,2.0,2.0,12.0
-90,0.0,2.0,0.0,14.0,0.0,1.0,0.0,2.0,12.0,0.0,0.0,1.0,0.0,23.0,1.0,38.0,2.0,0.0,0.0,22.0,0.0,0.0,4.0,1.0,2.0,2.0,12.0
-89,0.0,2.0,0.0,14.0,0.0,1.0,0.0,2.0,12.0,0.0,0.0,1.0,0.0,23.0,1.0,37.875,1.3333333333333335,0.0,0.0,22.0,0.0,0.0,4.0,1.0,2.0,2.0,12.0
-88,0.0,2.0,0.0,14.0,0.0,1.0,0.0,2.0,12.0,0.0,0.0,1.0,0.0,23.0,1.0,37.75,0.6666666666666667,0.0,0.0,22.0,0.0,0.0,4.0,1.0,2.0,2.0,12.0
-87,0.0,2.0,0.0,14.0,0.0,1.0,0.0,2.0,12.0,0.0,0.0,1.0,0.0,23.0,1.0,37.625,0.0,0.0,0.0,22.0,0.0,0.0,4.0,1.0,2.0,2.0,12.0
-86,0.0,2.0,0.0,14.0,0.0,1.0,0.0,2.0,12.0,0.0,0.0,1.0,0.0,23.0,1.0,37.5,0.0,0.0,0.0,22.0,0.0,0.0,4.0,1.0,2.0,2.0,12.0
-85,0.0,2.0,0.0,14.0,0.0,1.0,0.0,2.0,12.0,0.0,0.0,1.0,0.0,23.0,1.0,37.375,0.0,0.0,0.0,22.0,0.0,0.0,4.0,1.0,2.0,2.0,12.0
-84,0.0,2.0,0.0,14.0,0.0,1.0,0.0,2.0,12.0,0.0,0.0,1.0,0.0,23.0,1.0,37.25,0.0,0.0,0.0,22.0,0.0,0.0,4.0,1.0,2.0,2.0,12.0
-83,0.0,2.0,0.0,14.0,0.0,1.0,0.0,2.0,12.0,0.0,0.0,1.0,0.0,23.0,1.0,37.125,0.0,0.0,0.0,22.0,0.0,0.0,4.0,1.0,2.0,2.0,12.0
-82,0.0,2.0,0.0,14.0,0.0,1.0,0.0,2.0,12.0,0.0,0.0,1.0,0.0,23.0,1.0,37.0,0.0,0.0,0.0,22.0,0.0,0.0,4.0,1.0,1.9375,2.0,12.0
-81,0.0,2.0,0.0,14.0,0.0,1.0,0.0,2.0,12.0,0.0,0.0,1.0,0.0,23.0,1.0,37.0,0.0,0.0,0.0,22.0,0.0,0.0,4.0,1.0,1.875,2.0,12.0
-80,0.0,2.0,0.0,14.0,0.0,1.0,0.0,2.0,12.0,0.0,0.0,1.0,0.0,23.0,1.0,37.0,0.0,0.0,0.0,22.0,0.0,0.0,4.0,1.0,1.8125,2.0,12.0
-79,0.0,2.0,0.0,14.0,0.0,1.0,0.0,2.0,12.0,0.0,0.0,1.0,0.0,23.0,1.0,37.0,0.0,0.0,0.0,22.0,0.0,0.0,4.0,1.0,1.75,2.0,12.0
-78,0.0,2.0,0.0,14.0,0.0,1.0,0.0,2.0,12.0,0.0,0.0,1.0,0.0,22.8,1.0,37.0,0.0,0.0,0.0,22.0,0.0,0.0,4.0,1.0,1.6875,2.0,12.0
-77,0.0,2.0,0.0,14.0,0.0,1.0,0.0,2.0,12.0,0.0,0.0,1.0,0.0,22.6,1.0,37.0,0.0,0.0,0.0,22.0,0.0,0.0,4.0,1.0,1.625,2.0,12.0
-76,0.0,2.0,0.0,14.0,0.0,1.0,0.0,2.0,12.0,0.0,0.0,1.0,0.0,22.4,1.0,37.0,0.0,0.0,0.0,22.0,0.0,0.0,4.0,1.0,1.5625,2.0,12.0
-75,0.0,2.0,0.0,14.0,0.0,1.0,0.0,2.0,12.0,0.0,0.0,1.0,0.0,22.2,1.0,37.0,0.0,0.0,0.0,22.0,0.0,0.0,4.0,1.0,1.5,2.0,12.0
-74,0.0,2.0,0.0,14.0,0.0,1.0,0.0,2.0,12.0,0.0,0.0,1.0,0.0,22.0,1.0,37.0,0.0,0.0,0.0,22.0,0.0,0.0,4.0,1.0,1.4375,2.0,12.0
-73,0.0,2.0,0.0,14.0,0.0,1.0,0.0,2.0,12.0,0.0,0.0,1.0,0.0,21.8,1.0,37.0,0.0,0.0,0.0,22.0,0.0,0.0,4.0,1.0,1.375,2.0,12.0
-72,0.0,2.0,0.0,14.0,0.0,1.0,0.0,2.0,12.0,0.0,0.0,1.0,0.0,21.6,1.0,37.0,0.15384615384615385,0.0,0.0,22.0,0.0,0.0,4.0,1.0,1.3125,2.0,12.0
-71,0.0,2.0,0.0,14.0,0.0,1.0,0.0,2.0,12.0,0.0,0.0,1.0,0.0,21.4,1.0,37.0,0.3076923076923077,0.0,0.0,22.0,0.0,0.0,4.0,1.0,1.25,2.0,12.0
-70,0.0,2.0,0.0,14.0,0.0,1.0,0.0,2.0,12.0,0.0,0.0,1.0,0.0,21.2,1.0,37.0,0.46153846153846156,0.0,0.0,22.0,0.0,0.0,4.0,1.0,1.1875,2.0,12.0
-69,0.0,2.0,0.0,14.0,0.0,1.0,0.0,2.0,12.0,0.0,0.0,1.0,0.0,21.0,1.0,37.0,0.6153846153846154,0.0,0.0,22.0,0.0,0.0,4.0,1.0,1.125,2.0,12.0
-68,0.0,2.0,0.0,14.0,0.0,1.0,0.0,2.0,12.0,0.0,0.0,1.0,0.0,21.095238095238095,1.0,37.0,0.7692307692307693,0.0,0.0,22.0,0.0,0.0,4.0,1.0,1.0625,2.0,12.0
-67,0.0,2.0,0.0,14.0,0.0,1.0,0.0,2.0,12.0,0.0,0.0,1.0,0.0,21.19047619047619,1.0,37.0,0.9230769230769231,0.0,0.0,22.0,0.0,0.0,4.0,1.0,1.0,2.0,12.0
-66,0.0,2.0,0.0,14.0,0.0,1.0,0.0,2.0,12.0,0.0,0.0,1.0,0.0,21.285714285714285,1.0,37.0,1.076923076923077,0.0,0.0,22.0,0.0,0.0,4.0,1.0,0.9375,2.0,12.0
-65,0.0,2.0,0.0,14.0,0.0,1.0,0.0,2.0,12.0,0.0,0.0,1.0,0.0,21.38095238095238,1.0,37.0,1.2307692307692308,0.0,0.0,22.0,0.0,0.0,4.0,1.0,0.875,2.0,12.0
-64,0.0,2.0,0.0,14.0,0.0,1.0,0.0,2.0,12.0,0.0,0.0,1.0,0.0,21.476190476190474,1.0,37.0,1.3846153846153846,0.0,0.0,22.0,0.0,0.0,4.0,1.0,0.8125,2.0,12.0
-63,0.0,2.0,0.0,14.0,0.0,1.0,0.0,2.0,11.285714285714286,0.0,0.0,1.0,0.0,21.571428571428573,1.0,37.0,1.5384615384615385,0.1111111111111111,0.0,22.0,0.0,0.0,4.0,1.0,0.75,2.0,12.0
-62,0.0,2.0,0.0,14.0,0.0,1.0,0.0,2.0,10.571428571428571,0.0,0.0,1.0,0.0,21.666666666666668,1.0,37.0,1.6923076923076925,0.2222222222222222,0.0,22.0,0.0,0.0,4.0,1.0,0.6875,2.0,12.0
-61,0.0,2.0,0.0,14.0,0.0,1.0,0.0,2.0,9.857142857142858,0.0,0.0,1.0,0.0,21.761904761904763,1.0,37.0,1.8461538461538463,0.3333333333333333,0.0,22.0,0.0,0.0,4.0,1.0,0.625,2.0,12.0
-60,0.0,2.0,0.0,14.0,0.0,1.0,0.0,2.0,9.142857142857142,0.0,0.0,1.0,0.0,21.857142857142858,1.0,37.0,2.0,0.4444444444444444,0.0,22.0,0.0,0.0,4.0,1.0,0.5625,2.0,12.0
-59,0.0,2.0,0.0,14.0,0.0,1.0,0.0,2.0,8.428571428571429,0.0,0.0,1.0,0.0,21.952380952380953,1.0,37.0,2.0,0.5555555555555556,0.0,22.0,0.0,0.0,4.0,1.0,0.5,2.0,12.0
-58,0.0,2.0,0.0,14.0,0.0,1.0,0.0,2.0,7.714285714285714,0.0,0.0,1.0,0.0,22.047619047619047,1.0,37.0,2.0,0.6666666666666666,0.0,22.0,0.0,0.0,4.0,1.0,0.4375,2.0,12.0
-57,0.0,2.0,0.0,14.0,0.0,1.0,0.0,2.0,7.0,0.0,0.0,1.0,0.0,22.142857142857142,1.0,37.0,2.0,0.7777777777777777,0.0,22.0,0.0,0.0,4.0,1.0,0.375,2.0,12.0
-56,0.0,2.0,0.0,14.0,0.0,1.0,0.0,2.0,7.625,0.0,0.0,1.0,0.0,22.238095238095237,1.0,37.0,2.0,0.8888888888888888,0.0,22.0,0.0,0.0,4.0,1.0,0.3125,2.0,12.0
-55,0.0,2.0,0.0,14.0,0.0,1.0,0.0,2.0,8.25,0.0,0.0,1.0,0.0,22.333333333333332,1.0,37.0,2.0,1.0,0.0,22.0,0.0,0.0,4.0,1.0,0.25,2.0,12.0
-54,0.0,2.0,0.0,14.0,0.0,1.0,0.0,2.0,8.875,0.0,0.0,1.0,0.0,22.428571428571427,1.0,37.0,2.0,1.1111111111111112,0.0,22.0,0.0,0.0,4.0,1.0,0.1875,2.0,12.0
-53,0.0,2.0,0.0,14.0,0.0,1.0,0.0,2.0,9.5,0.0,0.0,1.0,0.0,22.523809523809526,1.0,37.0,2.0,1.222222222222222,0.0,22.0,0.0,0.0,4.0,1.0,0.125,2.0,12.0
-52,0.0,2.0,0.0,14.0,0.0,1.0,0.0,2.0,10.125,0.0,0.0,1.0,0.0,22.61904761904762,1.0,37.0,2.0,1.3333333333333333,0.0,22.0,0.0,0.0,4.0,1.0,0.0625,2.0,12.0
-51,0.0,2.0,0.0,14.0,0.0,1.0,0.0,2.0,10.75,0.0,0.0,1.0,0.0,22.714285714285715,1.0,37.0,2.0,1.4444444444444444,0.0,22.0,0.0,0.0,4.0,1.0,0.0,2.0,12.0
-50,0.0,2.0,0.0,14.0,0.0,1.0,0.0,2.0,11.375,0.0,0.0,1.0,0.0,22.80952380952381,1.0,37.0,2.0,1.5555555555555554,0.0,22.0,0.0,0.0,4.0,1.0,0.0,2.0,12.0
-49,0.0,2.0,0.0,14.0,0.0,1.0,0.0,2.0,12.0,0.0,0.0,1.0,0.0,22.904761904761905,1.0,37.0,2.0,1.6666666666666665,0.0,22.0,0.0,0.0,4.0,1.0,0.0,2.0,12.0
-48,0.0,2.0,0.0,14.0,0.0,1.0,0.0,2.0,12.0,0.0,0.0,1.0,0.0,23.0,1.0,37.0,2.0,1.7777777777777777,0.0,22.0,0.0,0.0,4.0,1.0,0.0,2.0,12.0
-47,0.0,2.0,0.0,14.0,0.0,1.0,0.0,2.0,12.0,0.0,0.0,1.0,0.0,23.0,1.0,37.0,1.6,1.8888888888888888,0.0,22.0,0.0,0.0,4.0,1.0,0.0,2.0,12.0
-46,0.0,2.0,0.0,14.0,0.0,1.0,0.0,2.0,12.0,0.0,0.0,1.0,0.0,23.0,1.0,37.0,1.2,2.0,0.0,22.0,0.0,0.0,4.0,1.0,0.0,2.0,12.0
-45,0.0,2.0,0.0,14.0,0.0,1.0,0.0,2.0,12.0,0.0,0.0,1.0,0.0,23.0,1.0,37.0,0.7999999999999998,2.0,0.0,22.0,0.0,0.0,4.0,1.0,0.0,2.0,12.0
-44,0.0,2.0,0.0,14.0,0.0,1.0,0.0,2.0,12.0,0.0,0.0,1.0,0.0,23.0,1.0,37.0,0.3999999999999999,2.0,0.0,22.0,0.0,0.0,4.0,1.0,0.0,2.0,12.0
-43,0.0,2.0,0.0,14.0,0.0,1.0,0.0,2.0,12.0,0.0,0.0,1.0,0.0,23.0,1.0,37.0,0.0,2.0,0.0,22.0,0.0,0.0,4.0,1.0,0.0,2.0,12.0
-42,0.0,2.0,0.0,14.0,0.0,1.0,0.0,2.0,12.0,0.0,0.0,1.0,0.0,23.0,1.0,37.0,0.15384615384615385,2.0,0.0,22.0,0.0,0.0,4.0,1.0,0.0,2.0,12.0
-41,0.0,2.0,0.0,14.0,0.0,1.0,0.0,2.0,12.0,0.0,0.0,1.0,0.0,23.0,1.0,37.0,0.3076923076923077,2.0,0.0,22.0,0.0,0.0,4.0,1.0,0.0,2.0,12.0
-40,0.0,2.0,0.0,14.0,0.0,1.0,0.0,2.0,12.0,0.0,0.0,1.0,0.0,20.7,1.0,37.0,0.46153846153846156,2.0,0.0,22.0,0.0,0.0,4.0,1.0,0.0,2.0,12.0
-39,0.0,2.0,0.0,14.0,0.0,1.0,0.0,2.0,12.0,0.0,0.0,1.0,0.0,18.4,1.0,37.0,0.6153846153846154,2.0,0.0,22.0,0.0,0.0,4.0,1.0,0.0,2.0,12.0
-38,0.0,2.0,0.0,14.0,0.0,1.0,0.0,2.0,12.0,0.0,0.0,1.0,0.0,16.1,1.0,37.0,0.7692307692307693,2.0,0.0,22.0,0.0,0.0,4.0,1.0,0.0,2.0,12.0
-37,0.0,2.0,0.0,14.0,0.0,1.0,0.0,2.0,11.444444444444445,0.0,0.0,1.0,0.0,13.8,1.0,37.0,0.9230769230769231,2.0,0.0,22.0,0.0,0.0,4.0,1.0,0.0,2.0,12.0
-36,0.0,2.0,0.0,14.0,0.0,1.0,0.0,2.0,10.88888888888889,0.0,0.0,1.0,0.0,11.5,1.0,37.0,1.076923076923077,2.0,0.0,22.0,0.0,0.0,4.0,1.0,0.0,2.0,12.0
-35,0.0,2.0,0.0,14.0,0.0,1.0,0.0,2.0,10.333333333333334,0.0,0.0,1.0,0.0,9.200000000000001,1.0,37.0,1.2307692307692308,2.0,0.0,22.0,0.0,0.0,4.0,1.0,0.0,2.0,12.0
-34,0.0,2.0,0.0,14.0,0.0,1.0,0.0,2.0,9.777777777777779,0.0,0.0,1.0,0.0,6.900000000000002,1.0,37.0,1.3846153846153846,2.0,0.0,22.0,0.0,0.0,4.0,1.0,0.0,2.0,12.0
-33,0.0,2.0,0.0,14.0,0.0,1.0,0.0,2.0,9.222222222222221,0.0,0.0,1.0,0.0,4.600000000000001,1.0,37.0,1.5384615384615385,2.0,0.0,22.0,0.0,0.0,4.0,1.0,0.0,2.0,12.0
-32,0.0,2.0,0.0,14.0,0.0,1.0,0.0,2.0,8.666666666666666,0.0,0.0,1.0,0.0,2.3000000000000007,1.0,37.0,1.6923076923076925,2.0,0.0,22.0,0.0,0.0,4.0,1.0,0.0,2.0,12.0
-31,0.0,2.0,0.0,14.0,0.0,1.0,0.0,2.0,8.11111111111111,0.0,0.0,1.0,0.0,0.0,1.0,37.0,1.8461538461538463,2.0,0.0,22.0,0.0,0.0,4.0,1.0,0.0,2.0,12.0
-30,0.0,2.0,0.0,14.0,0.0,1.0,0.0,2.0,7.555555555555555,0.0,0.0,1.0,0.0,0.0,1.0,37.0,2.0,2.0,0.0,22.0,0.0,0.0,4.0,1.0,0.0,2.0,12.0
-29,0.0,2.0,0.0,14.0,0.0,1.0,0.0,2.0,7.0,0.0,0.0,1.0,0.0,0.0,1.0,37.0,2.0,2.0,0.0,22.0,0.0,0.0,4.0,1.0,0.0,2.0,12.0
-28,0.0,2.0,0.0,14.0,0.0,1.0,0.0,2.0,7.357142857142857,0.0,0.0,1.0,0.0,0.0,1.0,37.0,2.0,2.0,0.0,22.0,0.0,0.0,4.0,1.0,0.0,2.0,12.0
-27,0.0,2.0,0.0,14.0,0.0,1.0,0.0,2.0,7.714285714285714,0.0,0.0,1.0,0.0,0.0,1.0,37.0,2.0,2.0,0.0,22.0,0.0,0.0,4.0,1.0,0.0,2.0,12.0
-26,0.0,2.0,0.0,14.0,0.0,1.0,0.0,2.0,8.071428571428571,0.0,0.0,1.0,0.0,0.0,1.0,37.0,2.0,2.0,0.0,22.0,0.0,0.0,4.0,1.0,0.0,2.0,12.0
-25,0.0,2.0,0.0,14.0,0.0,1.0,0.0,2.0,8.428571428571429,0.0,0.0,1.0,0.0,0.0,1.0,37.0,2.0,2.0,0.0,22.0,0.0,0.0,4.0,1.0,0.0,2.0,12.0
-24,0.0,2.0,0.0,14.0,0.0,1.0,0.0,2.0,8.785714285714286,0.0,0.0,1.0,0.0,0.0,1.0,37.0,2.0,2.0,0.0,22.0,0.0,0.0,4.0,1.0,0.0,2.0,12.0
-23,0.0,2.0,0.0,14.0,0.0,1.0,0.0,2.0,9.142857142857142,0.0,0.0,1.0,0.0,0.0,1.0,37.0,2.0,2.0,0.0,22.0,0.0,0.0,4.0,1.0,0.0,2.0,12.0
-22,0.0,2.0,0.0,14.0,0.0,1.0,0.0,2.0,9.5,0.0,0.0,1.0,0.0,0.0,1.0,37.0,2.0,2.0,0.0,22.0,0.0,0.0,4.0,1.0,0.0,2.0,12.0
-21,0.0,2.0,0.0,14.0,0.0,1.0,0.0,2.0,9.857142857142858,0.0,0.0,1.0,0.0,0.0,1.0,37.0,2.0,2.0,0.0,22.0,0.0,0.0,4.0,1.0,0.0,2.0,12.0
-20,0.0,2.0,0.0,14.0,0.0,1.0,0.0,2.0,10.214285714285715,0.0,0.0,1.0,0.0,0.0,1.0,37.0,2.0,2.0,0.0,22.0,0.0,0.0,4.0,1.0,0.0,2.0,12.0
-19,0.0,2.0,0.0,14.0,0.0,1.0,0.0,2.0,10.571428571428571,0.0,0.0,1.0,0.0,0.0,1.0,37.0,2.0,2.0,0.0,22.0,0.0,0.0,4.0,1.0,0.0,2.0,12.0
-18,0.0,2.0,0.0,14.0,0.0,1.0,0.0,2.0,10.928571428571429,0.0,0.0,1.0,0.0,0.0,1.0,37.0,2.0,2.0,0.0,22.0,0.0,0.0,4.0,1.0,0.0,2.0,12.0
-17,0.0,2.0,0.0,14.0,0.0,1.0,0.0,2.0,11.285714285714285,0.0,0.0,1.0,0.0,0.0,1.0,37.0,2.0,2.0,0.0,22.0,0.0,0.0,4.0,1.0,0.0,2.0,12.0
-16,0.0,2.0,0.0,14.0,0.0,1.0,0.0,2.0,11.642857142857142,0.0,0.0,1.0,0.0,0.0,1.0,37.0,2.0,2.0,0.0,22.0,0.0,0.0,4.0,1.0,0.0,2.0,12.0
-15,0.0,2.0,0.0,14.0,0.0,1.0,0.0,2.0,12.0,0.0,0.0,1.0,0.0,0.0,1.0,37.0,2.0,2.0,0.0,22.0,0.0,0.0,4.0,1.0,0.0,2.0,12.0
-14,0.0,2.0,0.0,14.0,0.0,1.0,0.0,2.0,11.545454545454545,0.0,0.0,1.0,0.0,0.0,1.0,37.0,2.0,2.0,0.0,22.0,0.0,0.0,4.0,1.0,0.0,2.0,12.0
-13,0.0,2.0,0.0,14.0,0.0,1.0,0.0,2.0,11.090909090909092,0.0,0.0,1.0,0.0,0.0,1.0,37.0,2.0,2.0,0.0,22.0,0.0,0.0,4.0,1.0,0.0,2.0,12.0
-12,0.0,2.0,0.0,14.0,0.0,1.0,0.0,2.0,10.636363636363637,0.0,0.0,1.0,0.0,0.0,1.0,37.0,2.0,2.0,0.0,22.0,0.0,0.0,4.0,1.0,0.0,2.0,12.0
-11,0.0,2.0,0.0,14.0,0.0,1.0,0.0,2.0,10.181818181818182,0.0,0.0,1.0,0.0,0.0,1.0,37.0,2.0,2.0,0.0,22.0,0.0,0.0,4.0,1.0,0.0,2.0,12.0
-10,0.0,2.0,0.0,14.0,0.0,1.0,0.0,2.0,9.727272727272727,0.0,0.0,1.0,0.0,0.0,1.0,37.0,2.0,2.0,0.0,22.0,0.0,0.0,4.0,1.0,0.0,2.0,12.0
-9,0.0,2.0,0.0,14.0,0.0,1.0,0.0,2.0,9.272727272727273,0.0,0.0,1.0,0.0,0.0,1.0,37.0,2.0,2.0,0.0,22.0,0.0,0.0,4.0,1.0,0.0,2.0,12.0
-8,0.0,2.0,0.0,14.0,0.0,1.0,0.0,2.0,8.818181818181818,0.0,0.0,1.0,0.0,0.0,1.0,37.0,2.0,2.0,0.0,22.0,0.0,0.0,4.0,1.0,0.0,2.0,12.0
-7,0.0,2.0,0.0,14.0,0.0,1.0,0.0,2.0,8.363636363636363,0.5,0.0,1.0,0.0,0.0,1.0,37.0,2.0,2.0,0.0,22.0,0.0,0.0,4.0,1.0,0.0,2.0,12.0
-6,0.0,2.0,0.0,14.0,0.0,1.0,0.0,2.0,7.909090909090909,1.0,0.0,1.0,0.0,0.0,1.0,37.0,2.0,2.0,0.0,22.0,0.0,0.0,4.0,1.0,0.0,2.0,12.0
-5,0.0,2.0,0.0,14.0,0.0,1.0,0.0,2.0,7.454545454545455,1.5,0.0,1.0,0.0,0.0,1.0,37.0,2.0,2.0,0.0,22.0,0.0,0.0,4.0,1.0,0.0,2.0,12.0
-4,0.0,2.0,0.0,14.0,0.0,1.0,0.0,2.0,7.0,2.0,0.0,1.0,0.0,0.0,1.0,37.0,2.0,2.0,0.0,22.0,0.0,0.0,4.0,1.0,0.0,2.0,12.0
-3,0.0,2.0,0.0,14.0,0.0,1.0,0.0,2.0,7.833333333333333,2.0,0.0,1.0,0.0,0.0,1.0,37.0,2.0,2.0,0.0,22.0,0.0,0.0,4.0,1.0,0.0,2.0,12.0
-2,0.0,2.0,0.0,14.0,0.0,1.0,0.0,2.0,8.666666666666666,2.0,0.0,1.0,0.0,0.0,1.0,37.0,2.0,2.0,0.0,22.0,0.0,0.0,4.0,1.0,0.0,2.0,12.0
-1,0.0,2.0,0.0,14.0,0.5,1.0,0.0,2.0,9.5,2.0,0.0,1.0,0.0,0.0,1.0,37.0,2.0,2.0,0.0,22.0,0.0,0.0,4.0,1.0,0.0,2.0,12.0
0,0.0,2.0,0.0,14.0,1.0,1.0,0.0,2.0,10.333333333333334,2.0,0.0,1.0,0.0,0.0,1.0,37.0,2.0,2.0,0.0,14.666666666666668,0.0,0.0,4.0,1.0,0.0,2.0,12.0
1,0.0,2.0,0.0,14.0,1.0,1.0,0.0,2.0,11.166666666666666,2.0,0.0,1.0,0.0,0.0,1.0,37.0,2.0,2.0,0.0,7.333333333333334,0.0,0.0,4.0,1.0,0.0,2.0,12.0
2,0.0,2.0,0.0,14.0,1.0,1.0,0.0,2.0,12.0,2.0,0.0,1.0,0.0,0.0,1.0,37.0,2.0,2.0,0.0,0.0,0.0,0.0,4.0,1.0,0.0,2.0,12.0
3,0.0,2.0,0.0,14.0,1.0,1.0,0.0,2.0,11.0,2.0,0.0,1.0,0.0,0.0,1.0,37.0,2.0,2.0,0.0,0.0,0.0,0.0,4.0,1.0,0.0,2.0,12.0
4,0.0,2.0,0.0,14.0,1.0,1.0,0.0,2.0,10.0,2.0,0.0,1.0,0.0,0.0,1.0,37.0,2.0,2.0,0.0,0.0,0.0,0.0,4.0,1.0,0.0,2.0,12.0
5,0.0,2.0,0.0,14.0,1.0,1.0,0.0,2.0,9.0,2.0,0.0,1.0,0.0,0.0,1.0,37.0,2.0,2.0,0.0,0.0,0.0,0.0,4.0,1.0,0.0,2.0,12.0
6,0.0,2.0,0.0,14.0,1.0,1.0,0.0,2.0,8.0,2.0,0.0,1.0,0.0,0.0,1.0,37.0,2.0,2.0,0.0,0.0,0.0,0.0,4.0,1.0,0.0,2.0,12.0
7,0.0,2.0,0.0,14.0,1.0,1.0,0.0,2.0,7.0,2.0,0.0,1.0,0.0,0.0,1.0,37.0,2.0,2.0,0.0,0.0,0.0,0.0,4.0,1.0,0.0,2.0,12.0
8,0.0,2.0,0.0,14.0,1.0,1.0,0.0,2.0,7.0,2.0,0.0,1.0,0.0,0.0,1.0,37.0,2.0,2.0,0.0,0.0,0.0,0.0,4.0,1.0,0.0,2.0,12.0
9,0.0,2.0,0.0,14.0,1.0,1.0,0.0,2.0,7.0,2.0,0.0,1.0,0.0,0.0,1.0,37.0,2.0,2.0,0.0,0.0,0.0,0.0,4.0,1.0,0.0,2.0,12.0
10,0.0,2.0,0.0,14.0,1.0,1.0,0.0,2.0,7.0,2.0,0.0,1.0,0.0,0.0,1.0,37.0,2.0,2.0,0.0,0.0,0.0,0.0,4.0,1.0,0.0,2.0,12.0
11,0.0,2.0,0.0,14.0,1.0,1.0,0.0,2.0,7.0,2.0,0.0,1.0,0.0,0.0,1.0,37.0,2.0,2.0,0.0,0.0,0.0,0.0,4.0,1.0,0.0,2.0,12.0
12,0.0,2.0,0.0,14.0,1.0,1.0,0.0,2.0,7.0,2.0,0.0,1.0,0.0,0.0,1.0,37.0,2.0,2.0,0.0,0.0,0.0,0.0,4.0,1.0,0.0,2.0,12.0
13,0.0,2.0,0.0,14.0,1.0,1.0,0.0,2.0,7.0,2.0,0.0,1.0,0.0,0.0,1.0,37.0,2.0,2.0,0.0,0.0,0.0,0.0,4.0,1.0,0.0,2.0,12.0
14,0.0,2.0,0.0,14.0,1.0,1.0,0.0,2.0,7.0,2.0,0.0,1.0,0.0,0.0,1.0,37.0,2.0,2.0,0.0,0.0,0.0,0.0,4.0,1.0,0.0,2.0,12.0
15,0.0,2.0,0.0,14.0,1.0,1.0,0.0,2.0,7.142857142857143,2.0,0.0,1.0,0.0,0.0,1.0,37.0,2.0,2.0,0.0,0.0,0.0,0.0,4.0,1.0,0.0,2.0,12.0
16,0.0,2.0,0.0,14.0,1.0,1.0,0.0,2.0,7.285714285714286,2.0,0.0,1.0,0.0,0.0,1.0,37.0,2.0,2.0,0.0,0.0,0.0,0.0,4.0,1.0,0.0,2.0,12.0
17,0.0,2.0,0.0,14.0,1.0,1.0,0.0,2.0,7.428571428571429,2.0,0.0,1.0,0.0,0.0,1.0,37.0,2.0,2.0,0.0,0.0,0.0,0.0,4.0,1.0,0.0,2.0,12.0
18,0.0,2.0,0.0,14.0,1.0,1.0,0.0,2.0,7.571428571428571,2.0,0.0,1.0,0.0,0.0,1.0,37.0,2.0,2.0,0.0,0.0,0.0,0.0,4.0,1.0,0.0,2.0,12.0
19,0.0,2.0,0.0,14.0,1.0,1.0,0.0,2.0,7.714285714285714,2.0,0.0,1.0,0.0,0.0,1.0,37.0,2.0,2.0,0.0,0.0,0.0,0.0,4.0,1.0,0.0,2.0,12.0
20,0.0,2.0,0.0,14.0,1.0,1.0,0.0,2.0,7.857142857142857,2.0,0.0,1.0,0.0,0.0,1.0,37.0,2.0,2.0,0.0,0.0,0.0,0.0,4.0,1.0,0.0,2.0,12.0
21,0.0,2.0,0.0,14.0,1.0,1.0,0.0,2.0,8.0,2.0,0.0,1.0,0.0,0.0,1.0,37.0,2.0,2.0,0.0,0.0,0.0,0.0,4.0,1.0,0.0,2.0,12.0
22,0.0,2.0,0.0,14.0,1.0,1.0,0.0,2.0,8.0,2.0,0.0,1.0,0.0,0.0,1.0,37.0,2.0,2.0,0.0,0.0,0.0,0.0,4.0,1.0,0.0,2.0,12.0
23,0.0,2.0,0.0,14.0,1.0,1.0,0.0,2.0,8.0,2.0,0.0,1.0,0.0,0.0,1.0,37.0,2.0,2.0,0.0,0.0,0.0,0.0,4.0,1.0,0.0,2.0,12.0
24,0.0,2.0,0.0,14.0,1.0,1.0,0.0,2.0,8.0,2.0,0.0,1.0,0.0,0.0,1.0,37.0,2.0,2.0,0.0,0.0,0.0,0.0,4.0,1.0,0.0,2.0,12.0
25,0.0,2.0,0.0,14.0,1.0,1.0,0.0,2.0,8.0,2.0,0.0,1.0,0.0,0.0,1.0,37.0,2.0,2.0,0.0,0.0,0.0,0.0,4.0,1.0,0.0,2.0,12.0
26,0.0,2.0,0.0,14.0,1.0,1.0,0.0,2.0,8.0,2.0,0.0,1.0,0.0,0.0,1.0,37.0,2.0,2.0,0.0,0.0,0.0,0.0,4.0,1.0,0.0,2.0,12.0
27,0.0,2.0,0.0,14.0,1.0,1.0,0.0,2.0,8.0,2.0,0.0,1.0,0.0,0.0,1.0,37.0,2.0,2.0,0.0,0.0,0.0,0.0,4.0,1.0,0.0,2.0,12.0
28,0.0,2.0,0.0,14.0,1.0,1.0,0.0,2.0,8.0,2.0,0.0,1.0,0.0,0.0,1.0,37.0,2.0,2.0,0.0,0.0,0.0,0.0,4.0,1.0,0.0,2.0,12.0
29,0.0,2.0,0.18181818181818182,14.0,1.0,1.0,0.0,2.0,8.0,2.0,0.0,1.0,0.0,0.0,1.0,37.0,2.0,2.0,0.0,0.0,0.0,0.0,4.0,1.0,0.0,2.0,12.0
30,0.0,2.0,0.36363636363636365,14.0,1.0,1.0,0.0,2.0,8.0,2.0,0.0,1.0,0.0,0.0,1.0,37.0,2.0,2.0,0.0,0.0,0.0,0.0,4.0,1.0,0.0,2.0,12.0
31,0.0,2.0,0.5454545454545454,14.0,1.0,1.0,0.0,2.0,8.0,2.0,0.0,1.0,0.0,0.0,1.0,37.0,2.0,2.0,0.0,0.0,0.0,0.0,4.0,1.0,0.0,2.0,12.0
32,0.0,2.0,0.7272727272727273,14.0,1.0,1.0,0.0,2.0,8.0,2.0,0.0,1.0,0.0,0.0,1.0,37.0,2.0,1.9230769230769231,0.0,0.0,0.0,0.0,4.0,1.0,0.0,2.0,12.0
33,0.0,2.0,0.9090909090909092,14.0,1.0,1.0,0.0,2.0,8.0,2.0,0.0,1.0,0.0,0.0,1.0,37.0,2.0,1.8461538461538463,0.0,0.0,0.0,0.0,4.0,1.0,0.0,2.0,12.0
34,0.0,2.0,1.0909090909090908,14.0,1.0,1.0,0.0,2.0,8.0,2.0,0.0,1.0,0.0,0.0,1.0,37.0,2.0,1.7692307692307692,0.0,0.0,0.0,0.0,4.0,1.0,0.0,2.0,12.0
35,0.0,2.0,1.2727272727272727,14.0,1.0,1.0,0.0,2.0,8.0,2.0,0.0,1.0,0.0,0.0,1.0,37.0,2.0,1.6923076923076923,0.0,0.0,0.0,0.0,4.0,1.0,0.0,2.0,12.0
36,0.0,2.0,1.4545454545454546,14.0,1.0,1.0,0.0,2.0,8.0,2.0,0.0,1.0,0.0,0.0,1.0,37.0,2.0,1.6153846153846154,0.0,0.0,0.0,0.0,4.0,1.0,0.0,2.0,12.0
37,0.0,2.0,1.6363636363636365,14.0,1.0,1.0,0.0,2.0,8.0,2.0,0.0,1.0,0.0,0.0,1.0,37.0,2.0,1.5384615384615383,0.0,0.0,0.0,0.0,4.0,1.0,0.0,2.0,12.0
38,0.0,2.0,1.8181818181818183,14.0,1.0,1.0,0.0,2.0,8.0,2.0,0.0,1.0,0.0,0.0,1.0,37.0,2.0,1.4615384615384615,0.0,0.0,0.0,0.0,4.0,1.0,0.0,2.0,12.0
39,0.0,2.0,2.0,14.0,1.0,1.0,0.0,2.0,8.0,2.0,0.0,1.0,0.0,0.0,1.0,37.0,2.0,1.3846153846153846,0.0,0.0,0.0,0.0,4.0,1.0,0.0,2.0,12.0
40,0.0,2.0,2.0,14.0,1.0,1.0,0.0,2.0,8.0,2.0,0.0,1.0,0.0,0.0,1.0,37.0,2.0,1.3076923076923077,0.0,0.0,0.0,0.0,4.0,1.0,0.0,2.0,12.0
41,0.0,2.0,2.0,14.0,1.0,1.0,0.0,2.0,8.0,2.0,0.0,1.0,0.0,0.0,1.0,37.0,2.0,1.2307692307692308,0.0,0.0,0.0,0.0,4.0,1.0,0.0,2.0,12.0
42,0.0,2.0,2.0,14.0,1.0,1.0,0.0,2.0,8.0,2.0,0.0,1.0,0.0,0.0,1.0,37.0,2.0,1.1538461538461537,0.0,0.0,0.0,0.0,4.0,1.0,0.0,2.0,12.0
43,0.0,2.0,2.0,14.0,1.0,1.0,0.0,2.0,8.0,2.0,0.0,1.0,0.0,0.0,1.0,37.0,2.0,1.0769230769230769,0.0,0.0,0.0,0.0,4.0,1.0,0.0,2.0,12.0
44,0.0,2.0,2.0,14.0,1.0,1.0,0.0,2.0,8.0,2.0,0.0,1.0,0.0,0.0,1.0,37.0,2.0,1.0,0.0,0.0,0.0,0.0,4.0,1.0,0.0,2.0,12.0
45,0.0,2.0,2.0,14.0,1.0,1.0,0.0,2.0,8.0,2.0,0.0,1.0,0.0,0.0,1.0,37.0,2.0,1.0,0.0,0.0,0.0,0.0,4.0,1.0,0.0,2.0,12.0
46,0.0,2.0,2.0,14.0,1.0,1.0,0.0,2.0,8.0,2.0,0.0,1.0,0.0,0.0,1.0,37.0,2.0,1.0,0.0,0.0,0.0,0.0,4.0,1.0,0.0,2.0,12.0
47,0.0,2.0,2.0,14.0,1.0,1.0,0.0,2.0,8.0,2.0,0.0,1.0,0.0,0.0,1.0,37.0,2.0,1.0,0.0,0.0,0.0,0.0,4.0,1.0,0.0,2.0,12.0
48,0.0,2.0,2.0,14.0,1.0,1.0,0.0,2.0,8.0,2.0,0.0,1.0,0.0,0.0,1.0,37.0,2.0,1.0,0.0,0.0,0.0,0.0,4.0,1.0,0.0,2.0,12.0
49,0.0,2.0,2.0,14.0,1.0,1.0,0.0,2.0,8.0,2.0,0.0,1.0,0.0,0.0,1.0,37.0,2.0,1.0,0.0,0.0,0.0,0.0,4.0,1.0,0.0,2.0,12.0
50,0.0,2.0,2.0,14.0,1.0,1.0,0.0,2.0,8.0,2.0,0.0,1.0,0.0,0.0,1.0,37.0,2.0,1.0,0.0,0.0,0.0,0.0,4.0,1.0,0.0,2.0,12.0
51,0.0,2.0,2.0,14.0,1.0,1.0,0.0,2.0,8.0,2.0,0.0,1.0,0.0,0.0,1.0,37.0,2.0,1.0,0.0,0.0,0.0,0.0,4.0,1.0,0.0,2.0,12.0
52,0.0,2.0,2.0,14.0,1.0,1.0,0.0,2.0,8.0,2.0,0.0,1.0,0.0,0.0,1.0,37.0,2.0,1.0,0.0,0.0,0.0,0.0,4.0,1.0,0.0,2.0,12.0
53,0.0,2.0,2.0,14.0,1.0,1.0,0.0,2.0,8.0,2.0,0.0,1.0,0.0,0.0,1.0,37.0,1.7777777777777777,1.0,0.0,0.0,0.0,0.0,4.0,1.0,0.0,2.0,12.0
54,0.0,2.0,2.0,14.0,1.0,1.0,0.0,2.0,8.0,2.0,0.0,1.0,0.0,0.0,1.0,37.0,1.5555555555555556,1.0,0.0,0.0,0.0,0.0,4.0,1.0,0.0,2.0,12.0
55,0.0,2.0,2.0,14.0,1.0,1.0,0.0,2.0,8.0,2.0,0.0,1.0,0.0,0.0,1.0,37.0,1.3333333333333335,1.0,0.0,0.0,0.0,0.0,4.0,1.0,0.0,2.0,12.0
56,0.0,2.0,2.0,14.0,1.0,1.0,0.0,2.0,8.0,2.0,0.0,1.0,0.0,0.0,1.0,37.0,1.1111111111111112,1.0,0.0,0.0,0.0,0.0,4.0,1.0,0.0,2.0,12.0
57,0.0,2.0,2.0,14.0,1.0,1.0,0.0,2.0,8.0,2.0,0.0,1.0,0.0,0.0,1.0,37.0,0.8888888888888888,1.0,0.0,0.0,0.0,0.0,4.0,1.0,0.0,2.0,12.0
58,0.0,2.0,2.0,14.0,1.0,1.0,0.0,2.0,8.0,2.0,0.0,1.0,0.0,0.0,1.0,37.0,0.6666666666666667,1.0,0.0,0.0,0.0,0.0,4.0,1.0,0.0,2.0,12.0
59,0.0,2.0,2.0,14.0,1.0,1.0,0.0,2.0,8.0,2.0,0.0,1.0,0.0,0.0,1.0,37.0,0.44444444444444464,1.0,0.0,0.0,0.0,0.0,4.0,1.0,0.0,2.0,12.0
60,0.0,2.0,2.0,14.0,1.0,1.0,0.0,2.0,8.0,2.0,0.0,1.0,0.0,0.0,1.0,37.0,0.22222222222222232,1.0,0.0,0.0,0.0,0.0,4.0,1.0,0.0,2.0,12.0
61,0.0,2.0,2.0,14.0,1.0,1.0,0.0,2.0,8.0,2.0,0.0,1.0,0.0,0.0,1.0,37.0,0.0,1.0,0.0,0.0,0.0,0.0,4.0,1.0,0.0,2.0,12.0
62,0.0,2.0,2.0,14.0,1.0,1.0,0.0,2.0,8.125,2.0,0.0,1.0,0.0,0.0,1.0,37.0,1.0,1.0,0.0,0.0,0.0,0.0,4.0,1.0,0.0,2.0,12.0
63,0.0,2.0,2.0,14.0,1.0,1.0,0.0,2.0,8.25,2.0,0.0,1.0,0.0,0.0,1.0,37.0,2.0,1.0,0.0,0.0,0.0,0.0,4.0,1.0,0.0,2.0,12.0
64,0.0,2.0,2.0,14.0,1.0,1.0,0.0,2.0,8.375,2.0,0.0,1.0,0.0,0.0,1.0,37.0,2.0,1.0,0.0,0.0,0.0,0.0,4.0,1.0,0.0,2.0,12.0
65,0.0,2.0,2.0,14.0,1.0,1.0,0.0,2.0,8.5,2.0,0.0,1.0,0.0,0.0,1.0,37.0,2.0,1.0,0.0,0.0,0.0,0.0,4.0,1.0,0.0,2.0,12.0
66,0.0,2.0,2.0,14.0,1.0,1.0,0.0,2.0,8.625,2.0,0.0,1.0,0.0,0.0,1.0,37.0,2.0,1.0,0.0,0.0,0.0,0.0,4.0,1.0,0.0,2.0,12.0
67,0.0,2.0,2.0,14.0,1.0,1.0,0.0,2.0,8.75,2.0,0.0,1.0,0.0,0.0,1.0,37.0,2.0,1.0,0.0,0.0,0.0,0.0,4.0,1.0,0.0,2.0,12.0
68,0.0,2.0,2.0,14.0,1.0,1.0,0.0,2.0,8.875,2.0,0.0,1.0,0.0,0.0,1.0,37.0,2.0,1.0,0.0,0.0,0.0,0.0,4.0,1.0,0.0,2.0,12.0
69,0.0,2.0,2.0,14.0,1.0,1.0,0.0,2.0,9.0,2.0,0.0,1.0,0.0,0.0,1.0,37.0,2.0,1.0,0.0,0.0,0.0,0.0,4.0,1.0,0.0,2.0,12.0
70,0.0,2.0,2.0,14.0,1.0,1.0,0.0,2.0,9.0,2.0,0.0,1.0,0.0,0.0,1.0,37.0,2.0,1.0,0.0,0.0,0.0,0.0,4.0,1.0,0.0,2.0,12.0
71,0.0,2.0,2.0,14.0,1.0,1.0,0.0,2.0,9.0,2.0,0.0,1.0,0.0,0.0,1.0,37.0,2.0,1.375,0.0,0.0,0.0,0.0,4.0,1.0,0.0,2.0,12.0
72,0.0,2.0,2.0,14.0,1.0,1.0,0.0,2.0,9.0,2.0,0.0,1.0,0.0,0.0,1.0,37.0,2.0,1.75,0.0,0.0,0.0,0.0,4.0,1.0,0.0,2.0,12.0
73,0.0,2.0,2.0,14.0,1.0,1.0,0.0,2.0,9.0,2.0,0.0,1.0,0.0,0.0,1.0,37.0,2.0,2.125,0.0,0.0,0.0,0.0,4.0,1.0,0.0,2.0,12.0
74,0.0,2.0,2.0,14.0,1.0,1.0,0.0,2.0,9.0,2.0,0.0,1.0,0.0,0.0,1.0,37.0,2.0,2.5,0.0,0.0,0.0,0.0,4.0,1.0,0.0,2.0,12.0
75,0.0,2.0,2.0,14.0,1.0,1.0,0.0,2.0,9.0,2.0,0.0,1.0,0.0,0.0,1.0,37.0,2.0,2.875,0.0,0.0,0.0,0.0,4.0,1.0,0.0,2.0,12.0
76,0.0,2.0,2.0,14.0,1.0,1.0,0.0,2.0,9.0,2.0,0.0,1.0,0.0,0.0,1.0,37.0,2.0,3.25,0.0,0.0,0.0,0.0,4.0,1.0,0.0,2.0,12.0
77,0.0,2.0,2.0,14.0,1.0,1.0,0.0,2.0,9.0,2.0,0.0,1.0,0.0,0.0,1.0,37.0,2.0,3.625,0.0,0.0,0.0,0.0,4.0,1.0,0.0,2.0,12.0
78,0.0,2.0,2.0,14.0,1.0,1.0,0.0,2.0,9.0,2.0,0.0,1.0,0.0,0.0,1.0,37.0,2.0,4.0,0.0,0.0,0.0,0.0,4.0,1.0,0.0,2.0,12.0
79,0.0,2.0,2.0,14.0,1.0,1.0,0.0,2.0,9.0,2.0,0.0,1.0,0.0,0.0,1.0,37.0,2.0,3.5714285714285716,0.0,0.0,0.0,0.0,4.0,1.0,0.0,2.0,12.0
80,0.0,2.0,2.0,14.0,1.0,1.0,0.0,2.0,9.0,2.0,0.0,1.0,0.0,0.0,1.0,37.0,2.0,3.142857142857143,0.0,0.0,0.0,0.0,4.0,1.0,0.0,2.0,12.0
81,0.0,2.0,2.0,14.0,1.0,1.0,0.0,2.0,9.0,2.0,0.0,1.0,0.0,0.0,1.0,37.0,2.0,2.7142857142857144,0.0,0.0,0.0,0.0,4.0,1.0,0.0,2.0,12.0
82,0.0,2.0,2.0,14.0,1.0,1.0,0.0,2.0,9.0,2.0,0.0,1.0,0.0,0.0,1.0,37.0,2.0,2.2857142857142856,0.0,0.0,0.0,0.0,4.0,1.0,0.0,2.0,12.0
83,0.0,2.0,2.0,14.0,1.0,1.0,0.0,2.0,9.0,2.0,0.0,1.0,0.0,0.0,1.0,37.0,2.0,1.8571428571428572,0.0,0.0,0.0,0.0,4.0,1.0,0.0,2.0,12.0
84,0.0,2.0,2.0,14.0,1.0,1.0,0.0,2.0,9.0,2.0,0.0,1.0,0.0,0.0,1.0,37.0,2.0,1.4285714285714288,0.0,0.0,0.0,0.0,4.0,1.0,0.0,2.0,12.0
85,0.0,2.0,2.0,14.333333333333334,1.0,1.0,0.0,2.0,9.0,2.0,0.0,1.0,0.0,0.0,1.0,37.0,2.0,1.0,0.0,0.0,0.0,0.0,4.0,1.0,0.0,2.0,12.0
86,0.0,2.0,2.0,14.666666666666666,1.0,1.0,0.0,2.0,9.0,2.0,0.0,1.0,0.0,0.0,1.0,37.0,2.0,1.0,0.0,0.0,0.0,0.0,4.0,1.0,0.0,2.0,12.0
87,0.0,2.0,2.0,15.0,1.0,1.0,0.0,2.0,9.0,2.0,0.0,1.0,0.0,0.0,1.0,37.0,2.0,1.0,0.0,0.0,0.0,0.0,4.0,1.0,0.0,2.0,12.0
88,0.0,2.0,2.0,15.333333333333334,1.0,1.0,0.0,2.0,9.0,2.0,0.0,1.0,0.0,0.0,1.0,37.0,2.0,1.0,0.0,0.0,0.0,0.0,4.0,1.0,0.0,2.0,12.0
89,0.0,2.0,2.0,15.666666666666666,1.0,1.0,0.0,2.0,9.0,2.0,0.0,1.0,0.0,0.0,1.0,37.0,2.0,1.0,0.0,0.0,0.0,0.0,4.0,1.0,0.0,2.0,12.0
90,0.0,2.0,2.0,16.0,1.0,1.0,0.0,2.0,9.0,2.0,0.0,1.0,0.0,0.0,1.0,37.0,2.0,1.0,0.0,0.0,0.0,0.0,4.0,1.0,0.0,2.0,12.0
91,0.0,2.0,2.0,15.75,1.0,1.0,0.0,2.0,9.0,2.0,0.0,1.0,0.0,0.0,1.0,37.285714285714285,2.0,1.0,0.0,0.0,0.0,0.0,4.0,1.0,0.0,2.0,12.0
92,0.0,2.0,2.0,15.5,1.0,1.0,0.0,2.0,9.0,2.0,0.0,1.0,0.0,0.0,1.0,37.57142857142857,2.0,1.0,0.0,0.0,0.0,0.0,4.0,1.0,0.0,2.0,12.0
93,0.0,2.0,2.0,15.25,1.0,1.0,0.0,2.0,9.0,2.0,0.0,1.0,0.0,0.0,1.0,37.857142857142854,2.0,1.0,0.0,0.0,0.0,0.0,4.0,1.0,0.0,2.0,12.0
94,0.0,2.0,2.0,15.0,1.0,1.0,0.0,2.0,9.0,2.0,0.0,1.0,0.0,0.0,1.0,38.142857142857146,2.0,1.0,0.0,0.0,0.0,0.0,4.0,1.0,0.0,2.0,12.0
95,0.0,2.0,2.0,14.75,1.0,1.0,0.0,2.0,9.0,2.0,0.0,1.0,0.0,0.0,1.0,38.42857142857143,2.0,1.0,0.0,0.0,0.0,0.0,4.0,1.0,0.0,2.0,12.0
96,0.0,2.0,2.0,14.5,1.0,1.0,0.0,2.0,9.0,2.0,0.0,1.0,0.0,0.0,1.0,38.714285714285715,2.0,1.0,0.0,0.0,0.0,0.0,4.0,1.0,0.0,2.0,12.0
97,0.0,2.0,2.0,14.25,1.0,1.0,0.0,2.0,9.0,2.0,0.0,1.0,0.0,0.0,1.0,39.0,2.0,1.0,0.0,0.0,0.0,0.0,4.0,1.0,0.0,2.0,12.0
98,0.0,2.0,2.0,14.0,1.0,1.0,0.0,2.0,9.0,2.0,0.0,1.0,0.0,0.0,1.0,39.0,2.0,1.0,0.0,0.0,0.0,0.0,4.0,1.0,0.0,2.0,12.0
99,0.0,2.0,2.0,14.25,1.0,1.0,0.0,2.0,9.0,2.0,0.0,1.0,0.0,0.0,1.0,39.0,2.0,1.0,0.0,0.0,0.0,0.0,4.0,1.0,0.0,2.0,12.0
100,0.0,2.0,2.0,14.5,1.0,1.0,0.0,2.0,9.0,2.0,0.0,1.0,0.0,0.0,1.0,39.0,2.0,1.0,0.0,0.0,0.0,0.0,4.0,1.0,0.0,2.0,12.0
101,0.0,2.0,2.0,14.75,1.0,1.0,0.0,2.0,9.0,2.0,0.0,1.0,0.0,0.0,1.0,39.0,2.0,1.0,0.0,0.0,0.0,0.0,4.0,1.0,0.0,2.0,12.0
102,0.0,2.0,2.0,15.0,1.0,1.0,0.0,2.0,9.0,2.0,0.0,1.0,0.0,0.0,1.0,39.0,2.0,1.0,0.0,0.0,0.0,0.0,4.0,1.0,0.0,2.0,12.0
103,0.0,2.0,2.0,15.25,1.0,1.0,0.0,2.0,9.0,2.0,0.0,1.0,0.0,0.0,1.0,39.0,2.0,1.0,0.0,0.0,0.0,0.0,4.0,1.0,0.0,2.0,12.0
104,0.0,2.0,2.0,15.5,1.0,1.0,0.0,2.0,9.0,2.0,0.0,1.0,0.0,0.0,1.0,39.0,2.0,1.0,0.0,0.0,0.0,0.0,4.0,1.0,0.0,2.0,12.0
105,0.0,2.0,2.0,15.75,1.0,1.0,0.0,2.0,9.0,2.0,0.0,1.0,0.0,0.0,1.0,39.0,2.0,1.0,0.0,0.0,0.0,0.0,4.0,1.0,0.0,2.0,12.0
106,0.0,2.0,2.0,16.0,1.0,1.0,0.0,2.0,9.0,2.0,0.0,1.0,0.0,0.0,1.0,39.0,2.0,1.0,0.0,0.0,0.0,0.0,4.0,1.0,0.0,2.0,12.0
107,0.0,2.0,2.0,15.777777777777779,1.0,1.0,0.0,2.0,9.0,2.0,0.0,1.0,0.0,0.0,1.0,39.0,2.0,1.0,0.0,0.0,0.0,0.0,4.0,1.0,0.0,2.0,12.0
108,0.0,2.0,2.0,15.555555555555555,1.0,1.0,0.0,2.0,9.0,2.0,0.0,1.0,0.0,0.0,1.0,39.0,2.0,1.0,0.0,0.0,0.0,0.0,4.0,1.0,0.0,2.0,12.0
109,0.0,2.0,2.0,15.333333333333334,1.0,1.0,0.0,2.0,9.0,2.0,0.0,1.0,0.0,0.0,1.0,39.0,2.0,1.0,0.0,0.0,0.0,0.0,4.0,1.0,0.0,2.0,12.0
110,0.0,2.0,2.0,15.11111111111111,1.0,1.0,0.0,2.0,9.0,2.0,0.0,1.0,0.0,0.0,1.0,39.0,2.0,1.0,0.14285714285714285,0.0,0.0,0.0,4.0,1.0,0.0,2.0,12.0
111,0.0,2.0,2.0,14.88888888888889,1.0,1.0,0.0,2.0,9.0,2.0,0.0,1.0,0.0,0.0,1.0,39.0,2.0,1.0,0.2857142857142857,0.0,0.0,0.0,4.0,1.0,0.0,2.0,12.0
112,0.0,2.0,2.0,14.666666666666666,1.0,1.0,0.0,2.0,9.0,2.0,0.0,1.0,0.0,0.0,1.0,38.714285714285715,2.0,1.0,0.42857142857142855,0.0,0.0,0.0,4.0,1.0,0.0,2.0,12.0
113,0.0,2.0,2.0,14.444444444444445,1.0,1.0,0.0,2.0,9.0,2.0,0.0,1.0,0.0,0.0,1.0,38.42857142857143,2.0,1.0,0.5714285714285714,0.0,0.0,0.0,4.0,1.0,0.0,2.0,12.0
114,0.0,2.0,2.0,14.222222222222221,1.0,1.0,0.0,2.0,9.0,2.0,0.0,1.0,0.0,0.0,1.0,38.142857142857146,2.0,1.0,0.7142857142857142,0.0,0.0,0.0,4.0,1.0,0.0,2.0,12.0
115,0.0,2.0,2.0,14.0,1.0,1.0,0.0,2.0,9.0,2.0,0.0,1.0,0.0,0.0,1.0,37.857142857142854,2.0,1.0,0.8571428571428571,0.0,0.0,0.0,4.0,1.0,0.0,2.0,12.0
116,0.0,2.0,2.0,14.142857142857142,1.0,1.0,0.0,2.0,9.0,2.0,0.0,1.0,0.0,0.0,1.0,37.57142857142857,2.0,1.0,1.0,0.0,0.0,0.0,4.0,1.0,0.0,2.0,12.0
117,0.0,2.0,2.0,14.285714285714286,1.0,1.0,0.0,2.0,9.0,2.0,0.0,1.0,0.0,0.0,1.0,37.285714285714285,2.0,1.0,1.0,0.0,0.0,0.0,4.0,1.0,0.0,2.0,12.0
118,0.0,2.0,2.0,14.428571428571429,1.0,1.0,0.0,2.0,9.0,2.0,0.0,1.0,0.0,0.0,1.0,37.0,2.0,1.0,1.0,0.0,0.0,0.0,4.0,1.0,0.0,2.0,12.0
119,0.0,2.0,2.0,14.571428571428571,1.0,1.0,0.0,2.0,9.0,2.0,0.0,1.0,0.0,0.0,1.0,37.0,2.0,1.0,1.0,0.0,0.0,0.0,4.0,1.0,0.0,2.0,12.0
120,0.0,2.0,2.0,14.714285714285714,1.0,1.0,0.0,2.0,9.0,2.0,0.0,1.0,0.0,0.0,1.0,37.0,2.0,1.0,1.0,0.0,0.0,0.0,4.0,1.0,0.0,2.0,12.0
121,0.0,2.0,2.0,14.857142857142858,1.0,1.0,0.0,2.0,9.0,2.0,0.0,1.0,0.0,0.0,1.0,37.0,2.0,1.0,1.0,0.0,0.0,0.0,4.0,1.0,0.0,2.0,12.0
122,0.0,2.0,2.0,15.0,1.0,1.0,0.0,2.0,9.0,2.0,0.0,1.0,0.0,0.0,1.0,37.0,2.0,1.0,1.0,0.0,0.0,0.0,4.0,1.0,0.0,2.0,12.0
123,0.0,2.0,2.0,15.142857142857142,1.0,1.0,0.0,2.0,9.0,2.0,0.0,1.0,0.0,0.0,1.0,37.0,2.0,1.0,1.0,0.0,0.0,0.0,4.0,1.0,0.0,2.0,12.0
124,0.0,2.0,2.0,15.285714285714285,1.0,1.0,0.0,2.0,9.0,2.0,0.0,1.0,0.0,0.0,1.0,37.0,2.0,1.0,1.0,0.0,0.0,0.0,4.0,1.0,0.0,2.0,12.0
125,0.0,2.0,2.0,15.428571428571429,1.0,1.0,0.0,2.0,9.0,2.0,0.0,1.0,0.0,0.0,1.0,37.0,2.0,1.0,1.0,0.0,0.0,0.0,4.0,1.0,0.0,2.0,12.0
126,0.0,2.0,2.0,15.571428571428571,1.0,1.0,0.0,2.0,9.0,2.0,0.0,1.0,0.0,0.0,1.0,37.0,2.0,1.0,1.0,0.0,0.0,0.0,4.0,1.0,0.0,2.0,12.0
127,0.0,2.0,2.0,15.714285714285714,1.0,1.0,0.0,2.0,9.0,2.0,0.0,1.0,0.0,0.0,1.0,37.0,2.0,1.0,1.0,0.0,0.0,0.0,4.0,1.0,0.0,2.0,12.0
128,0.0,2.0,2.0,15.857142857142858,1.0,1.0,0.0,2.0,9.0,2.0,0.0,1.0,0.0,0.0,1.0,37.0,2.0,1.0,1.0,0.0,0.0,0.0,4.0,1.0,0.0,2.0,12.0
129,0.0,2.0,2.0,16.0,1.0,1.0,0.0,2.0,9.0,2.0,0.0,1.0,0.0,0.0,1.0,37.0,2.0,1.0,1.0,0.0,0.0,0.0,4.0,1.0,0.0,2.0,12.0
130,0.0,2.0,2.0,15.714285714285714,1.0,1.0,0.0,2.0,9.0,2.0,0.0,1.0,0.0,0.0,1.0,37.0,2.0,1.0,1.0,0.0,0.0,0.0,4.0,1.0,0.0,2.0,12.0
131,0.0,2.0,2.0,15.428571428571429,1.0,1.0,0.0,2.0,9.0,2.0,0.0,1.0,0.0,0.0,1.0,37.0,2.0,1.0,1.0,0.0,0.0,0.0,4.0,1.0,0.0,2.0,12.0
132,0.0,2.0,2.0,15.142857142857142,1.0,1.0,0.0,2.0,9.0,2.0,0.0,1.0,0.0,0.0,1.0,37.0,2.0,1.0,1.0,0.0,0.0,0.0,4.0,1.0,0.0,2.0,12.0
133,0.0,2.0,2.0,14.857142857142858,1.0,1.0,0.0,2.0,9.0,2.0,0.0,1.0,0.0,0.0,1.0,37.0,2.0,1.0,1.0,0.0,0.0,0.0,4.0,1.0,0.0,2.0,12.0
134,0.0,2.0,2.0,14.571428571428571,1.0,1.0,0.0,2.0,9.0,2.0,0.0,1.0,0.0,0.0,1.0,37.0,2.0,1.0,1.0,0.0,0.0,0.0,4.0,1.0,0.0,2.0,12.0
135,0.0,2.0,2.0,14.285714285714286,1.0,1.0,0.0,2.0,9.0,2.0,0.0,1.0,0.0,0.0,1.0,37.0,2.0,1.0,1.0,0.0,0.0,0.0,4.0,1.0,0.0,2.0,12.0
136,0.0,2.0,2.0,14.0,1.0,1.0,0.0,2.0,9.0,2.0,0.0,1.0,0.0,0.0,1.0,37.0,2.0,1.0,1.0,0.0,0.0,0.0,4.0,1.0,0.0,2.0,12.0
137,0.0,2.0,2.0,14.0,1.0,1.0,0.0,2.0,9.0,2.0,0.0,1.0,0.0,0.0,1.0,37.0,2.0,1.0,1.0,0.0,0.0,0.0,4.0,1.0,0.0,2.0,12.0
138,0.0,2.0,2.0,14.0,1.0,1.0,0.0,2.0,9.0,2.0,0.0,1.0,0.0,0.0,1.0,37.0,2.0,1.0,1.0,0.0,0.0,0.0,4.0,1.0,0.0,2.0,12.0
139,0.0,2.0,2.0,14.0,1.0,1.0,0.0,2.0,9.0,2.0,0.0,1.0,0.0,0.0,1.0,37.0,2.0,1.0,1.0,0.0,0.0,0.0,4.0,1.0,0.0,2.0,12.0
140,0.0,2.0,2.0,14.0,1.0,1.0,0.0,2.0,9.0,2.0,0.0,1.0,0.0,0.0,1.0,37.0,2.0,1.0,1.0,0.0,0.0,0.0,4.0,1.0,0.0,2.0,12.0
141,0.0,2.0,2.0,14.0,1.0,1.0,0.0,2.0,9.0,2.0,0.0,1.0,0.0,0.0,1.0,37.0,2.0,1.0,1.0,0.0,0.0,0.0,4.0,1.0,0.0,2.0,12.0
142,0.0,2.0,2.0,14.0,1.0,1.0,0.0,2.0,9.0,2.0,0.0,1.0,0.0,0.0,1.0,37.0,2.0,1.0,1.0,0.0,0.0,0.0,4.0,1.0,0.0,2.0,12.0
143,0.0,2.0,2.0,14.222222222222221,1.0,1.0,0.0,2.0,9.0,2.0,0.0,1.0,0.0,0.0,1.0,37.0,2.0,1.0,1.0,0.0,0.0,0.0,4.0,1.0,0.0,2.0,12.0
144,0.0,2.0,2.0,14.444444444444445,1.0,1.0,0.0,2.0,9.0,2.0,0.0,1.0,0.0,0.0,1.0,37.0,2.0,1.0,1.0,0.0,0.0,0.0,4.0,1.0,0.0,2.0,12.0
145,0.0,2.0,2.0,14.666666666666666,1.0,1.0,0.0,2.0,9.0,2.0,0.0,1.0,0.0,0.0,1.0,37.0,2.0,1.0,1.0,0.0,0.0,0.0,4.0,1.0,0.0,2.0,12.0
146,0.0,2.0,2.0,14.88888888888889,1.0,1.0,0.0,2.0,9.0,2.0,0.0,1.0,0.0,0.0,1.0,37.0,2.0,1.0,1.0,0.0,0.0,0.0,4.0,1.0,0.0,2.0,12.0
147,0.0,2.0,2.0,15.11111111111111,1.0,1.0,0.0,2.0,9.0,2.0,0.0,1.0,0.0,0.0,1.0,37.0,2.0,1.0,1.0,0.0,0.0,0.0,4.0,1.0,0.0,2.0,12.0
148,0.0,2.0,2.0,15.333333333333334,1.0,1.0,0.0,2.0,9.0,2.0,0.0,1.0,0.0,0.0,1.0,37.0,2.0,1.0,1.0,0.0,0.0,0.0,4.0,1.0,0.0,2.0,12.0
149,0.0,2.0,2.0,15.555555555555555,1.0,1.0,0.0,2.0,9.0,2.0,0.0,1.0,0.0,0.0,1.0,37.0,2.0,1.0,1.0,0.0,0.0,0.0,4.0,1.0,0.0,2.0,12.0
150,0.0,2.0,2.0,15.777777777777779,1.0,1.0,0.0,2.0,9.0,2.0,0.0,1.0,0.0,0.0,1.0,37.0,2.0,1.0,1.0,0.0,0.0,0.0,4.0,1.0,0.0,2.0,12.0
151,0.0,2.0,2.0,16.0,1.0,1.0,0.0,2.0,9.0,2.0,0.0,1.0,0.0,0.0,1.0,37.0,2.0,1.0,1.0,0.0,0.0,0.0,4.0,1.0,0.0,2.0,12.0
152,0.0,2.0,2.0,15.777777777777779,1.0,1.0,0.0,2.0,9.0,2.0,0.0,1.0,0.0,0.0,1.0,37.0,2.0,1.0,1.0,0.0,0.0,0.0,4.0,1.0,0.0,2.0,12.0
153,0.0,2.0,2.0,15.555555555555555,1.0,1.0,0.0,2.0,9.0,2.0,0.0,1.0,0.0,0.0,1.0,37.0,2.0,1.0,1.0,0.0,0.0,0.0,4.0,1.0,0.0,2.0,12.0
154,0.0,2.0,2.0,15.333333333333334,1.0,1.0,0.0,2.0,9.0,2.0,0.0,1.0,0.0,0.0,1.0,37.0,2.0,1.0,1.0,0.0,0.0,0.0,4.0,1.0,0.0,2.0,12.0
155,0.0,2.0,2.0,15.11111111111111,1.0,1.0,0.0,2.0,9.0,2.0,0.0,1.0,0.0,0.0,1.0,37.0,2.0,1.0714285714285714,1.0,0.0,0.0,0.0,4.0,1.0,0.0,2.0,12.0
156,0.0,2.0,2.0,14.88888888888889,1.0,1.0,0.0,2.0,9.0,2.0,0.0,1.0,0.0,0.0,1.0,37.0,2.0,1.1428571428571428,1.0,0.0,0.0,0.0,4.0,1.0,0.0,2.0,12.0
157,0.0,2.0,2.0,14.666666666666666,1.0,1.0,0.0,2.0,9.0,2.0,0.0,1.0,0.0,0.0,1.0,37.0,2.0,1.2142857142857142,1.0,0.0,0.0,0.0,4.0,1.0,0.0,2.0,12.0
158,0.0,2.0,2.0,14.444444444444445,1.0,1.0,0.0,2.0,9.0,2.0,0.0,1.0,0.0,0.0,1.0,37.0,2.0,1.2857142857142856,1.0,0.0,0.0,0.0,4.0,1.0,0.0,2.0,12.0
159,0.0,2.0,2.0,14.222222222222221,1.0,1.0,0.0,2.0,9.0,2.0,0.0,1.0,0.0,0.0,1.0,37.0,2.0,1.3571428571428572,1.0,0.0,0.0,0.0,4.0,1.0,0.0,2.0,12.0
160,0.0,2.0,2.0,14.0,1.0,1.0,0.0,2.0,9.0,2.0,0.0,1.0,0.0,0.0,1.0,37.0,2.0,1.4285714285714286,1.0,0.0,0.0,0.0,4.0,1.0,0.0,2.0,12.0
161,0.0,2.0,2.0,14.0,1.0,1.0,0.0,2.0,9.0,2.0,0.0,1.0,0.0,0.0,1.0,37.0,2.0,1.5,1.0,0.0,0.0,0.0,4.0,1.0,0.0,2.0,12.0
162,0.0,2.0,2.0,14.0,1.0,1.0,0.0,2.0,9.0,2.0,0.0,1.0,0.0,0.0,1.0,37.0,2.0,1.5714285714285714,1.0,0.0,0.0,0.0,4.0,1.0,0.0,2.0,12.0
163,0.0,2.0,2.0,14.0,1.0,1.0,0.0,2.0,9.0,2.0,0.0,1.0,0.0,0.0,1.0,37.0,2.0,1.6428571428571428,1.0,0.0,0.0,0.0,4.0,1.0,0.0,2.0,12.0
164,0.0,2.0,2.0,14.0,1.0,1.0,0.0,2.0,9.0,2.0,0.0,1.0,0.0,0.0,1.0,37.0,2.0,1.7142857142857142,1.0,0.0,0.0,0.0,4.0,1.0,0.0,2.0,12.0
165,0.0,2.0,2.0,14.0,1.0,1.0,0.0,2.0,9.0,2.0,0.0,1.0,0.0,0.0,1.0,37.0,2.0,1.7857142857142856,1.0,0.0,0.0,0.0,4.0,1.0,0.0,2.0,12.0
166,0.0,2.0,2.0,14.0,1.0,1.0,0.0,2.0,9.0,2.0,0.0,1.0,0.0,0.0,1.0,37.0,2.0,1.8571428571428572,1.0,0.0,0.0,0.0,4.0,1.0,0.0,2.0,12.0
167,0.0,2.0,2.0,14.0,1.0,1.0,0.0,2.0,9.0,2.0,0.0,1.0,0.0,0.0,1.0,37.0,2.0,1.9285714285714284,1.0,0.0,0.0,0.0,4.0,1.0,0.0,2.0,12.0
168,0.0,2.0,2.0,14.0,1.0,1.0,0.0,2.0,9.0,2.0,0.0,1.0,0.0,0.0,1.0,37.0,2.0,2.0,1.0,0.0,0.0,0.0,4.0,1.0,0.0,2.0,12.0
169,0.0,2.0,2.0,14.0,1.0,1.0,0.0,2.0,9.0,2.0,0.0,1.0,0.0,0.0,1.0,37.0,2.0,2.0,1.0,0.0,0.0,0.0,4.0,1.0,0.0,2.0,12.0
170,0.0,2.0,2.0,14.0,1.0,1.0,0.0,2.0,9.0,2.0,0.0,1.0,0.0,0.0,1.0,37.0,2.0,2.0,1.0,0.0,0.0,0.0,4.0,1.0,0.0,2.0,12.0
171,0.0,2.0,2.0,14.0,1.0,1.0,0.0,2.0,9.0,2.0,0.0,1.0,0.0,0.0,1.0,37.0,2.0,2.0,1.0,0.0,0.0,0.0,4.0,1.0,0.0,2.0,12.0
172,0.0,2.0,2.0,14.0,1.0,1.0,0.0,2.0,9.0,2.0,0.0,1.0,0.0,0.0,1.0,37.0,2.0,2.0,1.0,0.0,0.0,0.0,4.0,1.0,0.0,2.0,12.0
173,0.0,2.0,2.0,14.333333333333334,1.0,1.0,0.0,2.0,9.0,2.0,0.0,1.0,0.0,0.0,1.0,37.0,2.0,2.0,1.0,0.0,0.0,0.0,4.0,1.0,0.0,2.0,12.0
174,0.0,2.0,2.0,14.666666666666666,1.0,1.0,0.0,2.0,9.0,2.0,0.0,1.0,0.0,0.0,1.0,37.0,2.0,2.0,1.0,0.0,0.0,0.0,4.0,1.0,0.0,2.0,12.0
175,0.0,2.0,2.0,15.0,1.0,1.0,0.0,2.0,9.0,2.0,0.0,1.0,0.0,0.0,1.0,37.0,2.0,2.0,1.0,0.0,0.0,0.0,4.0,1.0,0.0,2.0,12.0
176,0.0,2.0,2.0,15.333333333333334,1.0,1.0,0.0,2.0,9.0,2.0,0.0,1.0,0.0,0.0,1.0,37.0,2.0,2.0,1.0,0.0,0.0,0.0,4.0,1.0,0.0,2.0,12.0
177,0.0,2.0,2.0,15.666666666666666,1.0,1.0,0.0,2.0,9.0,2.0,0.0,1.0,0.0,0.0,1.0,37.0,2.0,2.0,1.0,0.0,0.0,0.0,4.0,1.0,0.0,2.0,12.0
178,0.0,2.0,2.0,16.0,1.0,1.0,0.0,2.0,9.0,2.0,0.0,1.0,0.0,0.0,1.0,37.0,2.0,2.0,1.0,0.0,0.0,0.0,4.0,1.0,0.0,2.0,12.0
179,0.0,2.0,2.0,16.0,1.0,1.0,0.0,2.0,9.0,2.0,0.0,1.0,0.0,0.0,1.0,37.0,2.0,2.0,1.0,0.0,0.0,0.0,4.0,1.0,0.0,2.0,12.0
180,0.0,2.0,2.0,16.0,1.0,1.0,0.0,2.0,9.0,2.0,0.0,1.0,0.0,0.0,1.0,37.0,2.0,2.0,1.0,0.0,0.0,0.0,4.0,1.0,0.0,2.0,12.0
181,0.0,2.0,2.0,16.0,1.0,1.0,0.0,2.0,9.0,2.0,0.0,1.0,0.0,0.0,1.0,37.0,2.0,2.0,1.0,0.0,0.0,0.0,4.0,1.0,0.0,2.0,12.0
182,0.0,2.0,2.0,16.0,1.0,1.0,0.0,2.0,9.0,2.0,0.0,1.0,0.0,0.0,1.0,37.0,2.0,2.0,1.0,0.0,0.0,0.0,4.0,1.0,0.0,2.0,12.0
183,0.0,2.0,2.0,16.0,1.0,1.0,0.0,2.0,9.0,2.0,0.0,1.0,0.0,0.0,1.0,37.0,2.0,2.0,1.0,0.0,0.0,0.0,4.0,1.0,0.0,2.0,12.0
184,0.0,2.0,2.0,16.0,1.0,1.0,0.0,2.0,9.0,2.0,0.0,1.0,0.0,0.0,1.0,37.0,2.0,2.0,1.0,0.0,0.0,0.0,4.0,1.0,0.0,2.0,12.0
185,0.0,2.0,2.0,16.0,1.0,1.0,0.0,2.0,9.0,2.0,0.0,1.0,0.0,0.0,1.0,37.0,2.0,2.0,1.0,0.0,0.0,0.0,4.0,1.0,0.0,2.0,12.0
186,0.0,2.0,2.0,16.0,1.0,1.0,0.0,2.0,9.0,2.0,0.0,1.0,0.0,0.0,1.0,37.0,2.0,2.0,1.0,0.0,0.0,0.0,4.0,1.0,0.0,2.0,12.0
187,0.0,2.0,2.0,16.0,1.0,1.0,0.0,2.0,9.0,2.0,0.0,1.0,0.0,0.0,1.0,37.0,2.0,2.0,1.0,0.0,0.0,0.0,4.0,1.0,0.0,2.0,12.0
188,0.0,2.0,2.0,16.0,1.0,1.0,0.0,2.0,9.0,2.0,0.0,1.0,0.0,0.0,1.0,37.0,2.0,2.0,1.0,0.0,0.0,0.0,4.0,1.0,0.0,2.0,12.0
189,0.0,2.0,2.0,16.0,1.0,1.0,0.0,2.0,9.0,2.0,0.0,1.0,0.0,0.0,1.0,37.0,2.0,2.0,1.0,0.0,0.0,0.0,4.0,1.0,0.0,2.0,12.0
190,0.0,2.0,2.0,16.0,1.0,1.0,0.0,2.0,9.0,2.0,0.0,1.0,0.0,0.0,1.0,37.0,2.0,2.0,1.0,0.0,0.0,0.0,4.0,1.0,0.0,2.0,12.0
191,0.0,2.0,2.0,16.0,1.0,1.0,0.0,2.0,9.0,2.0,0.0,1.0,0.0,0.0,1.0,37.0,2.0,2.0,1.0,0.0,0.0,0.0,4.0,1.0,0.0,2.0,12.0
192,0.0,2.0,2.0,16.0,1.0,1.0,0.0,2.0,9.0,2.0,0.0,1.0,0.0,0.0,1.0,37.0,2.0,2.0,1.0,0.0,0.0,0.0,4.0,1.0,0.0,2.0,12.0
193,0.0,2.0,2.0,16.0,1.0,1.0,0.0,2.0,9.0,2.0,0.0,1.0,0.0,0.0,1.0,37.0,2.0,2.0,1.0,0.0,0.0,0.0,4.0,1.0,0.0,2.0,12.0
194,0.0,2.0,2.0,16.0,1.0,1.0,0.0,2.0,9.0,2.0,0.0,1.0,0.0,0.0,1.0,37.0,2.0,2.0,1.0,0.0,0.0,0.0,4.0,1.0,0.0,2.0,12.0
195,0.0,2.0,2.0,16.0,1.0,1.0,0.0,2.0,9.0,2.0,0.0,1.0,0.0,0.0,1.0,37.0,2.0,2.0,1.0,0.0,0.0,0.0,4.0,1.0,0.0,2.0,12.0
196,0.0,2.0,2.0,16.0,1.0,1.0,0.0,2.0,9.0,2.0,0.0,1.0,0.0,0.0,1.0,37.0,2.0,2.0,1.0,0.0,0.0,0.0,4.0,1.0,0.0,2.0,12.0
197,0.0,2.0,2.0,16.0,1.0,1.0,0.0,2.0,9.0,2.0,0.0,1.0,0.0,0.0,1.0,37.0,2.0,2.0,1.0,0.0,0.0,0.0,4.0,1.0,0.0,2.0,12.0
198,0.0,2.0,2.0,15.8,1.0,1.0,0.0,2.0,9.0,2.0,0.0,1.0,0.0,0.0,1.0,37.0,2.0,2.0,1.0,0.0,0.0,0.0,4.0,1.0,0.0,2.0,12.0
199,0.0,2.0,2.0,15.6,1.0,1.0,0.0,2.0,9.0,2.0,0.0,1.0,0.0,0.0,1.0,37.0,2.0,2.0,1.0,0.0,0.0,0.0,4.0,1.0,0.0,2.0,12.0
200,0.0,2.0,2.0,15.4,1.0,1.0,0.0,2.0,9.0,2.0,0.0,1.0,0.0,0.0,1.0,37.0,2.0,2.0,1.0,0.0,0.0,0.0,4.0,1.0,0.0,2.0,12.0
