index,155083271,235723108,241069061,305507071,330104569,343698952,370732820,388803466,458422616,466410300
-500,0.0,0.0,0.0,10.0,0.0,0.0,0.0,12.0,0.7464285714285714,0.0
-499,0.0,0.0,0.0,10.0,0.0,0.0,0.0,12.0,0.7470238095238096,0.0
-498,0.0,0.0,0.0,10.0,0.0,0.0,0.0,12.0,0.7476190476190477,0.0
-497,0.0,0.0,0.0,10.0,0.0,0.0,0.0,12.0,0.7482142857142858,0.0
-496,0.0,0.0,0.0,10.0,0.0,0.0,0.0,12.0,0.7488095238095239,0.0
-495,0.0,0.0,0.0,10.0,0.0,0.0,0.0,12.0,0.749404761904762,0.0
-494,0.0,0.0,0.0,10.0,0.0,0.0,0.0,12.0,0.7500000000000001,0.0
-493,0.0,0.0,0.0,10.0,0.0,0.0,0.0,12.0,0.7505952380952382,0.0
-492,0.0,0.0,0.0,10.0,0.0,0.0,0.0,12.0,0.7511904761904763,0.0
-491,0.0,0.0,0.0,10.0,0.0,0.0,0.0,12.0,0.7517857142857144,0.0
-490,0.0,0.0,0.0,10.0,0.0,0.0,0.0,12.0,0.7523809523809525,0.0
-489,0.0,0.0,0.0,10.0,0.0,0.0,0.0,12.0,0.7529761904761906,0.0
-488,0.0,0.0,0.0,10.0,0.0,0.0,0.0,12.0,0.7535714285714287,0.0
-487,0.0,0.0,0.0,10.0,0.0,0.0,0.0,12.0,0.7541666666666668,0.0
-486,0.0,0.0,0.0,10.0,0.0,0.0,0.0,12.0,0.7547619047619049,0.0
-485,0.0,0.0,0.0,10.0,0.0,0.0,0.0,12.0,0.755357142857143,0.0
-484,0.0,0.0,0.0,10.0,0.0,0.0,0.0,12.0,0.755952380952381,0.0
-483,0.0,0.0,0.0,10.0,0.0,0.0,0.0,12.0,0.7565476190476191,0.0
-482,0.0,0.0,0.0,10.0,0.0,0.0,0.0,12.0,0.7571428571428572,0.0
-481,0.0,0.0,0.0,10.0,0.0,0.0,0.0,12.0,0.7577380952380953,0.0
-480,0.0,0.0,0.0,10.0,0.0,0.0,0.0,12.0,0.7583333333333334,0.0
-479,0.0,0.0,0.0,10.0,0.0,0.0,0.0,12.0,0.7589285714285715,0.0
-478,0.0,0.0,0.0,10.0,0.0,0.0,0.0,12.0,0.7595238095238096,0.0
-477,0.0,0.0,0.0,10.0,0.0,0.0,0.0,12.0,0.7601190476190477,0.0
-476,0.0,0.0,0.0,10.0,0.0,0.0,0.0,12.0,0.7607142857142858,0.0
-475,0.0,0.0,0.0,10.0,0.0,0.0,0.0,12.0,0.7613095238095239,0.0
-474,0.0,0.0,0.0,10.0,0.0,0.0,0.0,12.0,0.761904761904762,0.0
-473,0.0,0.0,0.0,10.0,0.0,0.0,0.0,12.0,0.7625000000000001,0.0
-472,0.0,0.0,0.0,10.0,0.0,0.0,0.0,12.0,0.7630952380952382,0.0
-471,0.0,0.0,0.0,10.0,0.0,0.0,0.0,12.0,0.7636904761904763,0.0
-470,0.0,0.0,0.0,10.0,0.0,0.0,0.0,12.0,0.7642857142857143,0.0
-469,0.0,0.0,0.0,10.0,0.0,0.0,0.0,12.0,0.7648809523809524,0.0
-468,0.0,0.0,0.0,10.0,0.0,0.0,0.0,12.0,0.7654761904761905,0.0
-467,0.0,0.0,0.0,10.0,0.0,0.0,0.0,12.0,0.7660714285714286,0.0
-466,0.0,0.0,0.0,10.0,0.0,0.0,0.0,12.0,0.7666666666666667,0.0
-465,0.0,0.0,0.0,10.0,0.0,0.0,0.0,12.0,0.7672619047619048,0.0
-464,0.0,0.0,0.0,10.0,0.0,0.0,0.0,12.0,0.7678571428571429,0.0
-463,0.0,0.0,0.0,10.0,0.0,0.0,0.0,12.0,0.768452380952381,0.0
-462,0.0,0.0,0.0,10.0,0.0,0.0,0.0,12.0,0.7690476190476191,0.0
-461,0.0,0.0,0.0,10.0,0.0,0.0,0.0,12.0,0.7696428571428572,0.0
-460,0.0,0.0,0.0,10.0,0.0,0.0,0.0,12.0,0.7702380952380953,0.0
-459,0.0,0.0,0.0,10.0,0.0,0.0,0.0,12.0,0.7708333333333334,0.0
-458,0.0,0.0,0.0,10.0,0.0,0.0,0.0,12.0,0.7714285714285715,0.0
-457,0.0,0.0,0.0,10.0,0.0,0.0,0.0,12.0,0.7720238095238096,0.0
-456,0.0,0.0,0.0,10.0,0.0,0.0,0.0,12.0,0.7726190476190476,0.0
-455,0.0,0.0,0.0,10.0,0.0,0.0,0.0,12.0,0.7732142857142857,0.0
-454,0.0,0.0,0.0,10.0,0.0,0.0,0.0,12.0,0.7738095238095238,0.0
-453,0.0,0.0,0.0,10.444444444444445,0.0,0.0,0.0,12.0,0.7744047619047619,0.0
-452,0.0,0.0,0.0,10.88888888888889,0.0,0.0,0.0,12.0,0.775,0.0
-451,0.0,0.0,0.0,11.333333333333334,0.0,0.0,0.0,12.0,0.7755952380952381,0.0
-450,0.0,0.0,0.0,11.777777777777779,0.0,0.0,0.0,12.0,0.7761904761904762,0.0
-449,0.0,0.0,0.0,12.222222222222221,0.0,0.0,0.0,12.0,0.7767857142857143,0.0
-448,0.0,0.0,0.0,12.666666666666666,0.0,0.0,0.0,12.0,0.7773809523809525,0.0
-447,0.0,0.0,0.0,13.11111111111111,0.0,0.0,0.0,12.0,0.7779761904761906,0.0
-446,0.0,0.0,0.0,13.555555555555555,0.0,0.0,0.0,12.0,0.7785714285714287,0.0
-445,0.0,0.0,0.0,14.0,0.0,0.0,0.0,12.0,0.7791666666666668,0.0
-444,0.0,0.0,0.0,14.0,0.0,0.0,0.0,12.0,0.7797619047619049,0.0
-443,0.0,0.0,0.0,14.0,0.0,0.0,0.0,12.0,0.780357142857143,0.0
-442,0.0,0.0,0.0,14.0,0.0,0.0,0.0,12.0,0.7809523809523811,0.0
-441,0.0,0.0,0.0,14.0,0.0,0.0,0.0,12.0,0.7815476190476192,0.0
-440,0.0,0.0,0.0,14.0,0.0,0.0,0.0,12.0,0.7821428571428573,0.0
-439,0.0,0.0,0.0,14.0,0.0,0.0,0.0,12.0,0.7827380952380953,0.0
-438,0.0,0.0,0.0,14.0,0.0,0.0,0.0,12.0,0.7833333333333334,0.0
-437,0.0,0.0,0.0,14.0,0.0,0.0,0.0,12.0,0.7839285714285715,0.0
-436,0.0,0.0,0.0,14.0,0.0,0.0,0.0,12.0,0.7845238095238096,0.0
-435,0.0,0.0,0.0,14.0,0.0,0.0,0.0,12.0,0.7851190476190477,0.0
-434,0.0,0.0,0.0,14.0,0.0,0.0,0.0,12.0,0.7857142857142858,0.0
-433,0.0,0.0,0.0,14.0,0.0,0.0,0.0,12.0,0.7863095238095239,0.0
-432,0.0,0.0,0.0,14.0,0.0,0.0,0.0,12.0,0.786904761904762,0.0
-431,0.0,0.0,0.0,14.0,0.0,0.0,0.0,12.0,0.7875000000000001,0.0
-430,0.0,0.0,0.0,14.0,0.0,0.0,0.0,12.0,0.7880952380952382,0.0
-429,0.0,0.0,0.0,14.0,0.0,0.0,0.0,12.0,0.7886904761904763,0.0
-428,0.0,0.0,0.0,14.0,0.0,0.0,0.0,12.0,0.7892857142857144,0.0
-427,0.0,0.0,0.0,14.0,0.0,0.0,0.0,12.0,0.7898809523809525,0.0
-426,0.0,0.0,0.0,14.0,0.0,0.0,0.0,12.0,0.7904761904761906,0.0
-425,0.0,0.0,0.0,14.0,0.0,0.0,0.0,12.0,0.7910714285714286,0.0
-424,0.0,0.0,0.0,14.0,0.0,0.0,0.0,12.0,0.7916666666666667,0.0
-423,0.0,0.0,0.0,14.0,0.0,0.0,0.0,12.0,0.7922619047619048,0.0
-422,0.0,0.0,0.0,14.0,0.0,0.0,0.0,12.0,0.7928571428571429,0.0
-421,0.0,0.0,0.0,14.0,0.0,0.0,0.0,12.0,0.793452380952381,0.0
-420,0.0,0.0,0.0,14.0,0.0,0.0,0.0,12.0,0.7940476190476191,0.0
-419,0.0,0.0,0.0,14.0,0.0,0.0,0.0,12.0,0.7946428571428572,0.0
-418,0.0,0.0,0.0,14.0,0.0,0.0,0.0,12.0,0.7952380952380953,0.0
-417,0.0,0.0,0.0,14.0,0.0,0.0,0.0,12.0,0.7958333333333334,0.0
-416,0.0,0.0,0.0,14.0,0.0,0.0,0.0,12.0,0.7964285714285715,0.0
-415,0.0,0.0,0.0,14.0,0.0,0.0,0.0,12.0,0.7970238095238096,0.0
-414,0.0,0.0,0.0,14.0,0.0,0.0,0.0,12.0,0.7976190476190477,0.0
-413,0.0,0.0,0.0,14.0,0.0,0.0,0.0,12.0,0.7982142857142858,0.0
-412,0.0,0.0,0.0,14.0,0.0,0.0,0.0,12.0,0.7988095238095239,0.0
-411,0.0,0.0,0.0,14.0,0.0,0.0,0.0,12.0,0.799404761904762,0.0
-410,0.0,0.0,0.0,14.0,0.0,0.0,0.0,12.0,0.8,0.0
-409,0.0,0.0,0.0,14.0,0.0,0.0,0.0,12.0,0.8005952380952381,0.0
-408,0.0,0.0,0.0,14.0,0.0,0.0,0.0,12.0,0.8011904761904762,0.0
-407,0.0,0.0,0.0,14.0,0.0,0.0,0.0,12.0,0.8017857142857143,0.0
-406,0.0,0.0,0.0,14.0,0.0,0.0,0.0,12.0,0.8023809523809524,0.0
-405,0.0,0.0,0.0,14.0,0.0,0.0,0.0,12.0,0.8029761904761905,0.0
-404,0.0,0.0,0.0,14.0,0.0,0.0,0.0,12.0,0.8035714285714286,0.0
-403,0.0,0.0,0.0,14.0,0.0,0.0,0.0,12.0,0.8041666666666667,0.0
-402,0.0,0.0,0.0,14.0,0.0,0.0,0.0,12.0,0.8047619047619048,0.0
-401,0.0,0.0,0.0,14.0,0.0,0.0,0.0,12.0,0.8053571428571429,0.0
-400,0.0,0.0,0.0,14.035714285714286,0.0,0.0,0.0,12.0,0.805952380952381,0.0
-399,0.0,0.0,0.0,14.071428571428571,0.0,0.0,0.0,12.0,0.8065476190476191,0.0
-398,0.0,0.0,0.0,14.107142857142858,0.0,0.0,0.0,12.0,0.8071428571428572,0.0
-397,0.0,0.0,0.0,14.142857142857142,0.0,0.0,0.0,12.0,0.8077380952380954,0.0
-396,0.0,0.0,0.0,14.178571428571429,0.0,0.0,0.0,12.0,0.8083333333333335,0.0
-395,0.0,0.0,0.0,14.214285714285714,0.0,0.0,0.0,12.0,0.8089285714285716,0.0
-394,0.0,0.0,0.0,14.25,0.0,0.0,0.0,12.0,0.8095238095238096,0.0
-393,0.0,0.0,0.0,14.285714285714286,0.0,0.0,0.0,12.0,0.8101190476190477,0.0
-392,0.0,0.0,0.0,14.321428571428571,0.0,0.0,0.0,12.0,0.8107142857142858,0.0
-391,0.0,0.0,0.0,14.357142857142858,0.0,0.0,0.0,12.0,0.8113095238095239,0.0
-390,0.0,0.0,0.0,14.392857142857142,0.0,0.0,0.0,12.0,0.811904761904762,0.0
-389,0.0,0.0,0.0,14.428571428571429,0.0,0.0,0.0,12.0,0.8125000000000001,0.0
-388,0.0,0.0,0.0,14.464285714285714,0.0,0.0,0.0,12.0,0.8130952380952382,0.0
-387,0.0,0.0,0.0,14.5,0.0,0.0,0.0,12.0,0.8136904761904763,0.0
-386,0.0,0.0,0.0,14.535714285714286,0.0,0.0,0.0,12.0,0.8142857142857144,0.0
-385,0.0,0.0,0.0,14.571428571428571,0.0,0.0,0.0,12.0,0.8148809523809525,0.0
-384,0.0,0.0,0.0,14.607142857142858,0.0,0.0,0.0,12.0,0.8154761904761906,0.0
-383,0.0,0.0,0.0,14.642857142857142,0.0,0.0,0.0,12.0,0.8160714285714287,0.0
-382,0.0,0.0,0.0,14.678571428571429,0.0,0.0,0.0,12.0,0.8166666666666668,0.0
-381,0.0,0.0,0.0,14.714285714285714,0.0,0.0,0.0,12.0,0.8172619047619049,0.0
-380,0.0,0.0,0.0,14.75,0.0,0.0,0.0,12.0,0.817857142857143,0.0
-379,0.0,0.0,0.0,14.785714285714286,0.0,0.0,0.0,12.0,0.818452380952381,0.0
-378,0.0,0.0,0.0,14.821428571428571,0.0,0.0,0.0,12.0,0.8190476190476191,0.0
-377,0.0,0.0,0.0,14.857142857142858,0.0,0.0,0.0,12.0,0.8196428571428572,0.0
-376,0.0,0.0,0.0,14.892857142857142,0.0,0.0,0.0,12.0,0.8202380952380953,0.0
-375,0.0,0.0,0.0,14.928571428571429,0.0,0.0,0.0,12.0,0.8208333333333334,0.0
-374,0.0,0.0,0.0,14.964285714285714,0.0,0.0,0.0,12.0,0.8214285714285715,0.0
-373,0.0,0.0,0.0,15.0,0.0,0.0,0.0,12.0,0.8220238095238096,0.0
-372,0.0,0.0,0.0,15.035714285714285,0.0,0.0,0.0,12.0,0.8226190476190477,0.0
-371,0.0,0.0,0.0,15.071428571428571,0.0,0.0,0.0,12.0,0.8232142857142858,0.0
-370,0.0,0.0,0.0,15.107142857142858,0.0,0.0,0.0,12.0,0.8238095238095239,0.0
-369,0.0,0.0,0.0,15.142857142857142,0.0,0.0,0.0,12.0,0.824404761904762,0.0
-368,0.0,0.0,0.0,15.178571428571429,0.0,0.0,0.0,12.0,0.8250000000000001,0.0
-367,0.0,0.0,0.0,15.214285714285714,0.0,0.0,0.0,12.0,0.8255952380952382,0.0
-366,0.0,0.0,0.0,15.25,0.0,0.0,0.0,12.0,0.8261904761904763,0.0
-365,0.0,0.0,0.0,15.285714285714285,0.0,0.0,0.0,12.0,0.8267857142857143,0.0
-364,0.0,0.0,0.0,15.321428571428571,0.0,0.0,0.0,12.0,0.8273809523809524,0.0
-363,0.0,0.0,0.0,15.357142857142858,0.0,0.0,0.0,12.0,0.8279761904761905,0.0
-362,0.0,0.0,0.0,15.392857142857142,0.0,0.0,0.0,12.0,0.8285714285714286,0.0
-361,0.0,0.0,0.0,15.428571428571429,0.0,0.0,0.0,12.0,0.8291666666666667,0.0
-360,0.0,0.0,0.0,15.464285714285714,0.0,0.0,0.0,12.0,0.8297619047619048,0.0
-359,0.0,0.0,0.0,15.5,0.0,0.0,0.0,12.0,0.8303571428571429,0.0
-358,0.0,0.0,0.0,15.535714285714285,0.0,0.0,0.0,12.0,0.830952380952381,0.0
-357,0.0,0.0,0.0,15.571428571428571,0.0,0.0,0.0,12.0,0.8315476190476191,0.0
-356,0.0,0.0,0.0,15.607142857142858,0.0,0.0,0.0,12.0,0.8321428571428572,0.0
-355,0.0,0.0,0.0,15.642857142857142,0.0,0.0,0.0,12.0,0.8327380952380953,0.0
-354,0.0,0.0,0.0,15.678571428571429,0.0,0.0,0.0,12.0,0.8333333333333334,0.0
-353,0.0,0.0,0.0,15.714285714285714,0.0,0.0,0.0,12.0,0.8339285714285715,0.0
-352,0.0,0.0,0.0,15.75,0.0,0.0,0.0,12.0,0.8345238095238096,0.0
-351,0.0,0.0,0.0,15.785714285714285,0.0,0.0,0.0,12.0,0.8351190476190476,0.0
-350,0.0,0.0,0.0,15.821428571428571,0.0,0.0,0.0,12.0,0.8357142857142857,0.0
-349,0.0,0.0,0.0,15.857142857142858,0.0,0.0,0.0,12.0,0.8363095238095238,0.0
-348,0.0,0.0,0.0,15.892857142857142,0.0,0.0,0.0,12.0,0.8369047619047619,0.0
-347,0.0,0.0,0.0,15.928571428571429,0.0,0.0,0.0,12.0,0.8375,0.0
-346,0.0,0.0,0.0,15.964285714285714,0.0,0.0,0.0,12.0,0.8380952380952382,0.0
-345,0.0,0.0,0.0,16.0,0.0,0.0,0.0,12.0,0.8386904761904763,0.0
-344,0.0,0.0,0.0,16.0,0.0,0.0,0.0,12.0,0.8392857142857144,0.0
-343,0.0,0.0,0.0,16.0,0.0,0.0,0.0,12.0,0.8398809523809525,0.0
-342,0.0,0.0,0.0,16.0,0.0,0.0,0.0,12.0,0.8404761904761906,0.0
-341,0.0,0.14285714285714285,0.0,16.0,0.0,0.0,0.0,12.0,0.8410714285714287,0.0
-340,0.0,0.2857142857142857,0.0,16.0,0.0,0.0,0.0,12.0,0.8416666666666668,0.0
-339,0.0,0.42857142857142855,0.0,16.0,0.0,0.0,0.0,12.0,0.8422619047619049,0.0
-338,0.0,0.5714285714285714,0.0,16.0,0.0,0.0,0.0,12.0,0.842857142857143,0.0
-337,0.0,0.7142857142857142,0.0,16.0,0.0,0.0,0.0,12.0,0.8434523809523811,0.0
-336,0.0,0.8571428571428571,0.0,16.0,0.0,0.0,0.0,12.0,0.8440476190476192,0.0
-335,0.0,1.0,0.0,16.0,0.0,0.0,0.0,12.0,0.8446428571428573,0.0
-334,0.0,1.1428571428571428,0.0,16.0,0.0,0.0,0.0,12.0,0.8452380952380953,0.0
-333,0.0,1.2857142857142856,0.0,16.0,0.0,0.0,0.0,12.0,0.8458333333333334,0.0
-332,0.0,1.4285714285714286,0.0,16.0,0.0,0.0,0.0,12.0,0.8464285714285715,0.0
-331,0.0,1.5714285714285714,0.0,16.0,0.0,0.0,0.0,12.0,0.8470238095238096,0.0
-330,0.0,1.7142857142857142,0.0,16.0,0.0,0.0,0.0,12.0,0.8476190476190477,0.0
-329,0.0,1.8571428571428572,0.0,16.0,0.0,0.0,0.0,12.0,0.8482142857142858,0.0
-328,0.0,2.0,0.0,16.0,0.0,0.0,0.0,12.0,0.8488095238095239,0.0
-327,0.0,2.0,0.0,16.0,0.0,0.0,0.0,12.0,0.849404761904762,0.0
-326,0.0,2.0,0.0,16.0,0.0,0.0,0.0,12.0,0.8500000000000001,0.0
-325,0.0,2.0,0.0,16.0,0.0,0.0,0.0,12.0,0.8505952380952382,0.0
-324,0.0,2.0,0.0,16.0,0.0,0.0,0.0,12.0,0.8511904761904763,0.0
-323,0.0,2.0,0.0,16.0,0.0,0.0,0.0,12.0,0.8517857142857144,0.0
-322,0.0,2.0,0.0,16.0,0.0,0.0,0.0,12.0,0.8523809523809525,0.0
-321,0.0,2.0,0.0,16.0,0.0,0.0,0.0,12.0,0.8529761904761906,0.0
-320,0.0,2.0,0.0,16.0,0.0,0.0,0.0,12.0,0.8535714285714286,0.0
-319,0.0,2.0,0.0,16.0,0.0,0.0,0.0,12.0,0.8541666666666667,0.0
-318,0.0,2.0,0.0,16.0,0.0,0.0,0.0,12.0,0.8547619047619048,0.0
-317,0.0,2.0,0.0,16.0,0.0,0.0,0.0,12.0,0.8553571428571429,0.0
-316,0.0,2.0,0.0,16.0,0.0,0.0,0.0,12.0,0.855952380952381,0.0
-315,0.0,2.0,0.0,16.0,0.0,0.0,0.0,12.0,0.8565476190476191,0.0
-314,0.0,2.0,0.0,16.0,0.0,0.0,0.0,12.0,0.8571428571428572,0.0
-313,0.0,2.0,0.0,16.0,0.0,0.0,0.0,12.0,0.8577380952380953,0.0
-312,0.0,2.0,0.0,16.0,0.0,0.0,0.0,12.0,0.8583333333333334,0.0
-311,0.0,2.0,0.0,16.0,0.0,0.0,0.0,12.0,0.8589285714285715,0.0
-310,0.0,2.0,0.0,16.0,0.0,0.0,0.0,12.0,0.8595238095238096,0.0
-309,0.0,2.0,0.0,16.0,0.0,0.0,0.0,12.0,0.8601190476190477,0.0
-308,0.0,2.0,0.0,16.0,0.0,0.0,0.0,12.0,0.8607142857142858,0.0
-307,0.0,2.0,0.0,16.0,0.0,0.0,0.0,12.0,0.8613095238095239,0.0
-306,0.0,2.0,0.0,16.0,0.0,0.0,0.0,12.0,0.861904761904762,0.0
-305,0.0,2.0,0.0,16.0,0.0,0.0,0.0,12.0,0.8625,0.0
-304,0.0,2.0,0.0,16.0,0.0,0.0,0.0,12.0,0.8630952380952381,0.0
-303,0.0,2.0,0.0,16.0,0.0,0.0,0.0,12.0,0.8636904761904762,0.0
-302,0.0,2.0,0.0,16.0,0.0,0.0,0.0,12.0,0.8642857142857143,0.0
-301,0.0,2.0,0.0,16.0,0.0,0.0,0.0,12.0,0.8648809523809524,0.0
-300,0.0,2.0,0.0,16.0,0.0,0.0,0.0,12.0,0.8654761904761905,0.0
-299,0.0,2.0,0.0,16.363636363636363,0.0,0.0,0.0,12.0,0.8660714285714286,0.0
-298,0.0,2.0,0.0,16.727272727272727,0.0,0.0,0.0,12.0,0.8666666666666667,0.0
-297,0.0,2.0,0.0,17.09090909090909,0.0,0.0,0.0,12.0,0.8672619047619048,0.0
-296,0.0,2.0,0.0,17.454545454545453,0.0,0.0,0.0,12.0,0.8678571428571429,0.0
-295,0.0,2.0,0.0,17.81818181818182,0.0,0.0,0.0,12.0,0.868452380952381,0.0
-294,0.0,2.0,0.0,18.18181818181818,0.0,0.0,0.0,12.0,0.8690476190476192,0.0
-293,0.0,2.0,0.0,18.545454545454547,0.0,0.0,0.0,12.0,0.8696428571428573,0.0
-292,0.0,2.0,0.0,18.90909090909091,0.0,0.0,0.0,12.0,0.8702380952380954,0.0
-291,0.0,2.0,0.0,19.272727272727273,0.0,0.0,0.0,12.0,0.8708333333333335,0.0
-290,0.0,2.0,0.0,19.636363636363637,0.0,0.0,0.0,12.0,0.8714285714285716,0.0
-289,0.0,2.0,0.0,20.0,0.0,0.0,0.0,12.0,0.8720238095238096,0.0
-288,0.0,2.0,0.0,20.0,0.0,0.0,0.0,12.0,0.8726190476190477,0.0
-287,0.0,2.0,0.0,20.0,0.0,0.0,0.0,12.0,0.8732142857142858,0.0
-286,0.0,2.0,0.0,20.0,0.0,0.0,0.0,12.0,0.8738095238095239,0.0
-285,0.0,2.0,0.0,20.0,0.0,0.0,0.0,12.0,0.874404761904762,0.0
-284,0.0,2.0,0.0,20.0,0.0,0.0,0.0,12.0,0.8750000000000001,0.0
-283,0.0,2.0,0.0,20.0,0.0,0.0,0.0,12.0,0.8755952380952382,0.0
-282,0.0,2.0,0.0,20.0,0.0,0.0,0.0,12.0,0.8761904761904763,0.0
-281,0.0,2.0,0.0,20.0,0.0,0.0,0.0,12.0,0.8767857142857144,0.0
-280,0.0,2.0,0.0,20.0,0.0,0.0,0.0,12.0,0.8773809523809525,0.0
-279,0.0,2.0,0.0,20.0,0.0,0.0,0.0,12.0,0.8779761904761906,0.0
-278,0.0,2.0,0.0,20.0,0.0,0.0,0.0,12.0,0.8785714285714287,0.0
-277,0.0,2.0,0.0,20.0,0.0,0.0,0.0,12.0,0.8791666666666668,0.0
-276,0.0,2.0,0.0,20.0,0.0,0.0,0.0,12.0,0.8797619047619049,0.0
-275,0.0,2.0,0.0,20.0,0.0,0.0,0.0,12.0,0.880357142857143,0.0
-274,0.0,2.0,0.0,20.0,0.0,0.0,0.0,12.0,0.880952380952381,0.0
-273,0.0,2.0,0.0,20.0,0.0,0.0,0.0,12.0,0.8815476190476191,0.0
-272,0.0,2.0,0.0,20.0,0.0,0.0,0.0,12.0,0.8821428571428572,0.0
-271,0.0,2.0,0.0,20.0,0.0,0.0,0.0,12.0,0.8827380952380953,0.0
-270,0.0,2.0,0.0,20.0,0.0,0.0,0.0,12.0,0.8833333333333334,0.0
-269,0.0,2.0,0.0,20.0,0.0,0.0,0.0,12.0,0.8839285714285715,0.0
-268,0.0,2.0,0.0,20.0,0.0,0.0,0.0,12.0,0.8845238095238096,0.0
-267,0.0,2.0,0.0,20.0,0.0,0.0,0.0,12.0,0.8851190476190477,0.0
-266,0.0,2.0,0.0,20.0,0.0,0.0,0.0,12.0,0.8857142857142858,0.0
-265,0.0,2.0,0.0,20.0,0.0,0.0,0.0,12.0,0.8863095238095239,0.0
-264,0.0,2.0,0.0,20.0,0.0,0.0,0.0,12.0,0.886904761904762,0.0
-263,0.0,2.0,0.0,20.0,0.0,0.0,0.0,12.0,0.8875000000000001,0.0
-262,0.0,2.0,0.0,20.0,0.0,0.0,0.0,12.0,0.8880952380952382,0.0
-261,0.0,2.0,0.0,20.0,0.0,0.0,0.0,12.0,0.8886904761904763,0.0
-260,0.0,2.0,0.0,20.0,0.0,0.0,0.0,12.0,0.8892857142857143,0.0
-259,0.0,2.0,0.0,20.0,0.0,0.0,0.0,12.0,0.8898809523809524,0.0
-258,0.0,2.0,0.0,20.0,0.0,0.0,0.0,12.0,0.8904761904761905,0.0
-257,0.0,2.0,0.0,20.0,0.0,0.0,0.0,12.0,0.8910714285714286,0.0
-256,0.0,2.0,0.0,20.0,0.0,0.0,0.0,12.0,0.8916666666666667,0.0
-255,0.0,2.0,0.0,20.0,0.0,0.0,0.0,12.0,0.8922619047619048,0.0
-254,0.0,2.0,0.0,20.0,0.0,0.0,0.0,12.0,0.8928571428571429,0.0
-253,0.0,2.0,0.0,20.0,0.0,0.0,0.0,12.0,0.893452380952381,0.0
-252,0.0,2.0,0.0,20.0,0.0,0.0,0.0,12.0,0.8940476190476191,0.0
-251,0.0,2.0,0.0,20.0,0.0,0.0,0.0,12.0,0.8946428571428572,0.0
-250,0.0,2.0,0.0,20.0,0.0,0.0,0.0,12.0,0.8952380952380953,0.0
-249,0.0,2.0,0.0,20.0,0.0,0.0,0.0,12.0,0.8958333333333334,0.0
-248,0.0,2.0,0.0,20.0,0.0,0.0,0.0,12.0,0.8964285714285715,0.0
-247,0.0,2.0,0.0,20.0,0.0,0.0,0.0,12.0,0.8970238095238096,0.0
-246,0.0,2.0,0.0,20.0,0.0,0.0,0.0,12.0,0.8976190476190476,0.0
-245,0.0,2.0,0.0,20.0,0.0,0.0,0.0,12.0,0.8982142857142857,0.0
-244,0.0,2.0,0.0,20.0,0.0,0.0,0.0,12.0,0.8988095238095238,0.0
-243,0.0,2.0,0.0,20.0,0.0,0.0,0.0,12.0,0.899404761904762,0.0
-242,0.0,2.0,0.0,20.0,0.0,0.0,0.0,12.0,0.9000000000000001,0.0
-241,0.0,2.0,0.0,20.0,0.0,0.0,0.0,12.0,0.9005952380952382,0.0
-240,0.0,2.0,0.0,20.0,0.0,0.0,0.0,12.0,0.9011904761904763,0.0
-239,0.0,2.0,0.0,20.0,0.0,0.0,0.0,12.0,0.9017857142857144,0.0
-238,0.0,2.0,0.0,20.0,0.0,0.0,0.0,12.0,0.9023809523809525,0.0
-237,0.0,2.0,0.0,20.0,0.0,0.0,0.0,12.0,0.9029761904761906,0.0
-236,0.0,2.0,0.0,20.0,0.0,0.0,0.0,12.0,0.9035714285714287,0.0
-235,0.0,2.0,0.0,20.0,0.0,0.0,0.0,12.0,0.9041666666666668,0.0
-234,0.0,2.0,0.0,20.0,0.0,0.0,0.0,12.0,0.9047619047619049,0.0
-233,0.0,2.0,0.0,20.0,0.0,0.0,0.0,12.0,0.905357142857143,0.0
-232,0.0,2.0,0.0,20.0,0.0,0.0,0.0,12.0,0.9059523809523811,0.0
-231,0.0,2.0,0.0,20.0,0.0,0.0,0.0,12.0,0.9065476190476192,0.0
-230,0.0,2.0,0.0,20.0,0.0,0.0,0.0,12.0,0.9071428571428573,0.0
-229,0.0,2.0,0.0,20.0,0.0,0.0,0.0,12.0,0.9077380952380953,0.0
-228,0.0,2.0,0.0,20.0,0.0,0.0,0.0,12.0,0.9083333333333334,0.0
-227,0.0,2.0,0.0,20.0,0.0,0.0,0.0,12.0,0.9089285714285715,0.0
-226,0.0,2.0,0.0,20.0,0.0,0.0,0.0,12.0,0.9095238095238096,0.0
-225,0.0,2.0,0.0,20.0,0.0,0.0,0.0,12.0,0.9101190476190477,0.0
-224,0.0,2.0,0.0,20.0,0.0,0.0,0.0,12.0,0.9107142857142858,0.0
-223,0.0,2.0,0.0,20.0,0.0,0.0,0.0,12.0,0.9113095238095239,0.0
-222,0.0,2.0,0.0,20.0,0.0,0.0,0.0,12.0,0.911904761904762,0.0
-221,0.0,2.0,0.0,20.0,0.0,0.0,0.0,12.0,0.9125000000000001,0.0
-220,0.0,2.0,0.0,20.0,0.0,0.0,0.0,12.0,0.9130952380952382,0.0
-219,0.0,2.0,0.0,20.0,0.0,0.0,0.0,12.0,0.9136904761904763,0.0
-218,0.0,2.0,0.0,20.0,0.0,0.0,0.0,12.0,0.9142857142857144,0.0
-217,0.0,2.0,0.0,20.0,0.0,0.0,0.0,12.0,0.9148809523809525,0.0
-216,0.0,2.0,0.0,20.0,0.0,0.0,0.0,12.0,0.9154761904761906,0.0
-215,0.0,2.0,0.0,20.0,0.0,0.0,0.0,12.0,0.9160714285714286,0.0
-214,0.0,2.0,0.0,20.0,0.0,0.0,0.0,12.0,0.9166666666666667,0.0
-213,0.0,2.0,0.0,20.0,0.0,0.0,0.0,12.0,0.9172619047619048,0.0
-212,0.0,2.0,0.0,20.0,0.0,0.0,0.0,12.0,0.9178571428571429,0.0
-211,0.0,2.0,0.0,20.0,0.0,0.0,0.0,12.0,0.918452380952381,0.0
-210,0.0,2.0,0.0,20.0,0.0,0.0,0.0,12.0,0.9190476190476191,0.0
-209,0.0,2.0,0.0,20.0,0.0,0.0,0.0,12.0,0.9196428571428572,0.0
-208,0.0,2.0,0.0,20.0,0.0,0.0,0.0,12.0,0.9202380952380953,0.0
-207,0.0,2.0,0.0,20.0,0.0,0.0,0.0,12.0,0.9208333333333334,0.0
-206,0.0,2.0,0.0,20.0,0.0,0.0,0.0,12.0,0.9214285714285715,0.0
-205,0.0,2.0,0.0,20.0,0.0,0.0,0.0,12.0,0.9220238095238096,0.0
-204,0.0,2.0,0.0,20.0,0.0,0.0,0.0,12.0,0.9226190476190477,0.0
-203,0.0,2.0,0.0,20.0,0.0,0.0,0.0,12.0,0.9232142857142858,0.0
-202,0.0,2.0,0.0,20.0,0.0,0.0,0.0,12.0,0.9238095238095239,0.0
-201,0.0,2.0,0.0,20.0,0.0,0.0,0.0,12.0,0.924404761904762,0.0
-200,0.0,2.0,0.0,20.0,0.0,0.0,0.0,12.0,0.925,0.0
-199,0.0,2.0,0.0,20.0,0.0,0.0,0.0,12.0,0.9255952380952381,0.0
-198,0.0,2.0,0.0,20.0,0.0,0.0,0.0,12.0,0.9261904761904762,0.0
-197,0.0,2.0,0.0,20.0,0.0,0.0,0.0,12.0,0.9267857142857143,0.0
-196,0.0,2.0,0.0,20.0,0.0,0.0,0.0,12.0,0.9273809523809524,0.0
-195,0.0,2.0,0.0,20.0,0.0,0.0,0.0,12.0,0.9279761904761905,0.0
-194,0.0,2.0,0.0,20.0,0.0,0.0,0.0,12.0,0.9285714285714286,0.0
-193,0.0,2.0,0.0,20.0,0.0,0.0,0.0,12.0,0.9291666666666667,0.0
-192,0.0,2.0,0.0,20.0,0.0,0.0,0.0,12.0,0.9297619047619049,0.0
-191,0.0,2.0,0.0,20.0,0.0,0.0,0.0,12.0,0.930357142857143,0.0
-190,0.0,2.0,0.0,20.0,0.0,0.0,0.0,12.0,0.9309523809523811,0.0
-189,0.0,2.0,0.0,20.0,0.0,0.0,0.0,12.0,0.9315476190476192,0.0
-188,0.0,2.0,0.0,20.0,0.0,0.0,0.0,12.0,0.9321428571428573,0.0
-187,0.0,2.0,0.0,20.0,0.0,0.0,0.0,12.0,0.9327380952380954,0.0
-186,0.0,2.0,0.0,20.0,0.0,0.0,0.0,12.0,0.9333333333333335,0.0
-185,0.0,2.0,0.0,20.0,0.0,0.0,0.0,12.0,0.9339285714285716,0.0
-184,0.0,2.0,0.0,20.0,0.0,0.0,0.0,12.0,0.9345238095238096,0.0
-183,0.0,2.0,0.0,20.0,0.0,0.0,0.0,12.0,0.9351190476190477,0.0
-182,0.0,2.0,0.0,20.0,0.0,0.0,0.0,12.0,0.9357142857142858,0.0
-181,0.0,2.0,0.0,20.0,0.0,0.0,0.0,12.0,0.9363095238095239,0.0
-180,0.0,2.0,0.0,20.0,0.0,0.0,0.0,12.0,0.936904761904762,0.0
-179,0.0,2.0,0.0,20.0,0.0,0.0,0.0,12.0,0.9375000000000001,0.0
-178,0.0,2.0,0.0,20.0,0.0,0.0,0.0,12.0,0.9380952380952382,0.0
-177,0.0,2.0,0.0,20.0,0.0,0.0,0.0,12.0,0.9386904761904763,0.0
-176,0.0,2.0,0.0,20.0,0.0,0.0,0.0,12.0,0.9392857142857144,0.0
-175,0.0,2.0,0.0,20.0,0.0,0.0,0.0,12.0,0.9398809523809525,0.0
-174,0.0,2.0,0.0,20.0,0.0,0.0,0.0,12.0,0.9404761904761906,0.0
-173,0.0,2.0,0.0,20.0,0.0,0.0,0.0,12.0,0.9410714285714287,0.0
-172,0.0,2.0,0.0,20.0,0.0,0.0,0.0,12.0,0.9416666666666668,0.0
-171,0.0,2.0,0.0,20.0,0.0,0.0,0.0,12.0,0.9422619047619049,0.0
-170,0.0,2.0,0.0,20.0,0.0,0.0,0.0,12.0,0.942857142857143,0.0
-169,0.0,2.0,0.0,20.0,0.0,0.0,0.0,12.0,0.943452380952381,0.0
-168,0.0,2.0,0.0,20.0,0.0,0.0,0.0,12.0,0.9440476190476191,0.0
-167,0.0,2.0,0.0,20.0,0.0,0.0,0.0,12.0,0.9446428571428572,0.0
-166,0.0,2.0,0.0,20.0,0.0,0.0,0.0,12.0,0.9452380952380953,0.0
-165,0.0,2.0,0.0,20.0,0.0,0.0,0.0,12.0,0.9458333333333334,0.0
-164,0.0,2.0,0.0,20.0,0.0,0.0,0.0,12.0,0.9464285714285715,0.0
-163,0.0,2.0,0.0,20.0,0.0,0.0,0.0,12.0,0.9470238095238096,0.0
-162,0.0,2.0,0.0,20.0,0.0,0.0,0.0,12.0,0.9476190476190477,0.0
-161,0.0,2.0,0.0,20.0,0.0,0.0,0.0,12.0,0.9482142857142858,0.0
-160,0.0,2.0,0.0,20.0,0.0,0.0,0.0,12.0,0.9488095238095239,0.0
-159,0.0,2.0,0.0,20.0,0.0,0.0,0.0,12.0,0.949404761904762,0.0
-158,0.0,2.0,0.0,20.0,0.0,0.0,0.0,12.0,0.9500000000000001,0.0
-157,0.0,2.0,0.0,20.0,0.0,0.0,0.0,12.0,0.9505952380952382,0.0
-156,0.0,2.0,0.0,20.0,0.0,0.0,0.0,12.0,0.9511904761904763,0.0
-155,0.0,2.0,0.0,20.0,0.0,0.0,0.0,12.0,0.9517857142857143,0.0
-154,0.0,2.0,0.0,20.0,0.0,0.0,0.0,12.0,0.9523809523809524,0.0
-153,0.0,2.0,0.0,20.0,0.0,0.0,0.0,12.0,0.9529761904761905,0.0
-152,0.0,2.0,0.0,20.0,0.0,0.0,0.0,12.0,0.9535714285714286,0.0
-151,0.0,2.0,0.0,20.0,0.0,0.0,0.0,12.0,0.9541666666666667,0.0
-150,0.0,2.0,0.0,20.0,0.0,0.0,0.0,12.0,0.9547619047619048,0.0
-149,0.0,2.0,0.0,20.0,0.0,0.0,0.0,12.0,0.9553571428571429,0.0
-148,0.0,2.0,0.0,20.0,0.0,0.0,0.0,12.0,0.955952380952381,0.0
-147,0.0,2.0,0.0,20.0,0.0,0.0,0.0,12.0,0.9565476190476191,0.0
-146,0.0,2.0,0.0,20.0,0.0,0.0,0.0,12.0,0.9571428571428572,0.0
-145,0.0,2.0,0.0,20.0,0.0,0.0,0.0,12.0,0.9577380952380953,0.0
-144,0.0,2.0,0.0,20.0,0.0,0.0,0.0,12.0,0.9583333333333334,0.0
-143,0.0,2.0,0.0,20.0,0.0,0.0,0.0,12.0,0.9589285714285715,0.0
-142,0.0,2.0,0.0,20.0,0.0,0.0,0.0,12.0,0.9595238095238096,0.0
-141,0.0,2.0,0.0,20.0,0.0,0.0,0.0,12.0,0.9601190476190478,0.0
-140,0.0,2.0,0.0,20.0,0.0,0.0,0.0,12.0,0.9607142857142859,0.0
-139,0.0,2.0,0.0,20.0,0.0,0.0,0.0,12.0,0.961309523809524,0.0
-138,0.0,2.0,0.0,20.0,0.0,0.0,0.0,12.0,0.961904761904762,0.0
-137,0.0,2.0,0.0,20.0,0.0,0.0,0.0,12.0,0.9625000000000001,0.0
-136,0.0,2.0,0.0,20.0,0.0,0.0,0.0,12.0,0.9630952380952382,0.0
-135,0.0,2.0,0.0,20.0,0.0,0.0,0.0,12.0,0.9636904761904763,0.0
-134,0.0,2.0,0.0,20.0,0.0,0.0,0.0,12.0,0.9642857142857144,0.0
-133,0.0,2.0,0.0,20.0,0.0,0.0,0.0,12.0,0.9648809523809525,0.0
-132,0.0,2.0,0.0,20.0,0.0,0.0,0.0,12.0,0.9654761904761906,0.0
-131,0.0,2.0,0.0,20.0,0.0,0.0,0.0,12.0,0.9660714285714287,0.0
-130,0.0,2.0,0.0,20.0,0.0,0.0,0.0,12.0,0.9666666666666668,0.0
-129,0.0,2.0,0.0,20.0,0.0,0.0,0.0,12.0,0.9672619047619049,0.0
-128,0.0,2.0,0.0,20.0,0.0,0.0,0.0,12.0,0.967857142857143,0.0
-127,0.0,2.0,0.0,20.0,0.0,0.0,0.0,12.0,0.9684523809523811,0.0
-126,0.0,2.0,0.0,20.0,0.0,0.0,0.0,12.0,0.9690476190476192,0.0
-125,0.0,2.0,0.0,20.0,0.0,0.0,0.0,12.0,0.9696428571428573,0.0
-124,0.0,2.0,0.0,20.0,0.0,0.0,0.0,12.0,0.9702380952380953,0.0
-123,0.0,2.0,0.0,20.0,0.0,0.0,0.0,12.0,0.9708333333333334,0.0
-122,0.0,2.0,0.0,20.0,0.0,0.0,0.0,12.0,0.9714285714285715,0.0
-121,0.0,2.0,0.0,20.0,0.0,0.0,0.0,12.0,0.9720238095238096,0.0
-120,0.0,2.0,0.0,20.0,0.0,0.0,0.0,12.0,0.9726190476190477,0.0
-119,0.0,2.0,0.0,20.0,0.0,0.0,0.0,12.0,0.9732142857142858,0.0
-118,0.0,2.0,0.0,20.0,0.0,0.0,0.0,12.0,0.9738095238095239,0.0
-117,0.0,2.0,0.0,20.0,0.0,0.0,0.0,12.0,0.974404761904762,0.0
-116,0.0,2.0,0.0,20.0,0.0,0.0,0.0,12.0,0.9750000000000001,0.0
-115,0.0,2.0,0.0,20.0,0.0,0.0,0.0,12.0,0.9755952380952382,0.0
-114,0.0,2.0,0.0,20.0,0.0,0.0,0.0,12.0,0.9761904761904763,0.0
-113,0.0,2.0,0.0,20.0,0.0,0.0,0.0,12.0,0.9767857142857144,0.0
-112,0.0,2.0,0.0,20.0,0.0,0.0,0.0,12.0,0.9773809523809525,0.0
-111,0.0,2.0,0.0,20.0,0.0,0.0,0.0,12.0,0.9779761904761906,0.0
-110,0.0,2.0,0.0,20.0,0.0,0.0,0.0,12.0,0.9785714285714286,0.0
-109,0.0,2.0,0.0,20.0,0.0,0.0,0.0,12.0,0.9791666666666667,0.0
-108,0.0,2.0,0.0,20.0,0.0,0.0,0.0,12.0,0.9797619047619048,0.0
-107,0.0,2.0,0.0,20.0,0.0,0.0,0.0,12.0,0.9803571428571429,0.0
-106,0.0,2.0,0.0,20.0,0.0,0.0,0.0,12.0,0.980952380952381,0.0
-105,0.0,2.0,0.0,20.0,0.0,0.0,0.0,12.0,0.9815476190476191,0.0
-104,0.0,2.0,0.0,20.0,0.0,0.0,0.0,12.0,0.9821428571428572,0.0
-103,0.0,2.0,0.0,20.0,0.0,0.0,0.0,12.0,0.9827380952380953,0.0
-102,0.0,2.0,0.0,20.0,0.0,0.0,0.0,12.0,0.9833333333333334,0.0
-101,0.0,2.0,0.0,20.0,0.0,0.0,0.0,12.0,0.9839285714285715,0.0
-100,0.0,2.0,0.0,20.0,0.0,0.0,0.0,12.0,0.9845238095238096,0.0
-99,0.0,2.0,0.0,20.0,0.0,0.0,0.0,12.0,0.9851190476190477,0.0
-98,0.0,2.0,0.0,20.0,0.0,0.0,0.0,12.0,0.9857142857142858,0.0
-97,0.0,2.0,0.0,20.0,0.0,0.0,0.0,12.0,0.9863095238095239,0.0
-96,0.0,2.0,0.0,20.0,0.0,0.0,0.0,12.0,0.986904761904762,0.0
-95,0.0,2.0,0.0,20.0,0.0,0.0,0.0,12.0,0.9875,0.0
-94,0.0,2.0,0.0,20.0,0.0,0.0,0.0,12.0,0.9880952380952381,0.0
-93,0.0,2.0,0.0,20.0,0.0,0.0,0.0,12.0,0.9886904761904762,0.0
-92,0.0,2.0,0.0,20.0,0.0,0.0,0.0,12.0,0.9892857142857143,0.0
-91,0.0,2.0,0.0,20.0,0.0,0.0,0.0,12.0,0.9898809523809524,0.0
-90,0.0,2.0,0.0,20.0,0.0,0.0,0.0,12.0,0.9904761904761905,0.0
-89,0.0,2.0,0.0,20.0,0.0,0.0,0.0,12.0,0.9910714285714287,0.0
-88,0.0,2.0,0.0,20.0,0.0,0.0,0.0,12.0,0.9916666666666668,0.0
-87,0.0,2.0,0.0,20.0,0.0,0.0,0.0,12.0,0.9922619047619049,0.0
-86,0.0,2.0,0.0,20.0,0.0,0.0,0.0,12.0,0.992857142857143,0.0
-85,0.0,2.0,0.0,20.0,0.0,0.0,0.0,12.0,0.9934523809523811,0.0
-84,0.0,2.0,0.0,20.0,0.0,0.0,0.0,12.0,0.9940476190476192,0.0
-83,0.0,2.0,0.0,20.0,0.0,0.0,0.0,12.0,0.9946428571428573,0.0
-82,0.0,2.0,0.0,20.0,0.0,0.0,0.0,12.0,0.9952380952380954,0.0
-81,0.0,2.0,0.0,20.0,0.0,0.0,0.0,12.0,0.9958333333333335,0.0
-80,0.0,2.0,0.0,20.0,0.0,0.0,0.0,12.0,0.9964285714285716,0.0
-79,0.0,2.0,0.0,20.0,0.0,0.0,0.0,12.0,0.9970238095238096,0.0
-78,0.0,2.0,0.0,20.0,0.0,0.0,0.0,12.0,0.9976190476190477,0.0
-77,0.0,2.0,0.0,20.0,0.0,0.0,0.0,12.0,0.9982142857142858,0.0
-76,0.0,2.0,0.0,20.0,0.0,0.0,0.0,12.0,0.9988095238095239,0.0
-75,0.0,2.0,0.0,20.0,0.0,0.0,0.0,12.0,0.999404761904762,0.0
-74,0.0,2.0,0.0,20.0,0.0,0.0,0.0,12.0,1.0,0.0
-73,0.0,2.0,0.0,20.0,0.0,0.0,0.0,12.0,0.875,0.0
-72,0.0,2.0,0.0,20.0,0.0,0.0,0.0,12.0,0.75,0.0
-71,0.0,2.0,0.0,20.0,0.0,0.0,0.0,12.0,0.625,0.0
-70,0.0,2.0,0.0,20.0,0.0,0.0,0.0,12.0,0.5,0.0
-69,0.0,2.0,0.0,20.0,0.0,0.0,0.0,12.0,0.375,0.0
-68,0.0,2.0,0.0,20.0,0.0,0.0,0.0,12.0,0.25,0.0
-67,0.0,2.0,0.0,20.0,0.0,0.0,0.0,12.0,0.125,0.0
-66,0.0,2.0,0.0,20.0,0.0,0.0,0.0,12.0,0.0,0.0
-65,0.0,2.0,0.0,20.0,0.0,0.0,0.0,12.0,0.0,0.0
-64,0.0,2.0,0.0,20.0,0.0,0.0,0.0,12.0,0.0,0.0
-63,0.0,2.0,0.0,20.0,0.0,0.0,0.0,12.0,0.0,0.0
-62,0.0,2.0,0.0,20.0,0.0,0.0,0.0,12.0,0.0,0.0
-61,0.0,2.0,0.0,20.0,0.0,0.0,0.0,12.0,0.0,0.0
-60,0.0,2.0,0.0,20.0,0.0,0.0,0.0,12.0,0.0,0.0
-59,0.0,2.0,0.0,20.0,0.0,0.0,0.0,12.0,0.0,0.0
-58,0.0,2.0,0.0,20.0,0.0,0.0,0.0,12.0,0.0,0.0
-57,0.0,2.0,0.0,20.0,0.0,0.0,0.0,12.0,0.0,0.0
-56,0.0,2.0,0.0,20.0,0.0,0.0,0.0,12.0,0.0,0.0
-55,0.0,2.0,0.0,20.0,0.0,0.0,0.0,12.0,0.0,0.0
-54,0.0,2.0,0.0,20.0,0.0,0.0,0.0,12.0,0.0,0.0
-53,0.0,2.0,0.0,20.0,0.0,0.0,0.0,12.0,0.0,0.0
-52,0.0,2.0,0.0,20.0,0.0,0.0,0.0,12.0,0.0,0.0
-51,0.0,2.0,0.0,20.0,0.0,0.0,0.0,12.0,0.0,0.0
-50,0.0,2.0,0.0,20.0,0.0,0.0,0.0,12.0,0.0,0.0
-49,0.0,2.0,0.0,20.0,0.0,0.0,0.0,12.0,0.0,0.0
-48,0.0,2.0,0.0,20.0,0.0,0.0,0.0,12.0,0.0,0.0
-47,0.0,2.0,0.0,20.0,0.0,0.0,0.0,12.0,0.0,0.0
-46,0.0,2.0,0.0,20.0,0.0,0.0,0.0,12.0,0.0,0.0
-45,0.0,2.0,0.0,20.0,0.0,0.0,0.0,12.0,0.0,0.0
-44,0.0,2.0,0.0,20.0,0.0,0.0,0.0,12.0,0.0,0.0
-43,0.0,2.0,0.0,20.0,0.0,0.0,0.0,12.0,0.0,0.0
-42,0.0,2.0,0.0,20.0,0.0,0.0,0.0,12.0,0.0,0.0
-41,0.0,2.0,0.0,20.0,0.0,0.0,0.0,12.0,0.0,0.0
-40,0.0,2.0,0.0,20.0,0.0,0.0,0.0,12.0,0.0,0.0
-39,0.0,2.0,0.0,20.0,0.0,0.0,0.0,12.0,0.0,0.0
-38,0.0,2.0,0.0,20.0,0.0,0.0,0.0,12.0,0.0,0.0
-37,0.0,2.0,0.0,20.0,0.0,0.0,0.0,12.0,0.0,0.0
-36,0.0,2.0,0.0,20.0,0.0,0.0,0.0,12.0,0.0,0.0
-35,0.0,2.0,0.0,20.0,0.0,0.0,0.0,12.0,0.0,0.0
-34,0.0,2.0,0.0,20.0,0.0,0.0,0.0,12.0,0.0,0.0
-33,0.0,2.0,0.0,20.0,0.0,0.0,0.0,12.0,0.0,0.0
-32,0.0,2.0,0.0,20.0,0.0,0.0,0.0,12.0,0.0,0.0
-31,0.0,2.0,0.0,20.0,0.0,0.0,0.0,12.0,0.0,0.0
-30,0.0,2.0,0.0,20.0,0.0,0.0,0.0,12.0,0.0,0.0
-29,0.0,2.0,0.0,20.0,0.0,0.0,0.0,12.0,0.0,0.0
-28,0.0,2.0,0.0,20.0,0.0,0.0,0.0,12.0,0.0,0.0
-27,0.0,2.0,0.0,20.0,0.0,0.0,0.0,12.0,0.0,0.0
-26,0.0,2.0,0.0,20.0,0.0,0.0,0.1,12.0,0.0,0.0
-25,0.0,2.0,0.0,20.0,0.0,0.0,0.2,12.0,0.0,0.0
-24,0.0,2.0,0.0,20.0,0.0,0.0,0.30000000000000004,12.0,0.0,0.0
-23,0.0,2.0,0.0,20.0,0.0,0.0,0.4,12.0,0.0,0.0
-22,0.0,2.0,0.0,20.0,0.0,0.0,0.5,12.0,0.0,0.0
-21,0.0,2.0,0.0,20.0,0.0,0.0,0.6000000000000001,12.0,0.0,0.0
-20,0.0,2.0,0.0,20.0,0.0,0.0,0.7000000000000001,12.0,0.0,0.0
-19,0.0,2.0,0.0,20.0,0.0,0.0,0.8,12.0,0.0,0.0
-18,0.0,2.0,0.0,20.0,0.0,0.0,0.9,12.0,0.0,0.0
-17,0.0,2.0,0.0,20.0,0.0,0.0,1.0,12.0,0.0,0.0
-16,0.0,2.0,0.0,20.0,0.0,0.0,0.96875,12.0,0.0,0.0
-15,0.0,2.0,0.0,20.0,0.0,0.0,0.9375,12.0,0.0,0.0
-14,0.0,2.0,0.0,20.0,0.0,0.0,0.90625,12.0,0.0,0.0
-13,0.0,2.0,0.0,20.0,0.0,0.0,0.875,12.0,0.0,0.0
-12,0.0,2.0,0.0,20.0,0.0,0.0,0.84375,12.0,0.0,0.0
-11,0.0,2.0,0.0,20.0,0.0,0.0,0.8125,12.0,0.0,0.0
-10,0.0,2.0,0.0,20.0,0.0,0.0,0.78125,12.0,0.0,0.0
-9,0.0,2.0,0.0,20.0,0.0,0.0,0.75,12.0,0.0,0.0
-8,0.0,2.0,0.0,20.0,0.0,0.0,0.71875,12.0,0.0,0.0
-7,0.0,2.0,0.0,20.0,0.0,0.0,0.6875,12.0,0.0,0.0
-6,0.0,2.0,0.0,20.0,0.0,0.0,0.65625,12.0,0.0,0.0
-5,0.0,2.0,0.0,20.0,0.0,0.0,0.625,12.0,0.0,0.0
-4,0.0,2.0,0.0,20.0,0.0,0.0,0.59375,12.0,0.0,0.0
-3,0.0,2.0,0.0,20.0,0.0,0.0,0.5625,12.0,0.0,0.0
-2,0.0,2.0,0.0,20.0,0.0,0.0,0.53125,12.0,0.0,0.0
-1,0.0,2.0,0.0,0.0,0.0,0.0,0.5,12.0,0.0,0.0
0,0.0,2.0,0.0,0.0,0.0,0.0,0.5178571428571429,12.0,0.0,0.0
1,0.0,2.0,0.0,0.0,0.0,0.0,0.5357142857142857,12.0,0.0,0.0
2,0.0,2.0,0.0,0.0,0.0,0.0,0.5535714285714286,12.0,0.0,0.0
3,0.0,2.0,0.0,0.0,0.0,0.0,0.5714285714285714,12.0,0.0,0.0
4,0.0,2.0,0.0,0.0,0.0,0.0,0.5892857142857143,12.0,0.0,0.0
5,0.0,2.0,0.0,0.0,0.0,0.0,0.6071428571428571,12.0,0.0,0.0
6,0.0,2.0,0.0,0.0,0.0,0.0,0.625,12.024390243902438,0.0,0.0
7,0.0,2.0,0.0,0.0,0.0,0.0,0.6428571428571428,12.048780487804878,0.0,0.0
8,0.0,2.0,0.0,0.0,0.0,0.0,0.6607142857142857,12.073170731707316,0.0,0.0
9,0.0,2.0,0.0,0.0,0.0,0.0,0.6785714285714286,12.097560975609756,0.0,0.0
10,0.0,2.0,0.0,0.0,0.0,0.0,0.6964285714285714,12.121951219512194,0.0,0.0
11,0.0,2.0,0.0,0.0,0.0,0.0,0.7142857142857143,12.146341463414634,0.0,0.0
12,0.0,2.0,0.0,0.0,0.0,0.0,0.7321428571428571,12.170731707317072,0.0,0.0
13,0.0,2.0,0.0,0.0,0.0,0.0,0.75,12.195121951219512,0.0,0.0
14,0.0,2.0,0.0,0.0,0.0,0.0,0.7678571428571428,12.21951219512195,0.0,0.0
15,0.0,2.0,0.0,0.0,0.0,0.0,0.7857142857142857,12.24390243902439,0.0,0.0
16,0.0,2.0,0.0,0.0,0.0,0.0,0.8035714285714286,12.268292682926829,0.0,0.0
17,0.0,2.0,0.0,0.0,0.0,0.0,0.8214285714285714,12.292682926829269,0.0,0.0
18,0.0,2.0,0.0,0.0,0.0,0.0,0.8392857142857142,12.317073170731707,0.0,0.0
19,0.0,2.0,0.0,0.0,0.0,0.0,0.8571428571428571,12.341463414634147,0.0,0.0
20,0.0,2.0,0.0,0.0,0.0,0.0,0.875,12.365853658536585,0.0,0.0
21,0.0,2.0,0.0,0.0,0.0,0.0,0.8928571428571428,12.390243902439025,0.0,0.0
22,0.0,2.0,0.0,0.0,0.0,0.0,0.9107142857142857,12.414634146341463,0.0,0.0
23,0.0,2.0,0.0,0.0,0.0,0.0,0.9285714285714286,12.439024390243903,0.0,0.0
24,0.0,2.0,0.0,0.0,0.0,0.0,0.9464285714285714,12.463414634146341,0.0,0.0
25,0.0,2.0,0.0,0.0,0.0,0.0,0.9642857142857142,12.487804878048781,0.0,0.0
26,0.0,2.0,0.0,0.0,0.0,0.0,0.9821428571428571,12.512195121951219,0.0,0.0
27,0.0,2.0,0.0,0.0,0.0,0.0,1.0,12.536585365853659,0.0,0.0
28,0.0,2.0,0.0,0.0,0.0,0.0,1.0,12.560975609756097,0.0,0.0
29,0.0,2.0,0.0,0.0,0.0,0.0,1.0,12.585365853658537,0.0,0.0
30,0.0,2.0,0.0,0.0,0.0,0.0,1.0,12.609756097560975,0.0,0.0
31,0.0,2.0,0.0,0.0,0.0,0.0,1.0,12.634146341463415,0.0,0.0
32,0.0,2.0,0.0,0.0,0.0,0.0,1.0,12.658536585365853,0.0,0.0
33,0.0,2.0,0.0,0.0,0.0,0.0,1.0,12.682926829268293,0.0,0.0
34,0.0,2.0,0.0,0.0,0.0,0.0,1.0,12.707317073170731,0.0,0.0
35,0.0,2.0,0.0,0.0,0.0,0.0,1.0,12.731707317073171,0.0,0.0
36,0.0,2.0,0.0,0.0,0.0,0.0,1.0,12.75609756097561,0.0,0.0
37,0.0,2.0,0.0,0.0,0.0,0.0,1.0,12.78048780487805,0.0,0.0
38,0.0,2.0,0.0,0.0,0.0,0.0,1.0,12.804878048780488,0.0,0.0
39,0.0,2.0,0.0,0.0,0.0,0.0,1.0,12.829268292682928,0.0,0.0
40,0.0,2.0,0.0,0.0,0.0,0.0,1.0,12.853658536585366,0.0,0.0
41,0.0,2.0,0.0,0.0,0.0,0.0,1.0,12.878048780487806,0.0,0.0
42,0.0,2.0,0.0,0.0,0.0,0.0,1.0,12.902439024390244,0.0,0.0
43,0.0,2.0,0.0,0.0,0.0,0.0,1.0,12.926829268292684,0.0,0.0
44,0.0,2.0,0.0,0.0,0.0,0.0,1.0,12.951219512195122,0.0,0.0
45,0.0,2.0,0.0,0.0,0.0,0.0,1.0,12.975609756097562,0.0,0.0
46,0.0,2.0,0.0,0.0,0.0,0.0,1.0,13.0,0.0,0.0
47,0.0,2.0,0.0,0.0,0.0,0.0,1.0,13.0,0.0,0.0
48,0.0,2.0,0.0,0.0,0.0,0.0,1.0,13.0,0.0,0.0
49,0.0,2.0,0.0,0.0,0.0,0.0,1.0,13.0,0.0,0.0
50,0.0,2.0,0.0,0.0,0.0,0.0,1.0,13.0,0.0,0.0
51,0.0,2.0,0.0,0.0,0.0,0.0,1.0,13.0,0.0,0.0
52,0.0,2.0,0.0,0.0,0.0,0.0,1.0,13.0,0.0,0.0
53,0.0,2.0,0.0,0.0,0.0,0.0,1.0,13.0,0.0,0.0
54,0.0,2.0,0.0,0.0,0.0,0.0,1.0,13.0,0.0,0.0
55,0.0,2.0,0.0,0.0,0.0,0.0,1.0,13.0,0.0,0.0
56,0.0,2.0,0.0,0.0,0.0,0.0,1.0,13.0,0.0,0.0
57,0.0,2.0,0.0,0.0,0.0,0.0,1.0,13.0,0.0,0.0
58,0.0,2.0,0.0,0.0,0.0,0.0,1.0,13.0,0.0,0.0
59,0.0,2.0,0.0,0.0,0.0,0.0,1.0,13.0,0.0,0.0
60,0.0,2.0,0.0,0.0,0.0,0.0,1.0,13.0,0.0,0.0
61,0.0,2.0,0.0,0.0,0.0,0.0,1.0,13.0,0.0,0.0
62,0.0,2.0,0.0,0.0,0.0,0.0,1.0,13.0,0.0,0.0
63,0.0,2.0,0.0,0.0,0.0,0.0,1.0,13.0,0.0,0.0
64,0.0,2.0,0.0,0.0,0.0,0.0,1.0,13.0,0.0,0.0
65,0.0,2.0,0.0,0.0,0.16666666666666666,0.0,1.0,13.0,0.0,0.0
66,0.0,2.0,0.0,0.0,0.3333333333333333,0.0,1.0,13.0,0.0,0.0
67,0.0,2.0,0.0,0.0,0.5,0.0,1.0,13.0,0.0,0.0
68,0.0,2.0,0.0,0.0,0.6666666666666666,0.0,1.0,13.0,0.0,1.0
69,0.0,2.0,0.0,0.0,0.8333333333333333,0.0,1.0,13.0,0.0,0.0
70,0.0,2.0,0.0,0.0,1.0,0.0,1.0,13.0,0.0,1.1666666666666667
71,0.0,2.0,0.0,0.0,1.0,0.0,1.0,13.0,0.0,1.0
72,0.0,2.0,0.0,0.0,1.0,0.0,1.0,13.0,0.0,1.0
73,0.0,2.0,0.0,0.0,1.0,0.0,1.0,13.0,0.0,1.0
74,0.0,2.0,0.0,0.0,1.0,0.0,1.0,13.0,0.0,1.0
75,0.0,2.0,0.0,0.0,1.0,0.0,1.0,13.0,0.0,1.0
76,0.0,2.0,0.0,0.0,1.0,0.0,1.0,13.0,0.0,1.0
77,0.0,2.0,0.0,0.0,1.0,0.0,1.0,13.0,0.0,1.0
78,0.0,2.0,0.0,0.0,1.0,0.0,1.0,13.0,0.0,1.0
79,0.0,2.0,0.0,0.0,0.875,0.0,1.0,13.0,0.0,1.0
80,0.0,2.0,0.0,0.0,0.75,0.0,1.0,13.0,0.0,1.0
81,0.0,2.0,0.0,0.0,0.625,0.0,1.0,13.0,0.0,1.0
82,0.0,2.0,0.0,0.0,0.5,0.0,1.0,13.0,0.0,1.0
83,0.0,2.0,0.0,0.0,0.375,0.0,1.0,13.0,0.0,1.0
84,0.0,2.0,0.0,0.0,0.25,0.0,1.0,13.0,0.0,1.0
85,0.0,2.0,0.0,0.0,0.125,0.0,1.0,13.0,0.0,1.0
86,0.0,2.0,0.0,0.0,0.0,0.0,1.0,13.0,0.0,1.0
87,0.0,2.0,0.0,0.0,0.14285714285714285,0.0,1.0,13.0,0.0,1.0
88,0.0,2.0,0.0,0.0,0.2857142857142857,0.0,1.0,13.0,0.0,1.0
89,0.0,2.0,0.0,0.0,0.42857142857142855,0.0,1.0,13.0,0.0,1.0
90,0.0,2.0,0.0,0.0,0.5714285714285714,0.0,1.0,13.0,0.0,1.0
91,0.0,2.0,0.0,0.0,0.7142857142857142,0.0,1.0,13.0,0.0,1.0
92,0.0,2.0,0.0,0.0,0.8571428571428571,0.0,1.0,13.0,0.0,1.0
93,0.0,2.0,0.0,0.0,1.0,0.0,1.0,13.0,0.0,1.0
94,0.0,2.0,0.16666666666666666,0.0,1.0,0.0,1.0,13.0,0.0,1.0
95,0.0,2.0,0.3333333333333333,0.0,1.0,0.0,1.0,13.0,0.0,1.0
96,0.0,2.0,0.5,0.0,1.0,0.0,1.0,13.0,0.0,1.0
97,0.0,2.0,0.6666666666666666,0.0,1.0,0.0,1.0,13.0,0.0,1.0
98,0.0,2.0,0.8333333333333333,0.0,1.0,0.0,1.0,13.0,0.0,1.0
99,0.0,2.0,1.0,0.0,1.0,0.0,1.0,13.0,0.0,1.0
100,0.0,2.0,1.0,0.0,1.0,0.0,1.0,13.0,0.0,1.0
101,0.0,2.0,1.0,0.0,1.0,0.0,1.0,13.0,0.0,1.0
102,0.0,2.0,1.0,0.0,1.0,0.0,1.0,13.0,0.0,1.0
103,0.0,2.0,1.0,0.0,1.0,0.0,1.0,13.0,0.0,1.0
104,0.0,2.0,1.0,0.0,1.0,0.0,1.0,13.0,0.0,1.0
105,0.0,2.0,1.0,0.0,1.0,0.0,1.0,13.0,0.0,1.0
106,0.0,2.0,1.0,0.0,1.0,0.0,1.0,13.0,0.0,1.0
107,0.0,2.0,1.0,0.0,1.0,0.0,1.0,13.0,0.0,1.0
108,0.0,2.0,1.0,0.0,1.0,0.0,1.0,13.0,0.0,1.0
109,0.0,2.0,1.0,0.0,1.0,0.0,1.0,13.0,0.0,1.0
110,0.0,2.0,1.0,0.0,1.0,0.0,1.0,13.0,0.0,1.0
111,0.0,2.0,1.0,0.0,1.0,0.0,1.0,13.0,0.0,1.0
112,0.0,2.0,1.0,0.0,1.0,0.0,1.0,13.0,0.0,1.0
113,0.0,2.0,1.0,0.0,1.0,0.0,1.0,13.0,0.0,1.0
114,0.0,2.0,1.0,0.0,1.0,0.0,1.0,13.0,0.0,1.0
115,0.0,2.0,1.0,0.0,1.0,0.0,1.0,13.0,0.0,1.0
116,0.0,2.0,1.0,0.0,1.0,0.0,1.0,13.0,0.0,1.0
117,0.0,2.0,1.0,0.0,1.0,0.0,1.0,13.0,0.0,1.0
118,0.0,2.0,1.0,0.0,1.0,0.0,1.0,13.0,0.0,1.0
119,0.0,2.0,1.0,0.0,1.0,0.0,1.0,13.0,0.0,1.0
120,0.0,2.0,1.0,0.0,1.0,0.0,1.0,13.0,0.0,1.0
121,0.0,2.0,1.0,0.0,1.0,0.0,1.0,13.0,0.0,1.0
122,0.0,2.0,1.0,0.0,1.0,0.0,1.0,13.0,0.0,1.0
123,0.0,2.0,1.0,0.0,1.0,0.0,1.0,13.0,0.0,1.0
124,0.0,2.0,1.0,0.0,1.0,0.0,1.0,13.0,0.0,1.0
125,0.0,2.0,1.0,0.0,1.0,0.0,1.0,13.0,0.0,1.0
126,0.0,2.0,1.0,0.0,1.0,0.0,1.0,13.0,0.0,1.0
127,0.0,2.0,1.0,0.0,1.0,0.0,1.0,13.0,0.0,1.0
128,0.0,2.0,1.0,0.0,1.0,0.0,1.0,13.0,0.0,1.0
129,0.0,2.0,1.0,0.0,1.0,0.0,1.0,13.0,0.0,1.0
130,0.0,2.0,1.0,0.0,1.0,0.0,1.0,13.0,0.0,1.0
131,0.0,2.0,1.0,0.0,1.0,0.0,1.0,13.0,0.0,1.0
132,0.0,2.0,1.0,0.0,1.0,0.0,1.0,13.0,0.0,1.0
133,0.0,2.0,1.0,0.0,1.0,0.0,1.0,13.0,0.0,1.0
134,0.0,2.0,1.0,0.0,1.0,0.0,1.0,13.0,0.0,1.0
135,0.0,2.0,1.0,0.0,1.0,0.0,1.0,13.0,0.0,1.0
136,0.0,2.0,1.0,0.0,1.0,0.0,1.0,13.0,0.0,1.0
137,0.0,2.0,1.0,0.0,1.0,0.0,1.0,13.0,0.0,1.0
138,0.0,2.0,1.0,0.0,1.0,0.0,1.0,13.0,0.0,1.0
139,0.0,2.0,1.0,0.0,1.0,0.0,1.0,13.0,0.0,1.0
140,0.0,2.0,1.0,0.0,1.0,0.0,1.0,13.0,0.0,1.0
141,0.0,2.0,1.0,0.0,1.0,0.0,1.0,13.0,0.0,1.0
142,0.0,2.0,1.0,0.0,1.0,0.0,1.0,13.0,0.0,1.0
143,0.0,2.0,1.0,0.0,1.0,0.0,1.0,13.0,0.0,1.0
144,0.0,2.0,1.0,0.0,1.0,0.0,1.0,13.0,0.0,1.0
145,0.0,2.0,1.0,0.0,1.0,0.0,1.0,13.0,0.0,1.0
146,0.0,2.0,1.0,0.0,1.0,0.0,1.0,13.0,0.0,1.0
147,0.0,2.0,1.0,0.0,1.0,0.0,1.0,13.0,0.0,1.0
148,0.0,2.0,1.0,0.0,1.0,0.0,1.0,13.0,0.0,1.0
149,0.0,2.0,1.0,0.0,1.0,0.0,1.0,13.0,0.0,1.0
150,0.0,2.0,1.0,0.0,1.0,0.0,1.0,13.0,0.0,1.0
151,0.0,2.0,1.0,0.0,1.0,0.0,1.0,13.0,0.0,1.0
152,0.0,2.0,1.0,0.0,1.0,0.0,1.0,13.0,0.0,1.0
153,0.0,2.0,1.0,0.0,1.0,0.0,1.0,13.0,0.0,1.0
154,0.0,2.0,1.0,0.0,1.0,0.0,1.0,13.0,0.0,1.0
155,0.0,2.0,1.0,0.0,1.0,0.0,1.0,13.0,0.0,1.0
156,0.0,2.0,1.0,0.0,1.0,0.0,1.0,13.0,0.0,1.0
157,0.0,2.0,1.0,0.0,1.0,0.0,1.0,13.0,0.0,1.0
158,0.0,2.0,1.0,0.0,1.0,0.0,1.0,13.0,0.0,1.0
159,0.0,2.0,1.0,0.0,1.0,0.0,1.0,13.0,0.0,1.0
160,0.0,2.0,1.0,0.0,1.0,0.0,1.0,13.0,0.0,1.0
161,0.0,2.0,1.0,0.0,1.0,0.0,1.0,13.0,0.0,1.0
162,0.0,2.0,1.0,0.0,1.0,0.0,1.0,13.0,0.0,1.0
163,0.0,2.0,1.0,0.0,1.0,0.0,1.0,13.0,0.0,1.0
164,0.0,2.0,1.0,0.0,1.0,0.0,1.0,13.0,0.0,1.0
165,0.0,2.0,1.0,0.0,1.0,0.0,1.0,13.0,0.0,1.0
166,0.0,2.0,1.0,0.0,1.0,0.0,1.0,13.0,0.0,1.0
167,0.0,2.0,1.0,0.0,1.0,0.0,1.0,13.0,0.0,1.0
168,0.0,2.0,1.0,0.0,1.0,0.0,1.0,13.0,0.0,1.0
169,0.0,2.0,1.0,0.0,1.0,0.0,1.0,13.0,0.0,1.0
170,0.0,2.0,1.0,0.0,1.0,0.0,1.0,13.0,0.0,1.0
171,0.0,2.0,1.0,0.0,1.0,0.0,1.0,13.0,0.0,1.0
172,0.0,2.0,1.0,0.0,1.0,0.0,1.0,13.0,0.0,1.0
173,0.0,2.0,1.0,0.0,1.0,0.0,1.0,13.0,0.0,1.0
174,0.0,2.0,1.0,0.0,1.0,0.0,1.0,13.0,0.0,1.0
175,0.0,2.0,1.0,0.0,1.0,0.0,1.0,13.0,0.0,1.0
176,0.0,2.0,1.0,0.0,1.0,0.0,1.0,13.0,0.0,1.0
177,0.0,2.0,1.0,0.0,1.0,0.0,1.0,13.0,0.0,1.0
178,0.0,2.0,1.0,0.0,1.0,0.0,1.0,13.0,0.0,1.0
179,0.0,2.0,1.0,0.0,1.0,0.0,1.0,13.0,0.0,1.0
180,0.0,2.0,1.0,0.0,1.0,0.0,1.0,13.0,0.0,1.0
181,0.0,2.0,1.0,0.0,1.0,0.0,1.0,13.0,0.0,1.0
182,0.0,2.0,1.0,0.0,1.0,0.0,1.0,13.0,0.0,1.0
183,0.0,2.0,1.0,0.0,1.0,0.0,1.0,13.0,0.0,1.0
184,0.0,2.0,1.0,0.0,1.0,0.0,1.0,13.0,0.0,1.0
185,0.0,2.0,1.0,0.0,1.0,0.0,1.0,13.0,0.0,1.0
186,0.0,2.0,1.0,0.0,1.0,0.0,1.0,13.0,0.0,1.0
187,0.0,2.0,1.0,0.0,1.0,0.0,1.0,13.0,0.0,1.0
188,0.0,2.0,1.0,0.0,1.0,0.0,1.0,13.0,0.0,1.0
189,0.0,2.0,1.0,0.0,1.0,0.0,1.0,13.0,0.0,1.0
190,0.0,2.0,1.0,0.0,1.0,0.0,1.0,13.0,0.0,1.0
191,0.0,2.0,1.0,0.0,1.0,0.0,1.0,13.0,0.0,1.0
192,0.0,2.0,1.0,0.0,1.0,0.0,1.0,13.0,0.0,1.0
193,0.0,2.0,1.0,0.0,1.0,0.0,1.0,13.0,0.0,1.0
194,0.0,2.0,1.0,0.0,1.0,0.0,1.0,13.0,0.0,1.0
195,0.0,2.0,1.0,0.0,1.0,0.0,1.0,13.0,0.0,1.0
196,0.0,2.0,1.0,0.0,1.0,0.0,1.0,13.0,0.0,1.0
197,0.0,2.0,1.0,0.0,1.0,0.0,1.0,13.0,0.0,1.0
198,0.0,2.0,1.0,0.0,1.0,0.0,1.0,13.0,0.0,1.0
199,0.0,2.0,1.0,0.0,1.0,0.0,1.0,13.0,0.0,1.0
200,0.0,2.0,1.0,0.0,1.0,0.0,1.0,13.0,0.0,1.0
