index,888427,1349793,8629417,10257731,11920542,19375377,22228279,37448451,41847366,44174919,45765028,48028716,48305754,49672452,67508428,122520729,262975445,294162653,306477735,334332962,361418670,413941163
-500,21.0,2.0,0.0,0.0,0.0,0.0,9.0,0.0,0.0,0.0,0.0,0.0,12.0,0.0,0.0,7.0,18.0,1.0,0.0,0.0,0.0,0.0
-499,21.0,2.0,0.0,0.0,0.0,0.0,9.0,0.0,0.0,0.0,0.0,0.0,12.0,0.0,0.0,7.0,18.0,1.0,0.0,0.0,0.0,0.0
-498,21.0,2.0,0.0,0.0,0.0,0.0,9.0,0.0,0.0,0.0,0.0,0.0,12.0,0.0,0.0,7.0,18.0,1.0,0.0,0.0,0.0,0.0
-497,21.0,2.0,0.0,0.0,0.0,0.0,9.0,0.0,0.0,0.0,0.0,0.0,12.0,0.0,0.0,7.0,18.0,1.0,0.0,0.0,0.0,0.0
-496,21.0,2.0,0.0,0.0,0.0,0.0,9.0,0.0,0.0,0.0,0.0,0.0,12.0,0.0,0.0,7.0,18.0,1.0,0.0,0.0,0.0,0.0
-495,21.0,2.0,0.0,0.0,0.0,0.0,9.0,0.0,0.0,0.0,0.0,0.0,12.0,0.0,0.0,7.0,18.0,1.0,0.0,0.0,0.0,0.0
-494,21.0,2.0,0.0,0.0,0.0,0.0,9.0,0.0,0.0,0.0,0.0,0.0,12.0,0.0,0.0,7.0,18.0,1.0,0.0,0.0,0.0,0.0
-493,21.0,2.0,0.0,0.0,0.0,0.0,9.0,0.0,0.0,0.0,0.0,0.0,12.0,0.0,0.0,7.0,18.0,1.0,0.0,0.0,0.0,0.0
-492,21.0,2.0,0.0,0.0,0.0,0.0,9.0,0.0,0.0,0.0,0.0,0.0,12.0,0.0,0.0,7.0,18.0,1.0,0.0,0.0,0.0,0.0
-491,21.0,2.0,0.0,0.0,0.0,0.0,9.0,0.0,0.0,0.0,0.0,0.0,12.0,0.0,0.0,7.0,18.0,1.0,0.0,0.0,0.0,0.0
-490,21.0,2.0,0.0,0.0,0.0,0.0,9.0,0.0,0.0,0.0,0.0,0.0,12.0,0.0,0.0,7.0,18.0,1.0,0.0,0.0,0.0,0.0
-489,21.0,2.0,0.0,0.0,0.0,0.0,9.0,0.0,0.0,0.0,0.0,0.0,12.0,0.0,0.0,7.0,18.0,1.0,0.0,0.0,0.0,0.0
-488,21.0,2.0,0.0,0.0,0.0,0.0,9.0,0.0,0.0,0.0,0.0,0.0,12.0,0.0,0.0,7.0,18.0,1.0,0.0,0.0,0.0,0.0
-487,21.0,2.0,0.0,0.0,0.0,0.0,9.0,0.0,0.0,0.0,0.0,0.0,12.0,0.0,0.0,7.0,18.0,1.0,0.0,0.0,0.0,0.0
-486,21.0,2.0,0.0,0.0,0.0,0.0,9.0,0.0,0.0,0.0,0.0,0.0,12.0,0.0,0.0,7.0,18.0,1.0,0.0,0.0,0.0,0.0
-485,21.0,2.0,0.0,0.0,0.0,0.0,9.0,0.0,0.0,0.0,0.0,0.0,12.0,0.0,0.0,7.0,18.0,1.0,0.0,0.0,0.0,0.0
-484,21.0,2.0,0.0,0.0,0.0,0.0,9.0,0.0,0.0,0.0,0.0,0.0,12.0,0.0,0.0,7.0,18.0,1.0,0.0,0.0,0.0,0.0
-483,21.0,2.0,0.0,0.0,0.0,0.0,9.0,0.0,0.0,0.0,0.0,0.0,12.0,0.0,0.0,7.0,18.0,1.0,0.0,0.0,0.0,0.0
-482,21.0,2.0,0.0,0.0,0.0,0.0,9.0,0.0,0.0,0.0,0.0,0.0,12.0,0.0,0.0,7.0,18.0,1.0,0.0,0.0,0.0,0.0
-481,21.0,2.0,0.0,0.0,0.0,0.0,9.0,0.0,0.0,0.0,0.0,0.0,12.0,0.0,0.0,7.0,18.0,1.0,0.0,0.0,0.0,0.0
-480,21.0,2.0,0.0,0.0,0.0,0.0,9.0,0.0,0.0,0.0,0.0,0.0,12.0,0.0,0.0,7.0,18.0,1.0,0.0,0.0,0.0,0.0
-479,21.0,2.0,0.0,0.0,0.0,0.0,9.0,0.0,0.0,0.0,0.0,0.0,12.0,0.0,0.0,7.0,18.0,1.0,0.0,0.0,0.0,0.0
-478,21.0,2.0,0.0,0.0,0.0,0.0,9.0,0.0,0.0,0.0,0.0,0.0,12.0,0.0,0.0,7.0,18.0,1.0,0.0,0.0,0.0,0.0
-477,21.0,2.0,0.0,0.0,0.0,0.0,9.0,0.0,0.0,0.0,0.0,0.0,12.0,0.0,0.0,7.0,18.0,1.0,0.0,0.0,0.0,0.0
-476,21.0,2.0,0.0,0.0,0.0,0.0,9.0,0.0,0.0,0.0,0.0,0.0,12.0,0.0,0.0,7.0,18.0,1.0,0.0,0.0,0.0,0.0
-475,21.0,2.0,0.0,0.0,0.0,0.0,8.928571428571429,0.0,0.0,0.0,0.0,0.0,12.0,0.0,0.0,7.0,18.0,1.0,0.0,0.0,0.0,0.0
-474,21.0,2.0,0.0,0.0,0.0,0.0,8.857142857142858,0.0,0.0,0.0,0.0,0.0,12.0,0.0,0.0,7.0,18.0,1.0,0.0,0.0,0.0,0.0
-473,21.0,2.0,0.0,0.0,0.0,0.0,8.785714285714286,0.0,0.0,0.0,0.0,0.0,12.0,0.0,0.0,7.0,18.0,1.0,0.0,0.0,0.0,0.0
-472,21.0,2.0,0.0,0.0,0.0,0.0,8.714285714285714,0.0,0.0,0.0,0.0,0.0,12.0,0.0,0.0,7.0,18.0,1.0,0.0,0.0,0.0,0.0
-471,21.0,2.0,0.0,0.0,0.0,0.0,8.642857142857142,0.0,0.0,0.0,0.0,0.0,12.0,0.0,0.0,7.0,18.0,1.0,0.0,0.0,0.0,0.0
-470,21.0,2.0,0.0,0.0,0.0,0.0,8.571428571428571,0.0,0.0,0.0,0.0,0.0,12.0,0.0,0.0,7.0,18.0,1.0,0.0,0.0,0.0,0.0
-469,21.0,2.0,0.0,0.0,0.0,0.0,8.5,0.0,0.0,0.0,0.0,0.0,12.0,0.0,0.0,7.0,18.0,1.0,0.0,0.0,0.0,0.0
-468,21.0,2.0,0.0,0.0,0.0,0.0,8.428571428571429,0.0,0.0,0.0,0.0,0.0,12.0,0.0,0.0,7.0,18.0,1.0,0.0,0.0,0.0,0.0
-467,21.0,2.0,0.0,0.0,0.0,0.0,8.357142857142858,0.0,0.0,0.0,0.0,0.0,12.0,0.0,0.0,7.0,18.0,1.0,0.0,0.0,0.0,0.0
-466,21.0,2.0,0.0,0.0,0.0,0.0,8.285714285714286,0.0,0.0,0.0,0.0,0.0,12.0,0.0,0.0,7.0,18.0,1.0,0.0,0.0,0.0,0.0
-465,21.0,2.0,0.0,0.0,0.0,0.0,8.214285714285714,0.0,0.0,0.0,0.0,0.0,12.0,0.0,0.0,7.0,18.0,1.0,0.0,0.0,0.0,0.0
-464,21.0,2.0,0.0,0.0,0.0,0.0,8.142857142857142,0.0,0.0,0.0,0.0,0.0,12.0,0.0,0.0,7.0,18.0,1.0,0.0,0.0,0.0,0.0
-463,21.0,2.0,0.0,0.0,0.0,0.0,8.071428571428571,0.0,0.0,0.0,0.0,0.0,12.0,0.0,0.0,7.0,18.0,1.0,0.0,0.0,0.0,0.0
-462,21.0,2.0,0.0,0.0,0.0,0.0,8.0,0.0,0.0,0.0,0.0,0.0,12.0,0.0,0.0,7.0,18.0,1.0,0.0,0.0,0.0,0.0
-461,21.0,2.0,0.0,0.0,0.0,0.0,8.5,0.0,0.0,0.0,0.0,0.0,12.0,0.0,0.0,7.0,18.0,1.0,0.0,0.0,0.0,0.0
-460,21.0,2.0,0.0,0.0,0.0,0.0,9.0,0.0,0.0,0.0,0.0,0.0,12.0,0.0,0.0,7.0,18.0,1.0,0.0,0.0,0.0,0.0
-459,21.0,2.0,0.0,0.0,0.0,0.0,9.0,0.0,0.0,0.0,0.0,0.0,12.0,0.0,0.0,7.0,18.0,1.0,0.0,0.0,0.0,0.0
-458,21.0,2.0,0.0,0.0,0.0,0.0,9.0,0.0,0.0,0.0,0.0,0.0,12.0,0.0,0.0,7.0,18.0,1.0,0.0,0.0,0.0,0.0
-457,21.0,2.0,0.0,0.0,0.0,0.0,9.0,0.0,0.0,0.0,0.0,0.0,12.0,0.0,0.0,7.0,18.0,1.0,0.0,0.0,0.0,0.0
-456,21.0,2.0,0.0,0.0,0.0,0.0,9.0,0.0,0.0,0.0,0.0,0.0,12.0,0.0,0.0,7.0,18.0,1.0,0.0,0.0,0.0,0.0
-455,21.0,2.0,0.0,0.0,0.0,0.0,9.0,0.0,0.0,0.0,0.0,0.0,12.0,0.0,0.0,7.0,18.0,1.0,0.0,0.0,0.0,0.0
-454,21.0,2.0,0.0,0.0,0.0,0.0,9.0,0.0,0.0,0.0,0.0,0.0,12.0,0.0,0.0,7.0,18.0,1.0,0.0,0.0,0.0,0.0
-453,21.0,2.0,0.0,0.0,0.0,0.0,9.0,0.0,0.0,0.0,0.0,0.0,12.0,0.0,0.0,7.0,18.0,1.0,0.0,0.0,0.0,0.0
-452,21.0,2.0,0.0,0.0,0.0,0.0,9.0,0.0,0.0,0.0,0.0,0.0,12.0,0.0,0.0,7.0,18.0,1.0,0.0,0.0,0.0,0.0
-451,21.0,2.0,0.0,0.0,0.0,0.0,9.0,0.0,0.0,0.0,0.0,0.0,12.0,0.0,0.0,7.0,18.0,1.0,0.0,0.0,0.0,0.0
-450,21.0,2.0,0.0,0.0,0.0,0.0,9.0,0.0,0.0,0.0,0.0,0.0,12.0,0.0,0.0,7.0,18.0,1.0,0.0,0.0,0.0,0.0
-449,21.0,2.0,0.0,0.0,0.0,0.0,9.0,0.0,0.0,0.0,0.0,0.0,12.0,0.0,0.0,7.0,18.0,1.0,0.0,0.0,0.0,0.0
-448,21.0,2.0,0.0,0.0,0.0,0.0,9.0,0.0,0.0,0.0,0.0,0.0,12.0,0.0,0.0,7.0,18.0,1.0,0.0,0.0,0.0,0.0
-447,21.0,2.0,0.0,0.0,0.0,0.0,9.0,0.0,0.0,0.0,0.0,0.0,12.0,0.0,0.0,7.0,18.0,1.0,0.0,0.0,0.0,0.0
-446,21.0,2.0,0.0,0.0,0.0,0.0,9.0,0.0,0.0,0.0,0.0,0.0,12.0,0.0,0.0,7.0,18.0,1.0,0.0,0.0,0.0,0.0
-445,21.0,2.0,0.0,0.0,0.0,0.0,9.0,0.0,0.0,0.0,0.0,0.0,12.0,0.0,0.0,7.0,18.0,1.0,0.0,0.0,0.0,0.0
-444,21.0,2.0,0.0,0.0,0.0,0.0,9.0,0.0,0.0,0.0,0.0,0.0,12.0,0.0,0.0,7.0,18.0,1.0,0.0,0.0,0.0,0.0
-443,21.0,2.0,0.0,0.0,0.0,0.0,9.0,0.0,0.0,0.0,0.0,0.0,12.0,0.0,0.0,7.0,18.0,1.0,0.0,0.0,0.0,0.0
-442,21.0,2.0,0.0,0.0,0.0,0.0,9.0,0.0,0.0,0.0,0.0,0.0,12.0,0.0,0.0,7.0,18.0,1.0,0.0,0.0,0.0,0.0
-441,21.0,2.0,0.0,0.0,0.0,0.0,9.0,0.0,0.0,0.0,0.0,0.0,12.0,0.0,0.0,7.0,18.0,1.0,0.0,0.0,0.0,0.0
-440,21.0,2.0,0.0,0.0,0.0,0.0,9.0,0.0,0.0,0.0,0.0,0.0,12.0,0.0,0.0,7.0,18.0,1.0,0.0,0.0,0.0,0.0
-439,21.0,2.0,0.0,0.0,0.0,0.0,9.0,0.0,0.0,0.0,0.0,0.0,12.0,0.0,0.0,7.0,18.0,1.0,0.0,0.0,0.0,0.0
-438,21.0,2.0,0.0,0.0,0.0,0.0,9.0,0.0,0.0,0.0,0.0,0.0,12.0,0.0,0.0,7.0,18.0,1.0,0.0,0.0,0.0,0.0
-437,21.0,2.0,0.0,0.0,0.0,0.0,9.0,0.0,0.0,0.0,0.0,0.0,12.0,0.0,0.0,7.0,18.0,1.0,0.0,0.0,0.0,0.0
-436,21.0,2.0,0.0,0.0,0.0,0.0,9.0,0.0,0.0,0.0,0.0,0.0,12.0,0.0,0.0,7.0,18.0,1.0,0.0,0.0,0.0,0.0
-435,21.0,2.0,0.0,0.0,0.0,0.0,9.0,0.0,0.0,0.0,0.0,0.0,12.0,0.0,0.0,7.0,18.0,1.0,0.0,0.0,0.0,0.0
-434,21.0,2.0,0.0,0.0,0.0,0.0,9.0,0.0,0.0,0.0,0.0,0.0,12.0,0.0,0.0,7.0,18.0,1.0,0.0,0.0,0.0,0.0
-433,21.0,2.0,0.0,0.0,0.0,0.0,9.0,0.0,0.0,0.0,0.0,0.0,12.0,0.0,0.0,7.0,18.0,1.0,0.0,0.0,0.0,0.0
-432,21.0,2.0,0.0,0.0,0.0,0.0,9.0,0.0,0.0,0.0,0.0,0.0,12.0,0.0,0.0,7.0,18.0,1.0,0.0,0.0,0.0,0.0
-431,21.0,2.0,0.0,0.0,0.0,0.0,9.0,0.0,0.0,0.0,0.0,0.0,12.0,0.0,0.0,7.0,18.0,1.0,0.0,0.0,0.0,0.0
-430,21.0,2.0,0.0,0.0,0.0,0.0,9.0,0.0,0.0,0.0,0.0,0.0,12.0,0.0,0.0,7.0,18.0,1.0,0.0,0.0,0.0,0.0
-429,21.0,2.0,0.0,0.0,0.0,0.0,9.0,0.0,0.0,0.0,0.0,0.0,12.0,0.0,0.0,7.0,18.0,1.0,0.0,0.0,0.0,0.0
-428,21.0,2.0,0.0,0.0,0.0,0.0,9.0,0.0,0.0,0.0,0.0,0.0,12.0,0.0,0.0,7.0,18.0,1.0,0.0,0.0,0.0,0.0
-427,21.0,2.0,0.0,0.0,0.0,0.0,9.0,0.0,0.0,0.0,0.0,0.0,12.0,0.0,0.0,7.0,18.0,1.0,0.0,0.0,0.0,0.0
-426,21.0,2.0,0.0,0.0,0.0,0.0,9.0,0.0,0.0,0.0,0.0,0.0,12.0,0.0,0.0,7.0,18.0,1.0,0.0,0.0,0.0,0.0
-425,21.0,2.0,0.0,0.0,0.0,0.0,9.0,0.0,0.0,0.0,0.0,0.0,12.0,0.0,0.0,7.0,18.0,1.0,0.0,0.0,0.0,0.0
-424,21.0,2.0,0.0,0.0,0.0,0.0,9.0,0.0,0.0,0.0,0.0,0.0,12.0,0.0,0.0,7.0,18.0,1.0,0.0,0.0,0.0,0.0
-423,21.0,2.0,0.0,0.0,0.0,0.0,9.0,0.0,0.0,0.0,0.0,0.0,12.0,0.0,0.0,7.0,18.0,1.0,0.0,0.0,0.0,0.0
-422,21.0,2.0,0.0,0.0,0.0,0.0,9.0,0.0,0.0,0.0,0.0,0.0,12.0,0.0,0.0,7.0,18.0,1.0,0.0,0.0,0.0,0.0
-421,21.0,2.0,0.0,0.0,0.0,0.0,9.0,0.0,0.0,0.0,0.0,0.0,12.0,0.0,0.0,7.0,18.0,1.0,0.0,0.0,0.0,0.0
-420,21.0,2.0,0.0,0.0,0.0,0.0,9.0,0.0,0.0,0.0,0.0,0.0,12.0,0.0,0.0,7.0,18.0,1.0,0.0,0.0,0.0,0.0
-419,21.0,2.0,0.0,0.0,0.0,0.0,9.0,0.0,0.0,0.0,0.0,0.0,12.0,0.0,0.0,7.0,18.0,1.0,0.0,0.0,0.0,0.0
-418,21.0,2.0,0.0,0.0,0.0,0.0,9.0,0.0,0.0,0.0,0.0,0.0,12.0,0.0,0.0,7.0,18.0,1.0,0.0,0.0,0.0,0.0
-417,21.0,2.0,0.0,0.0,0.0,0.0,9.0,0.0,0.0,0.0,0.0,0.0,12.0,0.0,0.0,7.0,18.0,1.0,0.0,0.0,0.0,0.0
-416,21.0,2.0,0.0,0.0,0.0,0.0,9.0,0.0,0.0,0.0,0.0,0.0,12.0,0.0,0.0,7.0,18.0,1.0,0.0,0.0,0.0,0.0
-415,21.0,2.0,0.0,0.0,0.0,0.0,9.0,0.0,0.0,0.0,0.0,0.0,12.0,0.0,0.0,7.0,18.0,1.0,0.0,0.0,0.0,0.0
-414,21.0,2.0,0.0,0.0,0.0,0.0,9.0,0.0,0.0,0.0,0.0,0.0,12.0,0.0,0.0,7.0,18.0,1.0,0.0,0.0,0.0,0.0
-413,21.0,2.0,0.0,0.0,0.0,0.0,9.0,0.0,0.0,0.0,0.0,0.0,12.0,0.0,0.0,7.0,18.0,1.0,0.0,0.0,0.0,0.0
-412,21.0,2.0,0.0,0.0,0.0,0.0,9.0,0.0,0.0,0.0,0.0,0.0,12.0,0.0,0.0,7.0,18.0,1.0,0.0,0.0,0.0,0.0
-411,21.0,2.0,0.0,0.0,0.0,0.0,9.0,0.0,0.0,0.0,0.0,0.0,12.0,0.0,0.0,7.0,18.0,1.0,0.0,0.0,0.0,0.0
-410,21.0,2.0,0.0,0.0,0.0,0.0,9.0,0.0,0.0,0.0,0.0,0.0,12.0,0.0,0.0,7.0,18.0,1.0,0.0,0.0,0.0,0.0
-409,21.0,2.0,0.0,0.0,0.0,0.0,9.0,0.0,0.0,0.0,0.0,0.0,12.0,0.0,0.0,7.0,18.0,1.0,0.0,0.0,0.0,0.0
-408,21.0,2.0,0.0,0.0,0.0,0.0,9.0,0.0,0.0,0.0,0.0,0.0,12.0,0.0,0.0,7.0,18.0,1.0,0.0,0.0,0.0,0.0
-407,21.0,2.0,0.0,0.0,0.0,0.0,9.0,0.0,0.0,0.0,0.0,0.0,12.0,0.0,0.0,7.0,18.0,1.0,0.0,0.0,0.0,0.0
-406,21.0,2.0,0.0,0.0,0.0,0.0,9.0,0.0,0.0,0.0,0.0,0.0,12.0,0.0,0.0,7.0,18.0,1.0,0.0,0.0,0.0,0.0
-405,21.0,2.0,0.0,0.0,0.0,0.0,9.0,0.0,0.0,0.0,0.0,0.0,12.0,0.0,0.0,7.0,18.0,1.0,0.0,0.0,0.0,0.0
-404,21.0,2.0,0.0,0.0,0.0,0.0,9.0,0.0,0.0,0.0,0.0,0.0,12.0,0.0,0.0,7.0,18.0,1.0,0.0,0.0,0.0,0.0
-403,21.0,2.0,0.0,0.0,0.0,0.0,9.0,0.0,0.0,0.0,0.0,0.0,12.0,0.0,0.0,7.0,18.0,1.0,0.0,0.0,0.0,0.0
-402,21.0,2.0,0.0,0.0,0.0,0.0,9.0,0.0,0.0,0.0,0.0,0.0,12.0,0.0,0.0,7.0,18.0,1.0,0.0,0.0,0.0,0.0
-401,21.0,2.0,0.0,0.0,0.0,0.0,9.0,0.0,0.0,0.0,0.0,0.0,12.0,0.0,0.0,7.0,18.0,1.0,0.0,0.0,0.0,0.0
-400,21.0,2.0,0.0,0.0,0.0,0.0,9.0,0.0,0.0,0.0,0.0,0.0,12.0,0.0,0.0,7.0,18.0,1.0,0.0,0.0,0.0,0.0
-399,21.0,2.0,0.0,0.0,0.0,0.0,9.0,0.0,0.0,0.0,0.0,0.0,12.0,0.0,0.0,7.0,18.0,1.0,0.0,0.0,0.0,0.0
-398,21.0,2.0,0.0,0.0,0.0,0.0,9.0,0.0,0.0,0.0,0.0,0.0,12.0,0.0,0.0,7.0,18.0,1.0,0.0,0.0,0.0,0.0
-397,21.0,2.0,0.0,0.0,0.0,0.0,9.0,0.0,0.0,0.0,0.0,0.0,12.0,0.0,0.0,7.0,18.0,1.0,0.0,0.0,0.0,0.0
-396,21.0,2.0,0.0,0.0,0.0,0.0,9.0,0.0,0.0,0.0,0.0,0.0,12.0,0.0,0.0,7.0,18.0,1.0,0.0,0.0,0.0,0.0
-395,21.0,2.0,0.0,0.0,0.0,0.0,9.0,0.0,0.0,0.0,0.0,0.0,12.0,0.0,0.0,7.0,18.0,1.0,0.0,0.0,0.0,0.0
-394,21.0,2.0,0.0,0.0,0.0,0.0,9.0,0.0,0.0,0.0,0.0,0.0,12.0,0.0,0.0,7.0,18.0,1.0,0.0,0.0,0.0,0.0
-393,21.0,2.0,0.0,0.0,0.0,0.0,9.0,0.0,0.0,0.0,0.0,0.0,12.0,0.0,0.0,7.0,18.0,1.0,0.0,0.0,0.0,0.0
-392,21.0,2.0,0.0,0.0,0.0,0.0,9.0,0.0,0.0,0.0,0.0,0.0,12.0,0.0,0.0,7.0,18.0,1.0,0.0,0.0,0.0,0.0
-391,21.0,2.0,0.0,0.0,0.0,0.0,9.0,0.0,0.0,0.0,0.0,0.0,12.0,0.0,0.0,7.0,18.0,1.0,0.0,0.0,0.0,0.0
-390,21.0,2.0,0.0,0.0,0.0,0.0,9.0,0.0,0.0,0.0,0.0,0.0,12.0,0.0,0.0,7.0,18.0,1.0,0.2857142857142857,0.0,0.0,0.0
-389,21.0,2.0,0.0,0.0,0.0,0.0,9.0,0.0,0.0,0.0,0.0,0.0,12.0,0.0,0.0,7.0,18.0,1.0,0.5714285714285714,0.0,0.0,0.0
-388,21.0,2.0,0.0,0.0,0.0,0.0,9.0,0.0,0.0,0.0,0.0,0.0,12.0,0.0,0.0,7.0,18.0,1.0,0.8571428571428571,0.0,0.0,0.0
-387,21.0,2.0,0.0,0.0,0.0,0.0,9.0,0.0,0.0,0.0,0.0,0.0,12.0,0.0,0.0,7.0,18.0,1.0,1.1428571428571428,0.0,0.0,0.0
-386,21.0,2.0,0.0,0.0,0.0,0.0,9.0,0.0,0.0,0.0,0.0,0.0,12.0,0.0,0.0,7.0,18.0,1.0,1.4285714285714284,0.0,0.0,0.0
-385,21.0,2.0,0.0,0.0,0.0,0.0,9.0,0.0,0.0,0.0,0.0,0.0,12.0,0.0,0.0,7.0,18.0,1.0,1.7142857142857142,0.0,0.0,0.0
-384,21.0,2.0,0.0,0.0,0.0,0.0,9.0,0.0,0.0,0.0,0.0,0.0,12.0,0.0,0.0,7.0,18.0,1.0,2.0,0.0,0.0,0.0
-383,21.0,2.0,0.0,0.0,0.0,0.0,9.0,0.0,0.0,0.0,0.0,0.0,12.0,0.0,0.0,7.0,18.0,1.0,2.0,0.0,0.0,0.0
-382,21.0,2.0,0.0,0.0,0.0,0.0,9.0,0.0,0.0,0.0,0.0,0.0,12.0,0.0,0.0,7.0,18.0,1.0,2.0,0.0,0.0,0.0
-381,21.0,2.0,0.0,0.0,0.0,0.0,9.0,0.0,0.0,0.0,0.0,0.0,12.0,0.0,0.0,7.0,18.0,1.0,2.0,0.0,0.0,0.0
-380,21.0,2.0,0.0,0.0,0.0,0.0,9.0,0.0,0.0,0.0,0.0,0.0,12.0,0.0,0.0,7.0,18.0,1.0,2.0,0.0,0.0,0.0
-379,21.0,2.0,0.0,0.0,0.0,0.0,9.0,0.0,0.0,0.0,0.0,0.0,12.0,0.0,0.0,7.0,18.0,1.0,2.0,0.0,0.0,0.0
-378,21.0,2.0,0.0,0.0,0.0,0.0,9.0,0.0,0.0,0.0,0.0,0.0,12.0,0.0,0.0,7.0,18.0,1.0,2.0,0.0,0.0,0.0
-377,21.0,2.0,0.0,0.0,0.0,0.0,9.0,0.0,0.0,0.0,0.0,0.0,12.0,0.0,0.0,7.0,18.0,1.0,2.0,0.0,0.0,0.0
-376,21.0,2.0,0.0,0.0,0.0,0.0,9.0,0.0,0.0,0.0,0.0,0.0,12.0,0.0,0.0,7.0,18.0,1.0,2.0,0.0,0.0,0.0
-375,21.0,2.0,0.0,0.0,0.0,0.0,9.0,0.0,0.0,0.0,0.0,0.0,12.0,0.0,0.0,7.0,18.0,1.0,2.0,0.0,0.0,0.0
-374,21.0,2.0,0.0,0.0,0.0,0.0,9.0,0.0,0.0,0.0,0.0,0.0,12.0,0.0,0.0,7.0,18.0,1.0,2.0,0.0,0.0,0.0
-373,21.0,2.0,0.0,0.0,0.0,0.0,9.0,0.0,0.0,0.0,0.0,0.0,12.0,0.0,0.0,7.0,18.0,1.0,2.0,0.0,0.0,0.0
-372,21.0,2.0,0.0,0.0,0.0,0.0,9.0,0.0,0.0,0.0,0.0,0.0,12.0,0.0,0.0,7.0,18.0,1.0,2.0,0.0,0.0,0.0
-371,21.0,2.0,0.0,0.0,0.0,0.0,9.0,0.0,0.0,0.0,0.0,0.0,12.0,0.0,0.0,7.0,18.0,1.0,2.0,0.0,0.0,0.0
-370,21.0,2.0,0.0,0.0,0.0,0.0,9.0,0.0,0.0,0.0,0.0,0.0,12.0,0.0,0.0,7.0,18.0,1.0,2.0,0.0,0.0,0.0
-369,21.0,2.0,0.0,0.0,0.0,0.0,9.0,0.0,0.0,0.0,0.0,0.0,12.0,0.0,0.0,7.0,18.0,1.0,2.0,0.0,0.0,0.0
-368,21.0,2.0,0.0,0.0,0.0,0.0,9.0,0.0,0.0,0.0,0.0,0.0,12.0,0.0,0.0,7.0,18.0,1.0,2.0,0.0,0.0,0.0
-367,21.0,2.0,0.0,0.0,0.0,0.0,9.0,0.0,0.0,0.0,0.0,0.0,12.0,0.0,0.0,7.0,18.0,1.0,2.0,0.0,0.0,0.0
-366,21.0,2.0,0.0,0.0,0.0,0.0,9.0,0.0,0.0,0.0,0.0,0.0,12.0,0.0,0.0,7.0,18.0,1.0,2.0,0.0,0.0,0.0
-365,21.0,2.0,0.0,0.0,0.0,0.0,9.0,0.0,0.0,0.0,0.0,0.0,12.0,0.0,0.0,7.0,18.0,1.0,2.0,0.0,0.0,0.0
-364,21.0,2.0,0.0,0.0,0.0,0.0,9.0,0.0,0.0,0.0,0.0,0.0,12.0,0.0,0.0,7.0,18.0,1.0,2.0,0.0,0.0,0.0
-363,21.0,2.0,0.0,0.0,0.0,0.0,9.0,0.0,0.0,0.0,0.0,0.0,12.0,0.0,0.0,7.0,18.0,1.0,2.0,0.0,0.0,0.0
-362,21.0,2.0,0.0,0.0,0.0,0.0,9.0,0.0,0.0,0.0,0.0,0.0,12.0,0.0,0.0,7.0,18.0,1.0,2.0,0.0,0.0,0.0
-361,21.0,2.0,0.0,0.0,0.0,0.0,9.0,0.0,0.0,0.0,0.0,0.0,12.0,0.0,0.0,7.0,18.0,1.0,2.0,0.0,0.0,0.0
-360,21.0,2.0,0.0,0.0,0.0,0.0,9.0,0.0,0.0,0.0,0.0,0.0,12.0,0.0,0.0,7.0,18.0,1.0,2.0,0.0,0.0,0.0
-359,21.0,2.0,0.0,0.0,0.0,0.0,9.0,0.0,0.0,0.0,0.0,0.0,12.0,0.0,0.0,7.0,18.0,1.0,2.0,0.0,0.0,0.0
-358,21.0,2.0,0.0,0.0,0.0,0.0,9.0,0.0,0.0,0.0,0.0,0.0,12.0,0.0,0.0,7.0,18.0,1.0,2.0,0.0,0.0,0.0
-357,21.0,2.0,0.0,0.0,0.0,0.0,9.0,0.0,0.0,0.0,0.0,0.0,12.0,0.0,0.0,7.0,18.0,1.0,2.0,0.0,0.0,0.0
-356,21.0,2.0,0.0,0.0,0.0,0.0,9.0,0.0,0.0,0.0,0.0,0.0,12.0,0.0,0.0,7.0,18.0,1.0,2.0,0.0,0.0,0.0
-355,21.0,2.0,0.0,0.0,0.0,0.0,9.0,0.0,0.0,0.0,0.0,0.0,12.0,0.0,0.0,7.0,18.0,1.0,2.0,0.0,0.0,0.0
-354,21.0,2.0,0.0,0.0,0.0,0.0,9.0,0.0,0.0,0.0,0.0,0.0,12.0,0.0,0.0,7.0,18.0,1.0,2.0,0.0,0.0,0.0
-353,21.0,2.0,0.0,0.0,0.0,0.0,9.0,0.0,0.0,0.0,0.0,0.0,12.0,0.0,0.0,7.0,18.0,1.0,2.0,0.0,0.0,0.0
-352,21.0,2.0,0.0,0.0,0.0,0.0,9.0,0.0,0.0,0.0,0.0,0.0,12.0,0.0,0.0,7.0,18.0,1.0,2.0,0.0,0.0,0.0
-351,21.0,2.0,0.0,0.0,0.0,0.0,9.0,0.0,0.0,0.0,0.0,0.0,12.0,0.0,0.0,7.0,18.0,1.0,2.0,0.0,0.0,0.0
-350,21.0,2.0,0.0,0.0,0.0,0.0,9.0,0.0,0.0,0.0,0.0,0.0,12.0,0.0,0.0,7.0,18.0,1.0,2.0,0.0,0.0,0.0
-349,21.0,2.0,0.0,0.0,0.0,0.0,9.0,0.0,0.0,0.0,0.0,0.0,12.0,0.0,0.0,7.0,18.0,1.0,2.0,0.0,0.0,0.0
-348,21.0,2.0,0.0,0.0,0.0,0.0,9.0,0.0,0.0,0.0,0.0,0.0,12.0,0.0,0.0,7.0,18.0,1.0,2.0,0.0,0.0,0.0
-347,21.0,2.0,0.0,0.0,0.0,0.0,9.0,0.0,0.0,0.0,0.0,0.0,12.0,0.0,0.0,7.0,18.0,1.0,2.0,0.0,0.0,0.0
-346,21.0,2.0,0.0,0.0,0.0,0.0,9.0,0.0,0.0,0.0,0.0,0.0,12.0,0.0,0.0,7.0,18.0,1.0,2.0,0.0,0.0,0.0
-345,21.0,2.0,0.0,0.0,0.0,0.0,9.0,0.0,0.0,0.0,0.0,0.0,12.0,0.0,0.0,7.0,18.0,1.0,2.0,0.0,0.0,0.0
-344,21.0,2.0,0.0,0.0,0.0,0.0,9.0,0.0,0.0,0.0,0.0,0.0,12.0,0.0,0.0,7.0,18.0,1.0,2.0,0.0,0.0,0.0
-343,21.0,2.0,0.0,0.0,0.0,0.0,9.0,0.0,0.0,0.0,0.0,0.0,12.0,0.0,0.0,7.0,18.0,1.0,2.0,0.0,0.0,0.0
-342,21.0,2.0,0.0,0.0,0.0,0.0,8.923076923076923,0.0,0.0,0.0,0.0,0.0,12.0,0.0,0.0,7.0,18.0,1.0,2.0,0.0,0.0,0.0
-341,21.0,2.0,0.0,0.0,0.0,0.0,8.846153846153847,0.0,0.0,0.0,0.0,0.0,12.0,0.0,0.0,7.0,18.0,1.0,2.0,0.0,0.0,0.0
-340,21.0,2.0,0.0,0.0,0.0,0.0,8.76923076923077,0.0,0.0,0.0,0.0,0.0,12.0,0.0,0.0,7.0,18.0,1.0,2.0,0.0,0.0,0.0
-339,21.0,2.0,0.0,0.0,0.0,0.0,8.692307692307692,0.0,0.0,0.0,0.0,0.0,12.0,0.0,0.0,7.0,18.0,1.0,2.0,0.0,0.0,0.0
-338,21.0,2.0,0.0,0.0,0.0,0.0,8.615384615384615,0.0,0.0,0.0,0.0,0.0,12.0,0.0,0.0,7.0,18.0,1.0,2.0,0.0,0.0,0.0
-337,21.0,2.0,0.0,0.0,0.0,0.0,8.538461538461538,0.0,0.0,0.0,0.0,0.0,12.0,0.0,0.0,7.0,18.0,1.0,2.0,0.0,0.0,0.0
-336,21.0,2.0,0.0,0.0,0.0,0.0,8.461538461538462,0.0,0.0,0.0,0.0,0.0,12.0,0.0,0.0,7.0,18.0,1.0,2.0,0.0,0.0,0.0
-335,21.0,2.0,0.0,0.0,0.0,0.0,8.384615384615385,0.0,0.0,0.0,0.0,0.0,12.0,0.0,0.0,7.0,18.0,1.0,2.0,0.0,0.0,0.0
-334,21.0,2.0,0.0,0.0,0.0,0.0,8.307692307692308,0.0,0.0,0.0,0.0,0.0,12.0,0.0,0.0,7.0,18.0,1.0,2.0,0.0,0.0,0.0
-333,21.0,2.0,0.0,0.0,0.0,0.0,8.23076923076923,0.0,0.0,0.0,0.0,0.0,12.0,0.0,0.0,7.0,18.0,1.0,2.0,0.0,0.0,0.0
-332,21.0,2.0,0.0,0.0,0.0,0.0,8.153846153846153,0.0,0.0,0.0,0.0,0.0,12.0,0.0,0.0,7.0,18.0,1.0,2.0,0.0,0.0,0.0
-331,21.0,2.0,0.0,0.0,0.0,0.0,8.076923076923077,0.0,0.0,0.0,0.0,0.0,12.0,0.0,0.0,7.0,18.0,1.0,2.0,0.0,0.0,0.0
-330,21.0,2.0,0.0,0.0,0.0,0.0,8.0,0.0,0.0,0.0,0.0,0.0,12.0,0.0,0.0,7.0,18.0,1.0,2.0,0.0,0.0,0.0
-329,21.0,2.0,0.0,0.0,0.0,0.0,8.071428571428571,0.0,0.0,0.0,0.0,0.0,12.0,0.0,0.0,7.0,18.0,1.0,2.0,0.0,0.0,0.0
-328,21.0,2.0,0.0,0.0,0.0,0.0,8.142857142857142,0.0,0.0,0.0,0.0,0.0,12.0,0.0,0.0,7.0,18.0,1.0,2.0,0.0,0.0,0.0
-327,21.0,2.0,0.0,0.0,0.0,0.0,8.214285714285714,0.0,0.0,0.0,0.0,0.0,12.0,0.0,0.0,7.0,18.0,1.0,2.0,0.0,0.0,0.0
-326,21.0,2.0,0.0,0.0,0.0,0.0,8.285714285714286,0.0,0.0,0.0,0.0,0.0,12.0,0.0,0.0,7.0,18.0,1.0,2.0,0.0,0.0,0.0
-325,21.0,2.0,0.0,0.0,0.0,0.0,8.357142857142858,0.0,0.0,0.0,0.0,0.0,12.0,0.0,0.0,7.0,18.0,1.0,2.0,0.0,0.0,0.0
-324,21.0,2.0,0.0,0.0,0.0,0.0,8.428571428571429,0.0,0.0,0.0,0.0,0.0,12.0,0.0,0.0,7.0,18.0,1.0,2.0,0.0,0.0,0.0
-323,21.0,2.0,0.0,0.0,0.0,0.0,8.5,0.0,0.0,0.0,0.0,0.0,12.0,0.0,0.0,7.0,18.0,1.0,2.0,0.0,0.0,0.0
-322,21.0,2.0,0.0,0.0,0.0,0.0,8.571428571428571,0.0,0.0,0.0,0.0,0.0,12.0,0.0,0.0,7.0,18.0,1.0,2.0,0.0,0.0,0.0
-321,21.0,2.0,0.0,0.0,0.0,0.0,8.642857142857142,0.0,0.0,0.0,0.0,0.0,12.0,0.0,0.0,7.0,18.0,1.0,2.0,0.0,0.0,0.0
-320,21.0,2.0,0.0,0.0,0.0,0.0,8.714285714285714,0.0,0.0,0.0,0.0,0.0,12.0,0.0,0.0,7.0,18.0,1.0,2.0,0.0,0.0,0.0
-319,21.0,2.0,0.0,0.0,0.0,0.0,8.785714285714286,0.0,0.0,0.0,0.0,0.0,12.11111111111111,0.0,0.0,7.0,18.0,1.0,2.0,0.0,0.0,0.0
-318,21.0,2.0,0.0,0.0,0.0,0.0,8.857142857142858,0.0,0.0,0.0,0.0,0.0,12.222222222222221,0.0,0.0,7.0,18.0,1.0,2.0,0.0,0.0,0.0
-317,21.0,2.0,0.0,0.0,0.0,0.0,8.928571428571429,0.0,0.0,0.0,0.0,0.0,12.333333333333334,0.0,0.0,7.0,18.0,1.0,2.0,0.0,0.0,0.0
-316,21.0,2.0,0.0,0.0,0.0,0.0,9.0,0.0,0.0,0.0,0.0,0.0,12.444444444444445,0.0,0.0,7.0,18.0,1.0,2.0,0.0,0.0,0.0
-315,21.0,2.0,0.0,0.0,0.0,0.0,8.0,0.0,0.0,0.0,0.0,0.0,12.555555555555555,0.0,0.0,7.0,18.0,1.0,2.0,0.0,0.0,0.0
-314,21.0,2.0,0.0,0.0,0.0,0.0,8.066666666666666,0.0,0.0,0.0,0.0,0.0,12.666666666666666,0.0,0.0,7.0,18.0,1.0,2.0,0.0,0.0,0.0
-313,21.0,2.0,0.0,0.0,0.0,0.0,8.133333333333333,0.0,0.0,0.0,0.0,0.0,12.777777777777779,0.0,0.0,7.0,18.0,1.0,2.0,0.0,0.0,0.0
-312,21.0,2.0,0.0,0.0,0.0,0.0,8.2,0.0,0.0,0.0,0.0,0.0,12.88888888888889,0.0,0.0,7.0,18.0,1.0,2.0,0.0,0.0,0.0
-311,21.0,2.0,0.0,0.0,0.0,0.0,8.266666666666667,0.0,0.0,0.0,0.0,0.0,13.0,0.0,0.0,7.0,18.0,1.0,2.0,0.0,0.0,0.0
-310,21.0,2.0,0.0,0.0,0.0,0.0,8.333333333333334,0.0,0.0,0.0,0.0,0.0,13.0,0.0,0.0,7.0,18.0,1.0,2.0,0.0,0.0,0.0
-309,21.0,2.0,0.0,0.0,0.0,0.0,8.4,0.0,0.0,0.0,0.0,0.0,13.0,0.0,0.0,7.0,18.0,1.0,2.0,0.0,0.0,0.0
-308,21.0,2.0,0.0,0.0,0.0,0.0,8.466666666666667,0.0,0.0,0.0,0.0,0.0,13.0,0.0,0.0,7.0,18.0,1.0,2.0,0.0,0.0,0.0
-307,21.0,2.0,0.0,0.0,0.0,0.0,8.533333333333333,0.0,0.0,0.0,0.0,0.0,13.0,0.0,0.0,7.0,18.0,1.0,2.0,0.0,0.0,0.0
-306,21.0,2.0,0.0,0.0,0.0,0.0,8.6,0.0,0.0,0.0,0.0,0.0,13.0,0.0,0.0,7.0,18.0,1.0,2.0,0.0,0.0,0.0
-305,21.0,2.0,0.0,0.0,0.0,0.0,8.666666666666666,0.0,0.0,0.0,0.0,0.0,13.0,0.0,0.0,7.0,18.0,1.0,2.0,0.0,0.0,0.0
-304,21.0,2.0,0.0,0.0,0.0,0.0,8.733333333333333,0.0,0.0,0.0,0.0,0.0,13.0,0.0,0.0,7.0,18.0,1.0,2.0,0.0,0.0,0.0
-303,21.0,2.0,0.0,0.0,0.0,0.0,8.8,0.0,0.0,0.0,0.0,0.0,13.0,0.0,0.0,7.0,18.0,1.0,2.0,0.0,0.0,0.0
-302,21.0,2.0,0.0,0.0,0.0,0.0,8.866666666666667,0.0,0.0,0.0,0.0,0.0,13.0,0.0,0.0,7.0,18.0,1.0,2.0,0.0,0.0,0.0
-301,21.0,2.0,0.0,0.0,0.0,0.0,8.933333333333334,0.0,0.0,0.0,0.0,0.0,13.0,0.0,0.0,7.0,18.0,1.0,2.0,0.0,0.0,0.0
-300,21.0,2.0,0.0,0.0,0.0,0.0,9.0,0.0,0.0,0.0,0.0,0.0,12.96774193548387,0.0,0.0,7.0,18.0,1.0,2.0,0.0,0.0,0.0
-299,21.0,2.0,0.0,0.0,0.0,0.0,9.0,0.0,0.0,0.0,0.0,0.0,12.935483870967742,0.0,0.0,7.0,18.0,1.0,2.0,0.0,0.0,0.0
-298,21.0,2.0,0.0,0.0,0.0,0.0,9.0,0.0,0.0,0.0,0.0,0.0,12.903225806451612,0.0,0.0,7.0,18.0,1.0,2.0,0.0,0.0,0.0
-297,21.0,2.0,0.0,0.0,0.0,0.0,9.0,0.0,0.0,0.0,0.0,0.0,12.870967741935484,0.0,0.0,7.0,18.0,1.0,2.0,0.0,0.0,0.0
-296,21.0,2.0,0.0,0.0,0.0,0.0,9.0,0.0,0.0,0.0,0.0,0.0,12.838709677419354,0.0,0.0,7.0,18.0,1.0,2.0,0.0,0.0,0.0
-295,21.0,2.0,0.0,0.0,0.0,0.0,9.0,0.0,0.0,0.0,0.0,0.0,12.806451612903226,0.0,0.0,7.0,18.0,1.0,2.0,0.0,0.0,0.0
-294,21.0,2.0,0.0,0.0,0.0,0.0,9.0,0.0,0.0,0.0,0.0,0.0,12.774193548387096,0.0,0.0,7.0,18.0,1.0,2.0,0.0,0.0,0.0
-293,21.0,2.0,0.0,0.0,0.0,0.0,9.0,0.0,0.0,0.0,0.0,0.0,12.741935483870968,0.0,0.0,7.0,18.0,1.0,2.0,0.0,0.0,0.0
-292,21.0,2.0,0.0,0.0,0.0,0.0,9.0,0.0,0.0,0.0,0.0,0.0,12.709677419354838,0.0,0.0,7.0,18.0,1.0,2.0,0.0,0.0,0.0
-291,21.0,2.0,0.0,0.0,0.0,0.0,9.0,0.0,0.0,0.0,0.0,0.0,12.67741935483871,0.0,0.0,7.0,18.0,1.0,2.0,0.0,0.0,0.0
-290,21.0,2.0,0.0,0.0,0.0,0.0,9.0,0.0,0.0,0.0,0.0,0.0,12.64516129032258,0.0,0.0,7.0,18.0,1.0,2.0,0.0,0.0,0.0
-289,21.0,2.0,0.0,0.0,0.0,0.0,9.0,0.0,0.0,0.0,0.0,0.0,12.612903225806452,0.0,0.0,7.0,18.0,1.0,2.0,0.0,0.0,0.0
-288,21.0,2.0,0.0,0.0,0.0,0.0,9.0,0.0,0.0,0.0,0.0,0.0,12.580645161290322,0.0,0.0,7.0,18.0,1.0,2.0,0.0,0.0,0.0
-287,21.0,2.0,0.0,0.0,0.0,0.0,9.0,0.0,0.0,0.0,0.0,0.0,12.548387096774194,0.0,0.0,7.0,18.0,1.0,2.0,0.0,0.0,0.0
-286,21.0,2.0,0.0,0.0,0.0,0.0,9.0,0.0,0.0,0.0,0.0,0.0,12.516129032258064,0.0,0.0,7.0,18.0,1.0,2.0,0.0,0.0,0.0
-285,21.0,2.0,0.0,0.0,0.0,0.0,9.0,0.0,0.0,0.0,0.0,0.0,12.483870967741936,0.0,0.0,7.0,18.0,1.0,2.0,0.0,0.0,0.0
-284,21.0,2.0,0.0,0.0,0.0,0.0,9.0,0.0,0.0,0.0,0.0,0.0,12.451612903225806,0.0,0.0,7.0,18.0,1.0,2.0,0.0,0.0,0.0
-283,21.0,2.0,0.0,0.0,0.0,0.0,8.928571428571429,0.0,0.0,0.0,0.0,0.0,12.419354838709678,0.0,0.0,7.0,18.0,1.0,2.0,0.0,0.0,0.0
-282,21.0,2.0,0.0,0.0,0.0,0.0,8.857142857142858,0.0,0.0,0.0,0.0,0.0,12.387096774193548,0.0,0.0,7.0,18.0,1.0,2.0,0.0,0.0,0.0
-281,21.0,2.0,0.0,0.0,0.0,0.0,8.785714285714286,0.0,0.0,0.0,0.0,0.0,12.35483870967742,0.0,0.0,7.0,18.0,1.0,2.0,0.0,0.0,0.0
-280,21.0,2.0,0.0,0.0,0.0,0.0,8.714285714285714,0.0,0.0,0.0,0.0,0.0,12.32258064516129,0.0,0.0,7.0,18.0,1.0,2.0,0.0,0.0,0.0
-279,21.0,2.0,0.0,0.0,0.0,0.0,8.642857142857142,0.0,0.0,0.0,0.0,0.0,12.290322580645162,0.0,0.0,7.0,18.0,1.0,2.0,0.0,0.0,0.0
-278,21.0,2.0,0.0,0.0,0.0,0.0,8.571428571428571,0.0,0.0,0.0,0.0,0.0,12.258064516129032,0.0,0.0,7.0,18.0,1.0,2.0,0.0,0.0,0.0
-277,21.0,2.0,0.0,0.0,0.0,0.0,8.5,0.0,0.0,0.0,0.0,0.0,12.225806451612904,0.0,0.0,7.0,18.0,1.0,2.0,0.0,0.0,0.0
-276,21.0,2.0,0.0,0.0,0.0,0.0,8.428571428571429,0.0,0.0,0.0,0.0,0.0,12.193548387096774,0.0,0.0,7.0,18.0,1.0,2.0,0.0,0.0,0.0
-275,21.0,2.0,0.0,0.0,0.0,0.0,8.357142857142858,0.0,0.0,0.0,0.0,0.0,12.161290322580646,0.0,0.0,7.0,18.0,1.0,2.0,0.0,0.0,0.0
-274,21.0,2.0,0.0,0.0,0.0,0.0,8.285714285714286,0.0,0.0,0.0,0.0,0.0,12.129032258064516,0.0,0.0,7.0,18.0,1.0,2.0,0.0,0.0,0.0
-273,21.0,2.0,0.0,0.0,0.0,0.0,8.214285714285714,0.0,0.0,0.0,0.0,0.0,12.096774193548388,0.0,0.0,7.0,18.0,1.0,2.0,0.0,0.0,0.0
-272,21.0,2.0,0.0,0.0,0.0,0.0,8.142857142857142,0.0,0.0,0.0,0.0,0.0,12.064516129032258,0.0,0.0,7.0,18.0,1.0,2.0,0.0,0.0,0.0
-271,21.0,2.0,0.0,0.0,0.0,0.0,8.071428571428571,0.0,0.0,0.0,0.0,0.0,12.032258064516128,0.0,0.0,7.0,18.0,1.0,2.0,0.0,0.0,0.0
-270,21.0,2.0,0.0,0.0,0.0,0.0,8.0,0.0,0.0,0.0,0.0,0.0,12.0,0.0,0.0,7.0,18.0,1.0,2.0,0.0,0.0,0.0
-269,21.0,2.0,0.0,0.0,0.0,0.0,8.0,0.0,0.0,0.0,0.0,0.0,12.090909090909092,0.0,0.0,7.0,18.0,1.0,2.0,0.0,0.0,0.0
-268,21.0,2.0,0.0,0.0,0.0,0.0,8.0,0.0,0.0,0.0,0.0,0.0,12.181818181818182,0.0,0.0,7.0,18.0,1.0,2.0,0.0,0.0,0.0
-267,21.0,2.0,0.0,0.0,0.0,0.0,8.0,0.0,0.0,0.0,0.0,0.0,12.272727272727273,0.0,0.0,7.0,18.0,1.0,2.0,0.0,0.0,0.0
-266,21.0,2.0,0.0,0.0,0.0,0.0,8.0,0.0,0.0,0.0,0.0,0.0,12.363636363636363,0.0,0.0,7.0,18.0,1.0,2.0,0.0,0.0,0.0
-265,21.0,2.0,0.0,0.0,0.0,0.0,8.0,0.0,0.0,0.0,0.0,0.0,12.454545454545455,0.0,0.0,7.0,18.0,1.0,2.0,0.0,0.0,0.0
-264,21.0,2.0,0.0,0.0,0.0,0.0,8.0,0.0,0.0,0.0,0.0,0.0,12.545454545454545,0.0,0.0,7.0,18.0,1.0,2.0,0.0,0.0,0.0
-263,21.0,2.0,0.0,0.0,0.0,0.0,8.0,0.0,0.0,0.0,0.0,0.0,12.636363636363637,0.0,0.0,7.0,18.0,1.0,2.0,0.0,0.0,0.0
-262,21.0,2.0,0.0,0.0,0.0,0.0,8.0,0.0,0.0,0.0,0.0,0.0,12.727272727272727,0.0,0.0,7.0,18.0,1.0,2.0,0.0,0.0,0.0
-261,21.0,2.0,0.0,0.0,0.0,0.0,8.0,0.0,0.0,0.0,0.0,0.0,12.818181818181818,0.0,0.0,7.0,18.0,1.0,2.0,0.0,0.0,0.0
-260,21.0,2.0,0.0,0.0,0.0,0.0,8.0,0.0,0.0,0.0,0.0,0.0,12.90909090909091,0.0,0.0,7.0,18.0,1.0,2.0,0.0,0.0,0.0
-259,21.0,2.0,0.0,0.0,0.0,0.0,8.0,0.0,0.0,0.0,0.0,0.0,13.0,0.0,0.0,7.0,18.0,1.0,2.0,0.0,0.0,0.0
-258,21.0,2.0,0.0,0.0,0.0,0.0,8.0,0.0,0.0,0.0,0.0,0.0,13.0,0.0,0.0,7.0,18.0,1.0,2.0,0.0,0.0,0.0
-257,21.0,2.0,0.0,0.0,0.0,0.0,8.0,0.0,0.0,0.0,0.0,0.0,13.0,0.0,0.0,7.0,18.0,1.0,2.0,0.0,0.0,0.0
-256,21.0,2.0,0.0,0.0,0.0,0.0,8.052631578947368,0.0,0.0,0.0,0.0,0.0,13.0,0.0,0.0,7.0,18.0,1.0,2.0,0.0,0.0,0.0
-255,21.0,2.0,0.0,0.0,0.0,0.0,8.105263157894736,0.0,0.0,0.0,0.0,0.0,13.0,0.0,0.0,7.0,18.0,1.0,2.0,0.0,0.0,0.0
-254,21.0,2.0,0.0,0.0,0.0,0.0,8.157894736842104,0.0,0.0,0.0,0.0,0.0,13.0,0.0,0.0,7.0,18.0,1.0,2.0,0.0,0.0,0.0
-253,21.0,2.0,0.0,0.0,0.0,0.0,8.210526315789474,0.0,0.0,0.0,0.0,0.0,13.0,0.0,0.0,7.0,18.0,1.0,2.0,0.0,0.0,0.0
-252,21.0,2.0,0.0,0.0,0.0,0.0,8.263157894736842,0.0,0.0,0.0,0.0,0.0,13.0,0.0,0.0,7.0,18.0,1.0,2.0,0.0,0.0,0.0
-251,21.0,2.0,0.0,0.0,0.0,0.0,8.31578947368421,0.0,0.0,0.0,0.0,0.0,13.0,0.0,0.0,7.0,18.0,1.0,2.0,0.0,0.0,0.0
-250,21.0,2.0,0.0,0.0,0.0,0.0,8.368421052631579,0.0,0.0,0.0,0.0,0.0,13.0,0.0,0.0,7.0,18.0,1.0,2.0,0.0,0.0,0.0
-249,21.0,2.0,0.0,0.0,0.0,0.0,8.421052631578947,0.0,0.0,0.0,0.0,0.0,13.0,0.0,0.0,7.0,18.0,1.0,2.0,0.0,0.0,0.0
-248,21.0,2.0,0.0,0.0,0.0,0.0,8.473684210526315,0.0,0.0,0.0,0.0,0.0,13.0,0.0,0.0,7.0,18.0,1.0,2.0,0.0,0.0,0.0
-247,21.0,2.0,0.0,0.0,0.0,0.0,8.526315789473685,0.0,0.0,0.0,0.0,0.0,13.0,0.0,0.0,7.0,18.0,1.0,2.0,0.0,0.0,0.0
-246,21.0,2.0,0.0,0.0,0.0,0.0,8.578947368421053,0.0,0.0,0.0,0.0,0.0,13.0,0.0,0.0,7.0,18.0,1.0,2.0,0.0,0.0,0.0
-245,21.0,2.0,0.0,0.0,0.0,0.0,8.631578947368421,0.0,0.0,0.0,0.0,0.0,13.0,0.0,0.0,7.0,18.0,1.0,2.0,0.0,0.0,0.0
-244,21.0,2.0,0.0,0.0,0.0,0.0,8.68421052631579,0.0,0.0,0.0,0.0,0.0,13.0,0.0,0.0,7.0,18.0,1.0,2.0,0.0,0.0,0.0
-243,21.0,2.0,0.0,0.0,0.0,0.0,8.736842105263158,0.0,0.0,0.0,0.0,0.0,13.0,0.0,0.0,7.0,18.0,1.0,2.0,0.0,0.0,0.0
-242,21.0,2.0,0.0,0.0,0.0,0.0,8.789473684210526,0.0,0.0,0.0,0.0,0.0,13.0,0.0,0.0,7.0,18.0,1.0,2.0,0.0,0.0,0.0
-241,21.0,2.0,0.0,0.0,0.0,0.0,8.842105263157894,0.0,0.0,0.0,0.0,0.0,13.0,0.0,0.0,7.0,18.0,1.0,2.0,0.0,0.0,0.0
-240,21.0,2.0,0.0,0.0,0.0,0.0,8.894736842105264,0.0,0.0,0.0,0.0,0.0,13.0,0.0,0.0,7.0,18.0,1.0,2.0,0.0,0.0,0.0
-239,21.0,2.0,0.0,0.0,0.0,0.0,8.947368421052632,0.0,0.0,0.0,0.0,0.0,13.0,0.0,0.0,7.0,18.0,1.0,2.0,0.0,0.0,0.0
-238,21.0,2.0,0.0,0.0,0.0,0.0,9.0,0.0,0.0,0.0,0.0,0.0,13.0,0.0,0.0,7.0,18.0,1.0,2.0,0.0,0.0,0.0
-237,21.0,2.0,0.0,0.0,0.0,0.0,9.0,0.0,0.0,0.0,0.0,0.0,13.0,0.0,0.0,7.0,18.0,1.0,2.0,0.0,0.0,0.0
-236,21.0,2.0,0.0,0.0,0.0,0.0,9.0,0.0,0.0,0.0,0.0,0.0,13.0,0.0,0.0,7.0,18.0,1.0,2.0,0.0,0.0,0.0
-235,21.0,2.0,0.0,0.0,0.0,0.0,9.0,0.0,0.0,0.0,0.0,0.0,13.0,0.0,0.0,7.0,18.0,1.0,2.0,0.0,0.0,0.0
-234,21.0,2.0,0.0,0.0,0.0,0.0,9.0,0.0,0.0,0.0,0.0,0.0,13.0,0.0,0.0,7.0,18.0,1.0,2.0,0.0,0.0,0.0
-233,21.0,2.0,0.0,0.0,0.0,0.0,9.0,0.0,0.0,0.0,0.0,0.0,13.0,0.0,0.0,7.0,18.0,1.0,2.0,0.0,0.0,0.0
-232,21.0,2.0,0.0,0.0,0.0,0.0,9.0,0.0,0.0,0.0,0.0,0.0,13.0,0.0,0.0,7.0,18.0,1.0,2.0,0.0,0.0,0.0
-231,21.0,2.0,0.0,0.0,0.0,0.0,9.0,0.0,0.0,0.0,0.0,0.0,13.0,0.0,0.0,7.0,18.0,1.0,2.0,0.0,0.0,0.0
-230,21.0,2.0,0.0,0.0,0.0,0.0,9.0,0.0,0.0,0.0,0.0,0.0,13.0,0.0,0.0,7.0,18.0,1.0,2.0,0.0,0.0,0.0
-229,21.0,2.0,0.0,0.0,0.0,0.0,9.0,0.0,0.0,0.0,0.0,0.0,13.0,0.0,0.0,7.0,18.0,1.0,2.0,0.0,0.0,0.0
-228,21.0,2.0,0.0,0.0,0.0,0.0,9.0,0.0,0.0,0.0,0.0,0.0,13.0,0.0,0.0,7.0,18.0,1.0,2.0,0.0,0.0,0.0
-227,21.0,2.0,0.0,0.0,0.0,0.0,9.0,0.0,0.0,0.0,0.0,0.0,13.0,0.0,0.0,7.0,18.0,1.0,2.0,0.0,0.0,0.0
-226,21.0,2.0,0.0,0.0,0.0,0.0,9.0,0.0,0.0,0.0,0.0,0.0,13.0,0.0,0.0,7.0,18.0,1.0,2.0,0.0,0.0,0.0
-225,21.0,2.0,0.0,0.0,0.0,0.0,9.0,0.0,0.0,0.0,0.0,0.0,13.0,0.0,0.0,7.0,18.0,1.0,2.0,0.0,0.0,0.0
-224,21.0,2.0,0.0,0.0,0.0,0.0,9.0,0.0,0.0,0.0,0.0,0.0,13.0,0.0,0.0,7.0,18.0,1.0,2.0,0.0,0.0,0.0
-223,21.0,2.0,0.0,0.0,0.0,0.0,9.0,0.0,0.0,0.0,0.0,0.0,13.0,0.0,0.0,7.0,18.0,1.0,2.0,0.0,0.0,0.0
-222,21.0,2.0,0.0,0.0,0.0,0.0,9.0,0.0,0.0,0.0,0.0,0.0,13.0,0.0,0.0,7.0,18.0,1.0,2.0,0.0,0.0,0.0
-221,21.0,2.0,0.0,0.0,0.0,0.0,9.0,0.0,0.0,0.0,0.0,0.0,13.0,0.0,0.0,7.0,18.0,1.0,2.0,0.0,0.0,0.0
-220,21.0,2.0,0.0,0.0,0.0,0.0,9.0,0.0,0.0,0.0,0.0,0.0,13.0,0.0,0.0,7.0,18.0,1.0,2.0,0.0,0.0,0.0
-219,21.0,2.0,0.0,0.0,0.0,0.0,9.0,0.0,0.0,0.0,0.0,0.0,13.0,0.0,0.0,7.0,18.0,1.0,2.0,0.0,0.0,0.0
-218,21.0,2.0,0.0,0.0,0.0,0.0,9.0,0.0,0.0,0.0,0.0,0.0,13.0,0.0,0.0,7.0,18.0,1.0,2.0,0.0,0.0,0.0
-217,21.0,2.0,0.0,0.0,0.0,0.0,9.0,0.0,0.0,0.0,0.0,0.0,13.0,0.0,0.0,7.0,18.0,1.0,2.0,0.0,0.0,0.0
-216,21.0,2.0,0.0,0.0,0.0,0.0,9.0,0.0,0.0,0.0,0.0,0.0,13.0,0.0,0.0,7.0,18.0,1.0,2.0,0.0,0.0,0.0
-215,21.0,2.0,0.0,0.0,0.0,0.0,9.0,0.0,0.0,0.0,0.0,0.0,13.0,0.0,0.0,7.0,18.0,1.0,2.0,0.0,0.0,0.0
-214,21.0,2.0,0.0,0.0,0.0,0.0,9.0,0.0,0.0,0.0,0.0,0.0,13.0,0.0,0.0,7.0,18.0,1.0,2.0,0.0,0.0,0.0
-213,21.0,2.0,0.0,0.0,0.0,0.0,9.0,0.0,0.0,0.0,0.0,0.0,13.0,0.0,0.0,7.0,18.0,1.0,2.0,0.0,0.0,0.0
-212,21.0,2.0,0.0,0.0,0.0,0.0,9.0,0.0,0.0,0.0,0.0,0.0,13.0,0.0,0.0,7.0,18.0,1.0,2.0,0.0,0.0,0.0
-211,21.0,2.0,0.0,0.0,0.0,0.0,9.0,0.0,0.0,0.0,0.0,0.0,13.0,0.0,0.0,7.0,18.0,1.0,2.0,0.0,0.0,0.0
-210,21.0,2.0,0.0,0.0,0.0,0.0,9.0,0.0,0.0,0.0,0.0,0.0,13.0,0.0,0.0,7.0,18.0,1.0,2.0,0.0,0.0,0.0
-209,21.0,2.0,0.0,0.0,0.0,0.0,9.0,0.0,0.0,0.0,0.0,0.0,13.0,0.0,0.0,7.0,18.0,1.0,2.0,0.0,0.0,0.0
-208,21.0,2.0,0.0,0.0,0.0,0.0,9.0,0.0,0.0,0.0,0.0,0.0,13.0,0.0,0.0,7.0,18.0,1.0,2.0,0.0,0.0,0.0
-207,21.0,2.0,0.0,0.0,0.0,0.0,9.0,0.0,0.0,0.0,0.0,0.0,13.0,0.0,0.0,7.0,18.0,1.0,2.0,0.0,0.0,0.0
-206,21.0,2.0,0.0,0.0,0.0,0.0,9.0,0.0,0.0,0.0,0.0,0.0,13.0,0.0,0.0,7.0,18.0,1.0,2.0,0.0,0.0,0.0
-205,21.0,2.0,0.0,0.0,0.0,0.0,9.0,0.0,0.0,0.0,0.0,0.0,13.0,0.0,0.0,7.0,18.0,1.0,2.0,0.0,0.0,0.0
-204,21.0,2.0,0.0,0.0,0.0,0.0,9.0,0.0,0.0,0.0,0.0,0.0,13.0,0.0,0.0,7.0,18.0,1.0,2.0,0.0,0.0,0.0
-203,21.0,2.0,0.0,0.0,0.0,0.0,9.0,0.0,0.0,0.0,0.0,0.0,13.0,0.0,0.0,7.0,18.0,1.0,2.0,0.0,0.0,0.0
-202,21.0,2.0,0.0,0.0,0.0,0.0,9.0,0.0,0.0,0.0,0.0,0.0,13.0,0.0,0.0,7.0,18.0,1.0,2.0,0.0,0.0,0.0
-201,21.0,2.0,0.0,0.0,0.0,0.0,9.0,0.0,0.0,0.0,0.0,0.0,13.0,0.0,0.0,7.0,18.0,1.0,2.0,0.0,0.0,0.0
-200,21.0,2.0,0.0,0.0,0.0,0.0,9.0,0.0,0.0,0.0,0.0,0.0,13.0,0.0,0.0,7.0,18.0,1.0,2.0,0.0,0.0,0.0
-199,21.0,2.0,0.0,0.0,0.0,0.0,9.0,0.0,0.0,0.0,0.0,0.0,13.0,0.0,0.0,7.0,18.0,1.0,2.0,0.0,0.0,0.0
-198,21.0,2.0,0.0,0.0,0.0,0.0,9.0,0.0,0.0,0.0,0.0,0.0,13.0,0.0,0.0,7.0,18.0,1.0,2.0,0.0,0.0,0.0
-197,21.0,2.0,0.0,0.0,0.0,0.0,9.0,0.0,0.0,0.0,0.0,0.0,13.0,0.0,0.0,7.0,18.0,1.0,2.0,0.0,0.0,0.0
-196,21.0,2.0,0.0,0.0,0.0,0.0,9.0,0.0,0.0,0.0,0.0,0.0,13.0,0.0,0.0,7.0,18.0,1.0,2.0,0.0,0.0,0.0
-195,21.0,2.0,0.0,0.0,0.0,0.0,9.0,0.0,0.0,0.0,0.0,0.0,13.0,0.0,0.0,7.0,18.0,1.0,2.0,0.0,0.0,0.0
-194,21.0,2.0,0.0,0.0,0.0,0.0,9.0,0.0,0.0,0.0,0.0,0.0,13.0,0.0,0.0,7.0,18.0,1.0,2.0,0.0,0.0,0.0
-193,21.0,2.0,0.0,0.0,0.0,0.0,9.0,0.0,0.0,0.0,0.0,0.0,13.0,0.0,0.0,7.0,18.0,1.0,2.0,0.0,0.0,0.0
-192,21.0,2.0,0.0,0.0,0.0,0.0,9.0,0.0,0.0,0.0,0.0,0.0,13.0,0.0,0.0,7.0,18.0,1.0,2.0,0.0,0.0,0.0
-191,21.0,2.0,0.0,0.0,0.0,0.0,9.0,0.0,0.0,0.0,0.0,0.0,13.0,0.0,0.0,7.0,18.0,1.0,2.0,0.0,0.0,0.0
-190,21.0,2.0,0.0,0.0,0.0,0.0,9.0,0.0,0.0,0.0,0.0,0.0,13.0,0.0,0.0,7.0,18.0,1.0,2.0,0.0,0.0,0.0
-189,21.0,2.0,0.0,0.0,0.0,0.0,9.0,0.0,0.0,0.0,0.0,0.0,13.0,0.0,0.0,7.0,18.0,1.0,2.0,0.0,0.0,0.0
-188,21.0,2.0,0.0,0.0,0.0,0.0,9.0,0.0,0.0,0.0,0.0,0.0,13.0,0.0,0.0,7.0,18.0,1.0,2.0,0.0,0.0,0.0
-187,21.0,2.0,0.0,0.0,0.0,0.0,9.0,0.0,0.0,0.0,0.0,0.0,13.0,0.0,0.0,7.0,18.0,1.0,2.0,0.0,0.0,0.0
-186,21.0,2.0,0.0,0.0,0.0,0.0,9.0,0.0,0.0,0.0,0.0,0.0,13.0,0.0,0.0,7.0,18.0,1.0,2.0,0.0,0.0,0.0
-185,21.0,2.0,0.0,0.0,0.0,0.0,9.0,0.0,0.0,0.0,0.0,0.0,13.0,0.0,0.0,7.0,18.0,1.0,2.0,0.0,0.0,0.0
-184,21.0,2.0,0.0,0.0,0.0,0.0,9.0,0.0,0.0,0.0,0.0,0.0,13.0,0.0,0.0,7.0,18.0,1.0,2.0,0.0,0.0,0.0
-183,21.0,2.0,0.0,0.0,0.0,0.0,9.0,0.0,0.0,0.0,0.0,0.0,13.0,0.0,0.0,7.0,18.0,1.0,2.0,0.0,0.0,0.0
-182,21.0,2.0,0.0,0.0,0.0,0.0,9.0,0.0,0.0,0.0,0.0,0.0,13.0,0.0,0.0,7.0,18.0,1.0,2.0,0.0,0.0,0.0
-181,21.0,2.0,0.0,0.0,0.0,0.0,9.0,0.0,0.0,0.0,0.0,0.0,13.0,0.0,0.0,7.0,18.0,1.0,2.0,0.0,0.0,0.0
-180,21.0,2.0,0.0,0.0,0.0,0.0,9.0,0.0,0.0,0.0,0.0,0.0,13.0,0.0,0.0,7.0,18.0,1.0,2.0,0.0,0.0,0.0
-179,21.0,2.0,0.0,0.0,0.0,0.0,9.0,0.0,0.0,0.0,0.0,0.0,13.0,0.0,0.0,7.0,18.0,1.0,2.0,0.0,0.0,0.0
-178,21.0,2.0,0.0,0.0,0.0,0.0,9.0,0.0,0.0,0.0,0.0,0.0,13.0,0.0,0.0,7.0,18.0,1.0,2.0,0.0,0.0,0.0
-177,21.0,2.0,0.0,0.0,0.0,0.0,9.0,0.0,0.0,0.0,0.0,0.0,13.0,0.0,0.0,7.0,18.0,1.0,2.0,0.0,0.0,0.0
-176,21.0,2.0,0.0,0.0,0.0,0.0,9.0,0.0,0.0,0.0,0.0,0.0,13.0,0.0,0.0,7.0,18.0,1.0,2.0,0.0,0.0,0.0
-175,21.0,2.0,0.0,0.0,0.0,0.0,9.0,0.0,0.0,0.0,0.0,0.0,13.0,0.0,0.0,7.0,18.0,1.0,2.0,0.0,0.0,0.0
-174,21.0,2.0,0.0,0.0,0.0,0.0,9.0,0.0,0.0,0.0,0.0,0.0,13.0,0.0,0.0,7.0,18.0,1.0,2.0,0.0,0.0,0.0
-173,21.0,2.0,0.0,0.0,0.0,0.0,9.0,0.0,0.0,0.0,0.0,0.0,13.0,0.0,0.0,7.0,18.0,1.0,2.0,0.0,0.0,0.0
-172,21.0,2.0,0.0,0.0,0.0,0.0,9.0,0.0,0.0,0.0,0.0,0.0,13.0,0.0,0.0,7.0,18.0,1.0,2.0,0.0,0.0,0.0
-171,21.0,2.0,0.0,0.0,0.0,0.0,9.0,0.0,0.0,0.0,0.0,0.0,13.0,0.0,0.0,7.0,18.0,1.0,2.0,0.0,0.0,0.0
-170,21.0,2.0,0.0,0.0,0.0,0.0,9.0,0.0,0.0,0.0,0.0,0.0,13.0,0.0,0.0,7.0,18.0,1.0,2.0,0.0,0.0,0.0
-169,21.0,2.0,0.0,0.0,0.0,0.0,9.0,0.0,0.0,0.0,0.0,0.0,13.0,0.0,0.0,7.0,18.0,1.0,2.0,0.0,0.0,0.0
-168,21.0,2.0,0.0,0.0,0.0,0.0,9.0,0.0,0.0,0.0,0.0,0.0,13.0,0.0,0.0,7.0,18.0,1.0,2.0,0.0,0.0,0.0
-167,21.0,2.0,0.0,0.0,0.0,0.0,9.0,0.0,0.0,0.0,0.0,0.0,13.0,0.0,0.0,7.0,18.0,1.0,2.0,0.0,0.0,0.0
-166,21.0,2.0,0.0,0.0,0.0,0.0,9.0,0.0,0.0,0.0,0.0,0.0,13.0,0.0,0.0,7.0,18.0,1.0,2.0,0.0,0.0,0.0
-165,21.0,2.0,0.0,0.0,0.0,0.0,9.0,0.0,0.0,0.0,0.0,0.0,13.0,0.0,0.0,7.0,18.0,1.0,2.0,0.0,0.0,0.0
-164,21.0,2.0,0.0,0.0,0.0,0.0,9.0,0.0,0.0,0.0,0.0,0.0,13.0,0.0,0.0,7.0,18.0,1.0,2.0,0.0,0.0,0.0
-163,21.0,2.0,0.0,0.0,0.0,0.0,9.0,0.0,0.0,0.0,0.0,0.0,13.0,0.0,0.0,7.0,18.0,1.0,2.0,0.0,0.0,0.0
-162,21.0,2.0,0.0,0.0,0.0,0.0,9.0,0.0,0.0,0.0,0.0,0.0,13.0,0.0,0.0,7.0,18.0,1.0,2.0,0.0,0.0,0.0
-161,21.0,2.0,0.0,0.0,0.0,0.0,9.0,0.0,0.0,0.0,0.0,0.0,13.0,0.0,0.0,7.0,18.0,1.0,2.0,0.0,0.0,0.0
-160,21.0,2.0,0.0,0.0,0.0,0.0,9.0,0.0,0.0,0.0,0.0,0.0,13.0,0.0,0.0,7.0,18.0,1.0,2.0,0.0,0.0,0.0
-159,21.0,2.0,0.0,0.0,0.0,0.0,9.0,0.0,0.0,0.0,0.0,0.0,13.0,0.0,0.0,7.0,18.0,1.0,2.0,0.0,0.0,0.0
-158,21.0,2.0,0.0,0.0,0.0,0.0,9.0,0.0,0.0,0.0,0.0,0.0,13.0,0.0,0.0,7.0,18.0,1.0,2.0,0.0,0.0,0.0
-157,21.0,2.0,0.0,0.0,0.0,0.0,9.0,0.0,0.0,0.0,0.0,0.0,13.0,0.0,0.0,7.0,18.0,1.0,2.0,0.0,0.0,0.0
-156,21.0,2.0,0.0,0.0,0.0,0.0,9.0,0.0,0.0,0.0,0.0,0.0,13.0,0.0,0.0,7.0,18.0,1.0,2.0,0.0,0.0,0.0
-155,21.0,2.0,0.0,0.0,0.0,0.0,9.0,0.0,0.0,0.0,0.0,0.0,13.0,0.0,0.0,7.0,18.0,1.0,2.0,0.0,0.0,0.0
-154,21.0,2.0,0.0,0.0,0.0,0.0,9.0,0.0,0.0,0.0,0.0,0.0,13.0,0.0,0.0,7.0,18.0,1.0,2.0,0.0,0.0,0.0
-153,21.0,2.0,0.0,0.0,0.0,0.0,9.0,0.0,0.0,0.0,0.0,0.0,13.0,0.0,0.0,7.0,18.0,1.0,2.0,0.0,0.0,0.0
-152,21.0,2.0,0.0,0.0,0.0,0.0,9.0,0.0,0.0,0.0,0.0,0.0,13.0,0.0,0.0,7.0,18.0,1.0,2.0,0.0,0.0,0.0
-151,21.0,2.0,0.0,0.0,0.0,0.0,9.0,0.0,0.0,0.0,0.0,0.0,13.0,0.0,0.0,7.0,18.0,1.0,2.0,0.0,0.0,0.0
-150,21.0,2.0,0.0,0.0,0.0,0.0,9.0,0.0,0.0,0.0,0.0,0.0,13.0,0.0,0.0,7.0,18.0,1.0,2.0,0.0,0.0,0.0
-149,21.0,2.0,0.0,0.0,0.0,0.0,9.0,0.0,0.0,0.0,0.0,0.0,13.0,0.0,0.0,7.0,18.0,1.0,2.0,0.0,0.0,0.0
-148,21.0,2.0,0.0,0.0,0.0,0.0,9.0,0.0,0.0,0.0,0.0,0.0,13.0,0.0,0.0,7.0,18.0,1.0,2.0,0.0,0.0,0.0
-147,21.0,2.0,0.0,0.0,0.0,0.0,9.0,0.0,0.0,0.0,0.0,0.0,13.0,0.0,0.0,7.0,18.0,1.0,2.0,0.0,0.0,0.0
-146,21.0,2.0,0.0,0.0,0.0,0.0,9.0,0.0,0.0,0.0,0.0,0.0,13.0,0.0,0.0,7.0,18.0,1.0,2.0,0.0,0.0,0.0
-145,21.0,2.0,0.0,0.0,0.0,0.0,9.0,0.0,0.0,0.0,0.0,0.0,13.0,0.0,0.0,7.0,18.0,1.0,2.0,0.0,0.0,0.0
-144,21.0,2.0,0.0,0.0,0.0,0.0,9.0,0.0,0.0,0.0,0.0,0.0,13.0,0.0,0.0,7.0,18.0,1.0,2.0,0.0,0.0,0.0
-143,21.0,2.0,0.0,0.0,0.0,0.0,9.0,0.0,0.0,0.0,0.0,0.0,13.0,0.0,0.0,7.0,18.0,1.0,2.0,0.0,0.0,0.0
-142,21.0,2.0,0.0,0.0,0.0,0.0,9.0,0.0,0.0,0.0,0.0,0.0,13.0,0.0,0.0,7.0,18.0,1.0,2.0,0.0,0.0,0.0
-141,21.0,2.0,0.0,0.0,0.0,0.0,9.0,0.0,0.0,0.0,0.0,0.0,13.0,0.0,0.0,7.0,18.0,1.0,2.0,0.0,0.0,0.0
-140,21.0,2.0,0.0,0.0,0.0,0.0,9.0,0.0,0.0,0.0,0.0,0.0,13.0,0.0,0.0,7.0,18.0,1.0,2.0,0.0,0.0,0.0
-139,21.0,2.0,0.0,0.0,0.0,0.0,9.0,0.0,0.0,0.0,0.0,0.0,13.0,0.0,0.0,7.0,18.0,1.0,2.0,0.0,0.0,0.0
-138,21.0,2.0,0.0,0.0,0.0,0.0,9.0,0.0,0.0,0.0,0.0,0.0,13.0,0.0,0.0,7.0,18.0,1.0,2.0,0.0,0.0,0.0
-137,21.0,2.0,0.0,0.0,0.0,0.0,9.0,0.0,0.0,0.0,0.0,0.0,13.0,0.0,0.0,7.0,18.0,1.0,2.0,0.0,0.0,0.0
-136,21.0,2.0,0.0,0.0,0.0,0.0,9.0,0.0,0.0,0.0,0.0,0.0,13.0,0.0,0.0,7.0,18.0,1.0,2.0,0.0,0.0,0.0
-135,21.0,2.0,0.0,0.0,0.0,0.0,9.0,0.0,0.0,0.0,0.0,0.0,13.0,0.0,0.0,7.0,18.0,1.0,2.0,0.0,0.0,0.0
-134,21.0,2.0,0.0,0.0,0.0,0.0,9.0,0.0,0.0,0.0,0.0,0.0,13.0,0.0,0.0,7.0,18.0,1.0,2.0,0.0,0.0,0.0
-133,21.0,2.0,0.0,0.0,0.0,0.0,9.0,0.0,0.0,0.0,0.0,0.0,13.0,0.0,0.0,7.0,18.0,1.0,2.0,0.0,0.0,0.0
-132,21.0,2.0,0.0,0.0,0.0,0.0,9.0,0.0,0.0,0.0,0.0,0.0,13.0,0.0,0.0,7.0,18.0,1.0,2.0,0.0,0.0,0.0
-131,21.0,2.0,0.0,0.0,0.0,0.0,9.0,0.0,0.0,0.0,0.0,0.0,13.0,0.0,0.0,7.0,18.0,1.0,2.0,0.13333333333333333,0.0,0.0
-130,21.0,2.0,0.0,0.0,0.0,0.0,9.0,0.0,0.0,0.0,0.0,0.0,13.0,0.0,0.0,7.0,18.0,1.0,2.0,0.26666666666666666,0.0,0.0
-129,21.0,2.0,0.0,0.0,0.0,0.0,9.0,0.0,0.0,0.0,0.0,0.0,13.0,0.0,0.0,7.0,18.0,1.0,2.0,0.4,0.0,0.0
-128,21.0,2.0,0.0,0.0,0.0,0.0,9.0,0.0,0.0,0.0,0.0,0.0,13.0,0.0,0.0,7.0,18.0,1.0,2.0,0.5333333333333333,0.0,0.0
-127,21.0,2.0,0.0,0.0,0.0,0.0,9.0,0.0,0.0,0.0,0.0,0.0,13.0,0.0,0.0,7.0,18.0,1.0,2.0,0.6666666666666666,0.0,0.0
-126,21.0,2.0,0.0,0.0,0.0,0.0,9.0,0.0,0.0,0.0,0.0,0.0,13.0,0.0,0.0,7.0,18.0,1.0,2.0,0.8,0.0,0.0
-125,21.0,2.0,0.0,0.0,0.0,0.0,9.0,0.0,0.0,0.0,0.0,0.0,13.0,0.0,0.0,7.0,18.0,1.0,2.0,0.9333333333333333,0.0,0.0
-124,21.0,2.0,0.0,0.0,0.0,0.0,9.0,0.0,0.0,0.0,0.0,0.0,13.0,0.0,0.0,7.0,18.0,1.0,2.0,1.0666666666666667,0.0,0.0
-123,21.0,2.0,0.0,0.0,0.0,0.0,9.0,0.0,0.0,0.0,0.0,0.0,13.0,0.0,0.0,7.0,18.0,1.0,2.0,1.2,0.0,0.0
-122,21.0,2.0,0.0,0.0,0.0,0.0,9.0,0.0,0.0,0.0,0.0,0.0,13.0,0.0,0.0,7.0,18.0,1.0,2.0,1.3333333333333333,0.0,0.0
-121,21.0,2.0,0.0,0.0,0.0,0.0,9.0,0.0,0.0,0.0,0.0,0.0,13.0,0.0,0.0,7.0,18.0,1.0,2.0,1.4666666666666666,0.0,0.0
-120,21.0,2.0,0.0,0.0,0.0,0.0,9.0,0.0,0.0,0.0,0.0,0.0,13.0,0.0,0.0,7.0,18.0,1.0,2.0,1.6,0.0,0.0
-119,21.0,2.0,0.0,0.0,0.0,0.0,9.0,0.0,0.0,0.0,0.0,0.0,13.0,0.0,0.0,7.0,18.0,1.0,2.0,1.7333333333333334,0.0,0.0
-118,21.0,2.0,0.0,0.0,0.0,0.0,9.0,0.0,0.0,0.0,0.0,0.0,13.0,0.0,0.0,7.0,18.0,1.0,2.0,1.8666666666666667,0.0,0.0
-117,21.0,2.0,0.0,0.0,0.0,0.0,9.0,0.0,0.0,0.0,0.0,0.0,13.0,0.0,0.0,7.0,18.0,1.0,2.0,2.0,0.0,0.0
-116,21.0,2.0,0.0,0.0,0.0,0.0,9.0,0.0,0.0,0.0,0.0,0.0,13.0,0.0,0.0,7.0,18.0,1.0,2.0,2.0,0.0,0.0
-115,21.0,2.0,0.0,0.0,0.0,0.0,9.0,0.0,0.0,0.0,0.0,0.0,13.0,0.0,0.0,7.0,18.0,1.0,2.0,2.0,0.0,0.0
-114,21.0,2.0,0.0,0.0,0.0,0.0,9.0,0.0,0.0,0.0,0.0,0.0,13.0,0.0,0.0,7.0,18.0,1.0,2.0,2.0,0.0,0.0
-113,21.0,2.0,0.0,0.0,0.0,0.0,9.0,0.0,0.0,0.0,0.0,0.0,13.0,0.0,0.0,7.0,18.0,1.0,2.0,2.0,0.0,0.0
-112,21.0,2.0,0.0,0.0,0.0,0.0,9.0,0.0,0.0,0.0,0.0,0.0,13.0,0.0,0.0,7.0,18.0,1.0,2.0,2.0,0.0,0.0
-111,21.0,2.0,0.0,0.0,0.0,0.0,9.0,0.0,0.0,0.0,0.0,0.0,13.0,0.0,0.0,7.0,18.0,1.0,2.0,2.0,0.0,0.0
-110,21.0,2.0,0.0,0.0,0.0,0.0,9.0,0.0,0.0,0.0,0.0,0.0,13.0,0.0,0.0,7.0,18.0,1.0,2.0,2.0,0.0,0.0
-109,21.0,2.0,0.0,0.0,0.0,0.0,9.0,0.0,0.0,0.0,0.0,0.0,13.0,0.0,0.0,7.0,18.0,1.0,2.0,2.0,0.0,0.0
-108,21.0,2.0,0.0,0.0,0.0,0.0,9.0,0.0,0.0,0.0,0.0,0.0,13.0,0.0,0.0,7.0,18.0,1.0,2.0,2.0,0.0,0.0
-107,21.0,2.0,0.0,0.0,0.0,0.0,9.0,0.0,0.0,0.0,0.0,0.0,13.0,0.0,0.0,7.0,18.0,1.0,2.0,2.0,0.0,0.0
-106,21.0,2.0,0.0,0.0,0.0,0.0,9.0,0.0,0.0,0.0,0.0,0.0,13.0,0.0,0.0,7.0,18.0,1.0,2.0,2.0,0.0,0.0
-105,21.0,2.0,0.0,0.0,0.0,0.0,9.0,0.0,0.0,0.0,0.0,0.0,13.0,0.0,0.0,7.0,18.0,1.0,2.0,2.0,0.0,0.0
-104,21.0,2.0,0.0,0.0,0.0,0.0,9.0,0.0,0.0,0.0,0.0,0.0,13.0,0.0,0.0,7.0,18.0,1.0,2.0,2.0,0.0,0.0
-103,21.0,2.0,0.0,0.0,0.0,0.0,9.0,0.0,0.0,0.0,0.0,0.0,13.0,0.0,0.0,7.0,18.0,1.0,2.0,2.0,0.0,0.0
-102,21.0,2.0,0.0,0.0,0.0,0.0,9.0,0.0,0.0,0.0,0.0,0.0,13.0,0.0,0.0,7.0,18.0,1.0,2.0,2.0,0.0,0.0
-101,21.0,2.0,0.0,0.0,0.0,0.0,9.0,0.0,0.0,0.0,0.0,0.0,13.0,0.0,0.0,7.0,18.0,1.0,2.0,2.0,0.0,0.0
-100,21.0,2.0,0.0,0.0,0.0,0.0,9.0,0.0,0.0,0.0,0.0,0.0,13.0,0.0,0.0,7.0,18.0,1.0,2.0,2.0,0.0,0.0
-99,21.0,2.0,0.0,0.0,0.0,0.0,9.0,0.0,0.0,0.0,0.0,0.0,13.0,0.0,0.0,7.0,18.0,1.0,2.0,2.0,0.0,0.0
-98,21.0,2.0,0.0,0.0,0.0,0.0,9.0,0.0,0.0,0.0,0.0,0.0,13.0,0.0,0.0,7.0,18.0,1.0,2.0,2.0,0.0,0.0
-97,21.0,2.0,0.0,0.0,0.0,0.0,9.0,0.0,0.0,0.0,0.0,0.0,13.0,0.0,0.0,7.0,18.0,1.0,2.0,2.0,0.0,0.0
-96,21.0,2.0,0.0,0.0,0.0,0.0,9.0,0.0,0.0,0.0,0.0,0.0,13.0,0.0,0.0,7.0,18.0,1.0,2.0,2.0,0.0,0.0
-95,21.0,2.0,0.0,0.0,0.0,0.0,9.0,0.0,0.0,0.0,0.0,0.0,13.0,0.0,0.0,7.0,18.0,1.0,2.0,2.0,0.0,0.0
-94,21.0,2.0,0.0,0.0,0.0,0.0,9.0,0.0,0.0,0.0,0.0,0.0,13.0,0.0,0.0,7.0,18.0,1.0,2.0,2.0,0.0,0.0
-93,21.0,2.0,0.0,0.0,0.0,0.0,9.0,0.0,0.0,0.0,0.0,0.0,13.0,0.0,0.0,7.0,18.0,1.0,2.0,2.0,0.0,0.0
-92,21.0,2.0,0.0,0.0,0.0,0.0,9.0,0.0,0.0,0.0,0.0,0.0,13.0,0.0,0.0,7.0,18.0,1.0,2.0,2.0,0.0,0.0
-91,21.0,2.0,0.0,0.0,0.0,0.0,9.0,0.0,0.0,0.0,0.0,0.0,13.0,0.0,0.0,7.0,18.0,1.0,2.0,2.0,0.0,0.0
-90,21.0,2.0,0.0,0.0,0.0,0.0,9.0,0.0,0.0,0.0,0.0,0.0,13.0,0.0,0.0,7.0,18.0,1.0,2.0,2.0,0.0,0.0
-89,21.0,2.0,0.0,0.0,0.0,0.0,8.875,0.0,0.0,0.0,0.0,0.0,13.0,0.0,0.0,7.0,18.0,1.0,2.0,2.0,0.0,0.0
-88,21.0,2.0,0.0,0.0,0.0,0.0,8.75,0.0,0.0,0.0,0.0,0.0,13.0,0.0,0.0,7.0,18.0,1.0,2.0,2.0,0.0,0.0
-87,21.0,2.0,0.0,0.0,0.0,0.0,8.625,0.0,0.0,0.0,0.0,0.0,13.0,0.0,0.0,7.0,18.0,1.0,2.0,2.0,0.0,0.0
-86,21.0,2.0,0.0,0.0,0.0,0.0,8.5,0.0,0.0,0.0,0.0,0.0,13.0,0.0,0.0,7.0,18.0,1.0,2.0,2.0,0.0,0.0
-85,21.0,2.0,0.0,0.0,0.0,0.0,8.375,0.0,0.0,0.0,0.0,0.0,13.0,0.0,0.0,7.0,18.0,1.0,2.0,2.0,0.0,0.0
-84,21.0,2.0,0.0,0.0,0.0,0.0,8.25,0.0,0.0,0.0,0.0,0.0,13.0,0.0,0.0,7.0,18.0,1.0,2.0,2.0,0.0,0.0
-83,21.0,2.0,0.0,0.0,0.0,0.0,8.125,0.0,0.0,0.0,0.0,0.0,13.0,0.0,0.0,7.0,18.0,1.0,2.0,2.0,0.0,0.0
-82,21.0,2.0,0.0,0.0,0.0,0.0,8.0,0.0,0.0,0.0,0.0,0.0,13.0,0.0,0.0,7.0,18.0,1.0,2.0,2.0,0.0,0.0
-81,21.0,2.0,0.0,0.0,0.0,0.0,8.0,0.0,0.0,0.0,0.0,0.0,13.0,0.0,0.0,7.0,18.0,1.0,2.0,2.0,0.0,0.0
-80,21.0,2.0,0.0,0.0,0.0,0.0,8.0,0.0,0.0,0.0,0.0,0.0,13.0,0.0,0.0,7.0,18.0,1.0,2.0,2.0,0.0,0.0
-79,21.0,2.0,0.0,0.0,0.0,0.0,8.0,0.0,0.0,0.0,0.0,0.0,13.0,0.0,0.0,7.0,18.0,1.0,2.0,2.0,0.0,0.0
-78,21.0,2.0,0.0,0.0,0.0,0.0,8.0,0.0,0.0,0.0,0.0,0.0,13.0,0.0,0.0,7.0,18.0,1.0,2.0,2.0,0.0,0.0
-77,21.0,2.0,0.0,0.0,0.0,0.0,8.0,0.0,0.0,0.0,0.0,0.0,13.0,0.0,0.0,7.0,18.0,1.0,2.0,2.0,0.0,0.0
-76,21.0,2.0,0.0,0.0,0.0,0.0,8.0,0.0,0.0,0.0,0.0,0.0,13.0,0.0,0.0,7.0,18.0,1.0,2.0,2.0,0.0,0.0
-75,21.0,2.0,0.0,0.0,0.0,0.0,8.0,0.0,0.0,0.0,0.0,0.0,13.0,0.0,0.0,7.0,18.0,1.0,2.0,2.0,0.0,0.0
-74,21.0,2.0,0.0,0.0,0.0,0.0,8.0,0.0,0.0,0.0,0.0,0.0,13.0,0.0,0.0,7.0,18.0,1.0,2.0,2.0,0.0,0.0
-73,21.0,2.0,0.0,0.0,0.0,0.0,8.0,0.0,0.0,0.0,0.0,0.0,13.0,0.0,0.0,7.0,18.0,1.0,2.0,2.0,0.0,0.0
-72,21.0,2.0,0.0,0.0,0.0,0.0,8.0,0.0,0.0,0.0,0.0,0.0,13.0,0.0,0.0,7.0,18.0,1.0,2.0,2.0,0.0,0.0
-71,21.0,2.0,0.0,0.0,0.0,0.0,8.0,0.0,0.0,0.0,0.0,0.0,13.0,0.0,0.0,7.0,18.0,1.0,2.0,2.0,0.0,0.0
-70,21.0,2.0,0.0,0.0,0.0,0.0,8.0,0.0,0.0,0.0,0.0,0.0,13.0,0.0,0.0,7.0,18.0,1.0,2.0,2.0,0.0,0.0
-69,21.0,2.0,0.0,0.0,0.0,0.0,8.0,0.0,0.0,0.0,0.0,0.0,13.0,0.0,0.0,7.0,18.0,1.0,2.0,2.0,0.0,0.0
-68,21.0,2.0,0.0,0.0,0.0,0.0,8.0,0.0,0.0,0.0,0.0,0.0,13.0,0.0,0.0,7.0,18.0,1.0,2.0,2.0,0.0,0.0
-67,21.0,2.0,0.0,0.0,0.0,0.0,8.0,0.0,0.0,0.0,0.0,0.0,13.0,0.0,0.0,7.0,18.0,1.0,2.0,2.0,0.0,0.0
-66,21.0,2.0,0.0,0.0,0.0,0.0,8.0,0.0,0.0,0.0,0.0,0.0,13.0,0.0,0.0,7.0,18.0,1.0,2.0,2.0,0.0,0.0
-65,21.0,2.0,0.0,0.0,0.0,0.0,8.0,0.0,0.0,0.0,0.0,0.0,13.0,0.0,0.0,7.0,18.0,1.0,2.0,2.0,0.0,0.0
-64,21.0,2.0,0.0,0.0,0.0,0.0,8.0,0.0,0.0,0.0,0.0,0.0,13.0,0.0,0.0,7.0,18.0,1.0,2.0,2.0,0.0,0.0
-63,21.0,2.0,0.0,0.0,0.0,0.0,8.0,0.0,0.0,0.0,0.0,0.0,13.0,0.0,0.0,7.0,18.0,1.0,2.0,2.0,0.0,0.0
-62,21.0,2.0,0.0,0.0,0.0,0.0,8.0,0.0,0.0,0.0,0.0,0.0,13.0,0.0,0.0,7.0,18.0,1.0,2.0,2.0,0.0,0.0
-61,21.0,2.0,0.0,0.0,0.0,0.0,8.0,0.0,0.0,0.0,0.0,0.0,13.0,0.0,0.0,7.0,18.0,1.0,2.0,2.0,0.0,0.0
-60,21.0,2.0,0.0,0.0,0.0,0.0,8.0,0.0,0.0,0.0,0.0,0.0,13.0,0.0,0.0,7.0,18.0,1.0,2.0,2.0,0.0,0.0
-59,21.0,2.0,0.0,0.0,0.0,0.0,8.0,0.0,0.0,0.0,0.0,0.0,13.0,0.0,0.0,7.0,18.0,1.0,2.0,2.0,0.0,0.0
-58,21.0,2.0,0.0,0.0,0.0,0.0,8.0,0.0,0.0,0.0,0.0,0.0,13.0,0.0,0.0,7.0,18.0,1.0,2.0,2.0,0.0,0.0
-57,21.0,2.0,0.0,0.0,0.0,0.0,8.0,0.0,0.0,0.0,0.0,0.0,13.0,0.0,0.0,7.0,18.0,1.0,2.0,2.0,0.0,0.0
-56,21.0,2.0,0.0,0.0,0.0,0.0,8.0,0.0,0.0,0.0,0.0,0.0,13.0,0.0,0.0,7.0,18.0,1.0,2.0,2.0,0.0,0.0
-55,21.0,2.0,0.0,0.0,0.0,0.0,8.0,0.0,0.0,0.0,0.0,0.0,13.0,0.0,0.0,7.0,18.0,1.0,2.0,2.0,0.0,0.0
-54,21.0,2.0,0.0,0.0,0.0,0.0,8.0,0.0,0.0,0.0,0.0,0.0,13.0,0.0,0.0,7.0,18.0,1.0,2.0,2.0,0.0,0.0
-53,21.0,2.0,0.0,0.0,0.0,0.0,8.0,0.0,0.0,0.0,0.0,0.0,13.0,0.0,0.0,7.0,18.0,1.0,2.0,2.0,0.0,0.0
-52,21.0,2.0,0.0,0.0,0.0,0.0,8.0,0.0,0.0,0.0,0.0,0.0,13.0,0.0,0.0,7.0,18.0,1.0,2.0,2.0,0.0,0.0
-51,21.0,2.0,0.0,0.0,0.0,0.0,8.0,0.0,0.0,0.0,0.0,0.0,13.0,0.0,0.0,7.0,18.0,1.0,2.0,2.0,0.0,0.0
-50,21.0,2.0,0.0,0.0,0.0,0.0,8.0,0.0,0.0,0.0,0.0,0.0,13.0,0.0,0.0,7.0,18.0,1.0,2.0,2.0,0.0,0.0
-49,21.0,2.0,0.0,0.0,0.0,0.0,8.0,0.0,0.0,0.0,0.0,0.0,13.0,0.0,0.0,7.0,18.0,1.0,2.0,2.0,0.0,0.0
-48,21.0,2.0,0.0,0.0,0.0,0.0,8.0,0.0,0.0,0.0,0.0,0.0,13.0,0.0,0.0,7.0,18.0,1.0,2.0,2.0,0.0,0.0
-47,21.0,2.0,0.0,0.0,0.0,0.0,8.0,0.0,0.0,0.0,0.0,0.0,13.0,0.0,0.0,7.0,18.0,1.0,2.0,2.0,0.0,0.0
-46,21.0,2.0,0.0,0.0,0.0,0.0,8.0,0.0,0.0,0.0,0.0,0.0,13.0,0.0,0.0,7.0,18.0,1.0,2.0,2.0,0.0,0.0
-45,21.0,2.0,0.0,0.0,0.0,0.0,8.0,0.0,0.0,0.0,0.0,0.0,13.0,0.0,0.0,7.0,18.0,1.0,2.0,2.0,0.0,0.0
-44,21.0,2.0,0.0,0.0,0.0,0.0,8.0,0.0,0.0,0.0,0.0,0.0,13.0,0.0,0.0,7.0,18.0,1.0,2.0,2.0,0.0,0.0
-43,21.0,2.0,0.0,0.0,0.0,0.0,8.0,0.0,0.0,0.0,0.0,0.0,13.0,0.0,0.0,7.0,18.0,1.0,2.0,2.0,0.0,0.0
-42,21.0,2.0,0.0,0.0,0.0,0.0,8.0,0.0,0.0,0.0,0.0,0.0,13.0,0.0,0.0,7.0,18.0,1.0,2.0,2.0,0.0,0.0
-41,21.0,2.0,0.0,0.0,0.0,0.0,8.0,0.0,0.0,0.0,0.0,0.0,13.0,0.0,0.0,7.0,18.0,1.0,2.0,2.0,0.0,0.0
-40,21.0,2.0,0.0,0.0,0.0,0.0,8.0,0.0,0.0,0.0,0.0,0.0,13.0,0.0,0.0,7.0,18.0,1.0,2.0,2.0,0.0,0.0
-39,21.0,2.0,0.0,0.0,0.0,0.0,8.0,0.0,0.0,0.0,0.0,0.0,13.0,0.0,0.0,7.0,18.0,1.0,2.0,2.0,0.0,0.0
-38,21.0,2.0,0.0,0.0,0.0,0.0,8.0,0.0,0.0,0.0,0.0,0.0,13.0,0.0,0.0,7.0,18.0,1.0,2.0,2.0,0.0,0.0
-37,21.0,2.0,0.0,0.0,0.0,0.0,8.0,0.0,0.0,0.0,0.0,0.0,13.0,0.0,0.0,7.0,18.0,1.0,2.0,2.0,0.0,0.0
-36,21.0,2.0,0.0,0.0,0.0,0.0,8.0,0.0,0.0,0.0,0.0,0.0,13.0,0.0,0.0,7.0,18.0,1.0,2.0,2.0,0.0,0.0
-35,21.0,2.0,0.0,0.0,0.0,0.0,8.0,0.0,0.0,0.0,0.0,0.0,13.0,0.0,0.0,7.0,17.4,1.0,2.0,2.0,0.0,0.0
-34,21.0,2.0,0.0,0.0,0.0,0.0,8.0,0.0,0.0,0.0,0.0,0.0,13.0,0.0,0.0,7.0,16.8,1.0,2.0,2.0,0.0,0.0
-33,21.0,2.0,0.0,0.0,0.0,0.0,8.0,0.0,0.0,0.0,0.0,0.0,13.0,0.0,0.0,7.0,16.2,1.0,2.0,2.0,0.0,0.0
-32,21.0,2.0,0.0,0.0,0.0,0.0,8.0,0.0,0.0,0.0,0.0,0.0,13.0,0.0,0.0,7.0,15.6,1.0,2.0,2.0,0.0,0.0
-31,21.0,2.0,0.0,0.0,0.0,0.0,8.0,0.0,0.0,0.0,0.0,0.0,13.0,0.0,0.0,7.0,15.0,0.9838709677419355,2.0,2.0,0.0,0.0
-30,21.0,2.0,0.0,0.0,0.0,0.0,8.0,0.0,0.0,0.0,0.0,0.0,13.0,0.0,0.0,7.0,14.4,0.967741935483871,2.0,2.0,0.0,0.0
-29,21.0,2.0,0.0,0.0,0.0,0.0,8.0,0.0,0.0,0.0,0.0,0.0,13.0,0.0,0.0,7.0,13.8,0.9516129032258065,2.0,2.0,0.0,0.0
-28,21.0,2.0,0.0,0.0,0.0,0.0,8.0,0.0,0.0,0.0,0.0,0.0,13.0,0.0,0.0,7.0,13.2,0.935483870967742,2.0,2.0,0.0,0.0
-27,21.0,2.0,0.0,0.0,0.0,0.0,8.0,0.0,0.0,0.0,0.0,0.0,13.0,0.0,0.0,7.0,12.600000000000001,0.9193548387096774,2.0,2.0,0.0,0.0
-26,21.0,2.0,0.0,0.0,0.0,0.0,8.0,0.0,0.0,0.0,0.0,0.0,13.0,0.0,0.0,7.0,12.0,0.9032258064516129,2.0,2.0,0.0,0.0
-25,21.0,2.0,0.0,0.0,0.0,0.0,8.0,0.0,0.0,0.0,0.0,0.0,13.0,0.0,0.0,7.0,12.0,0.8870967741935484,2.0,2.0,0.0,0.0
-24,21.0,2.0,0.0,0.0,0.0,0.0,8.0,0.0,0.0,0.0,0.0,0.0,13.0,0.0,0.0,7.0,12.0,0.8709677419354839,2.0,2.0,0.0,0.0
-23,21.0,2.0,0.0,0.0,0.0,0.0,8.0,0.0,0.0,0.0,0.0,0.0,13.0,0.0,0.0,7.0,12.0,0.8548387096774194,2.0,2.0,0.0,0.0
-22,21.0,2.0,0.0,0.0,0.0,0.0,8.0,0.0,0.0,0.0,0.0,0.0,13.0,0.0,0.0,7.0,12.0,0.8387096774193549,2.0,2.0,0.0,0.0
-21,21.0,2.0,0.0,0.0,0.0,0.0,8.0,0.0,0.0,0.0,0.0,0.0,13.0,0.0,0.0,7.0,12.0,0.8225806451612903,2.0,2.0,0.0,0.0
-20,21.0,2.0,0.0,0.0,0.0,0.0,8.0,0.0,0.0,0.0,0.0,0.0,13.0,0.0,0.0,7.0,12.0,0.8064516129032258,2.0,2.0,0.0,0.0
-19,21.0,2.0,0.0,0.0,0.0,0.0,8.0,0.0,0.0,0.0,0.0,0.0,13.0,0.0,0.0,7.0,12.0,0.7903225806451613,2.0,2.0,0.0,0.0
-18,21.0,2.0,0.0,0.0,0.0,0.0,8.0,0.0,0.0,0.0,0.0,0.0,13.0,0.0,0.0,7.0,12.0,0.7741935483870968,2.0,2.0,0.0,0.0
-17,21.0,2.0,0.0,0.0,0.0,0.0,8.0,0.0,0.0,0.0,0.0,0.0,13.0,0.0,0.0,7.0,12.0,0.7580645161290323,2.0,2.0,0.0,0.0
-16,21.0,2.0,0.0,0.0,0.0,0.0,8.0,0.0,0.0,0.0,0.0,0.0,13.0,0.0,0.0,7.0,12.0,0.7419354838709677,2.0,2.0,0.0,0.0
-15,21.0,2.0,0.0,0.0,0.0,0.0,8.0,0.0,0.0,0.0,0.0,0.0,13.0,0.0,0.0,7.0,12.0,0.7258064516129032,2.0,2.0,0.0,0.0
-14,21.0,2.0,0.0,0.0,0.0,0.0,8.0,0.0,0.0,0.0,0.0,0.0,13.0,0.0,0.0,7.0,12.0,0.7096774193548387,2.0,2.0,0.0,0.0
-13,21.0,2.0,0.0,0.0,0.0,0.0,8.0,0.0,0.0,0.0,0.0,0.0,13.0,0.0,0.0,7.0,12.0,0.6935483870967742,2.0,2.0,0.0,0.0
-12,21.0,2.0,0.0,0.0,0.0,0.0,8.0,0.0,0.0,0.0,0.0,0.0,13.0,0.0,0.0,7.0,12.0,0.6774193548387097,2.0,2.0,0.0,0.0
-11,21.0,2.0,0.0,0.0,0.0,0.0,8.0,0.0,0.0,0.0,0.0,0.0,13.0,0.0,0.0,7.0,12.0,0.6612903225806452,2.0,2.0,0.0,0.0
-10,21.0,2.0,0.0,0.0,0.0,0.0,8.0,0.0,0.0,0.0,0.0,0.0,13.285714285714286,0.0,0.0,7.0,12.0,0.6451612903225806,2.0,2.0,0.0,0.0
-9,21.0,2.0,0.0,0.0,0.0,0.0,8.0,0.0,0.0,0.0,0.0,0.0,13.571428571428571,0.0,0.0,7.0,12.0,0.6290322580645161,2.0,2.0,0.0,0.0
-8,21.0,2.0,0.0,0.0,0.0,0.0,8.0,0.0,0.0,0.0,0.0,0.0,13.857142857142858,0.0,0.0,7.0,12.0,0.6129032258064516,2.0,2.0,0.0,0.0
-7,21.0,2.0,0.0,0.0,0.0,0.0,8.0,0.0,0.0,0.0,0.0,0.0,14.142857142857142,0.0,0.0,7.0,12.0,0.5967741935483871,2.0,2.0,0.0,0.0
-6,21.0,2.0,0.0,0.0,0.0,0.0,8.0,0.0,0.0,0.0,0.0,0.0,14.428571428571429,0.0,0.0,7.0,12.0,0.5806451612903226,2.0,2.0,0.0,0.0
-5,21.0,2.0,0.0,0.0,0.0,0.0,8.0,0.0,0.0,0.0,0.0,0.0,14.714285714285714,0.0,0.0,7.0,12.0,0.564516129032258,2.0,2.0,0.0,0.0
-4,21.0,2.0,0.0,0.0,0.0,0.0,8.0,0.0,0.0,0.0,0.0,0.0,15.0,0.0,0.0,7.0,12.0,0.5483870967741935,2.0,2.0,0.0,0.0
-3,21.0,2.0,0.0,0.0,0.0,0.0,8.0,0.0,0.0,0.0,0.0,0.0,15.0,0.0,0.0,7.0,12.0,0.532258064516129,2.0,2.0,0.0,0.0
-2,21.0,2.0,0.0,0.0,0.0,0.0,8.0,0.0,0.0,0.0,0.0,0.0,15.0,0.0,0.0,7.0,12.0,0.5161290322580645,2.0,2.0,0.0,0.0
-1,21.0,2.0,0.0,0.0,0.0,0.0,8.0,0.0,0.0,0.0,0.0,0.0,15.0,0.0,0.0,7.0,12.0,0.5,2.0,2.0,0.0,0.0
0,21.0,2.0,0.0,0.0,0.0,0.0,8.0,0.0,0.0,0.0,0.0,0.0,15.0,0.0,0.0,7.0,12.0,0.4814814814814815,2.0,2.0,0.0,0.0
1,21.0,2.0,0.0,0.0,0.0,0.0,8.0,0.0,0.0,0.0,0.0,0.0,15.0,0.0,0.0,7.0,12.0,0.46296296296296297,2.0,2.0,0.0,0.0
2,21.0,2.0,0.0,0.0,0.0,0.0,8.0,0.0,0.0,0.0,0.0,0.0,15.0,0.0,0.0,7.0,12.0,0.4444444444444444,2.0,2.0,0.0,0.0
3,21.0,2.0,0.0,0.0,0.0,0.0,8.0,0.0,0.0,0.0,0.0,0.0,15.0,0.0,0.0,7.0,12.0,0.42592592592592593,2.0,2.0,0.0,0.0
4,21.0,2.0,0.0,0.0,0.0,0.0,8.0,0.0,0.0,0.0,0.0,0.0,15.0,0.0,0.0,7.0,12.0,0.40740740740740744,2.0,2.0,0.0,0.0
5,21.0,2.0,0.0,0.0,0.0,0.0,8.0,0.0,0.0,0.0,0.0,0.0,15.0,0.0,0.0,7.0,12.0,0.3888888888888889,2.0,2.0,0.0,0.0
6,21.0,2.0,0.0,0.0,0.0,0.0,8.0,0.0,0.0,0.0,0.0,0.0,15.0,0.0,0.0,7.0,12.0,0.37037037037037035,2.0,2.0,0.0,0.0
7,21.0,2.0,0.0,0.0,0.0,0.0,8.0,0.0,0.0,0.0,0.0,0.0,15.0,0.0,0.0,7.0,12.0,0.35185185185185186,2.0,2.0,0.0,0.0
8,21.0,2.0,0.0,0.0,0.0,0.0,8.0,0.0,0.0,0.0,0.0,0.0,15.0,0.0,0.0,7.0,12.0,0.33333333333333337,2.0,2.0,0.0,0.0
9,21.0,2.0,0.0,0.0,0.0,0.0,8.0,0.0,0.0,0.0,0.0,0.0,15.0,0.0,0.0,7.0,12.0,0.3148148148148148,2.0,2.0,0.0,0.0
10,21.0,2.0,0.0,0.0,0.0,0.0,8.0,0.0,0.0,0.0,0.0,0.0,15.0,0.0,0.0,7.0,12.0,0.2962962962962963,2.0,2.0,0.0,0.0
11,21.0,2.0,0.0,0.0,0.0,0.0,8.0,0.0,0.0,0.0,0.0,0.0,15.0,0.0,0.0,7.0,12.0,0.2777777777777778,2.0,2.0,0.0,0.0
12,21.0,2.0,0.0,0.0,0.0,0.0,8.0,0.0,0.0,0.0,0.0,0.0,15.0,0.0,0.0,7.0,12.0,0.2592592592592593,2.0,2.0,0.0,0.0
13,21.0,2.0,0.0,0.0,0.0,0.0,8.0,0.0,0.0,0.0,0.0,0.0,15.0,0.0,0.0,7.0,12.0,0.24074074074074076,2.0,2.0,0.0,0.0
14,21.0,2.0,0.0,0.0,0.0,0.0,8.0,0.0,0.0,0.0,0.0,0.0,15.0,0.0,0.0,7.0,12.0,0.2222222222222222,2.0,2.0,0.0,0.0
15,21.0,2.0,0.0,0.0,0.0,0.0,8.0,0.0,0.0,0.0,0.0,0.0,15.0,0.0,0.0,7.0,12.0,0.20370370370370372,2.0,2.0,0.0,0.0
16,21.0,2.0,0.0,0.0,0.0,0.0,8.0,0.0,0.0,0.0,0.0,0.0,15.0,0.0,0.0,7.0,12.0,0.18518518518518523,2.0,2.0,0.0,0.0
17,21.0,2.0,0.0,0.0,0.0,0.0,8.0,0.0,0.0,0.0,0.0,0.0,15.0,2.5384615384615383,0.0,7.0,12.0,0.16666666666666669,2.0,2.0,0.0,0.0
18,21.0,2.0,0.0,0.0,0.0,0.0,8.0,0.0,0.0,0.0,0.0,0.0,15.0,5.076923076923077,0.0,7.0,12.0,0.14814814814814814,2.0,2.0,0.0,0.0
19,21.0,2.0,0.0,0.0,0.0,0.0,8.0,0.0,0.0,0.0,0.0,0.0,15.0,7.615384615384615,0.0,7.0,12.0,0.12962962962962965,2.0,2.0,0.0,0.0
20,21.0,2.0,0.0,0.0,0.0,0.0,8.0,0.0,0.0,0.0,0.0,0.0,15.0,10.153846153846153,0.0,7.0,12.0,0.11111111111111116,2.0,2.0,0.0,0.0
21,21.0,2.0,0.0,0.0,0.0,0.0,8.0,0.0,0.0,0.0,0.0,0.0,15.0,12.692307692307692,0.0,7.0,12.0,0.09259259259259262,2.0,2.0,0.0,0.0
22,21.0,2.0,0.0,0.0,0.0,0.0,8.0,0.0,0.0,0.0,0.0,0.0,15.0,15.23076923076923,0.0,7.0,12.0,0.07407407407407407,2.0,2.0,0.0,0.0
23,21.0,2.0,0.0,0.0,0.0,0.0,8.0,0.0,0.0,0.0,0.0,0.0,15.0,17.769230769230766,0.0,7.0,12.0,0.05555555555555558,2.0,2.0,0.0,0.0
24,21.0,2.0,0.0,0.0,0.0,0.0,8.0,0.0,0.0,0.0,0.0,0.0,15.0,20.307692307692307,0.0,7.0,12.0,0.03703703703703709,2.0,2.0,0.0,0.0
25,21.0,2.0,0.0,0.0,0.0,0.0,8.0,0.0,0.0,0.0,0.0,0.0,15.0,22.846153846153847,0.0,7.0,12.0,0.018518518518518545,2.0,2.0,0.0,0.0
26,21.0,2.0,0.0,0.0,0.0,0.0,8.0,0.0,0.0,0.0,0.0,0.0,15.0,25.384615384615383,0.0,7.0,12.0,0.0,2.0,2.0,0.0,0.0
27,21.0,2.0,0.0,0.0,0.0,0.0,8.0,0.0,0.0,0.0,0.0,0.0,15.0,27.92307692307692,0.0,7.0,12.0,0.0,2.0,2.0,0.0,0.0
28,21.0,2.0,0.0,0.0,0.0,0.0,8.0,0.0,0.0,0.0,0.0,0.0,15.0,30.46153846153846,0.0,7.0,12.0,0.0,2.0,2.0,0.0,0.0
29,21.0,2.0,0.0,0.0,0.0,0.0,8.0,0.0,0.0,0.0,0.0,0.0,15.0,33.0,0.0,7.0,12.0,0.0,2.0,2.0,0.0,0.0
30,21.0,2.0,0.0,0.0,0.0,0.0,8.0,0.0,0.0,0.0,0.0,0.0,15.0,28.875,0.0,7.0,12.0,0.0,2.0,2.0,0.0,0.0
31,21.0,2.0,0.0,0.0,0.0,0.0,8.0,0.0,0.0,0.0,0.0,0.0,15.0,24.75,0.0,7.0,12.0,0.0,2.0,2.0,0.0,0.0
32,21.0,2.0,0.0,0.0,0.0,0.0,8.0,0.0,0.0,0.0,0.0,0.0,15.0,20.625,0.0,7.0,12.0,0.0,2.0,2.0,0.0,0.0
33,21.0,2.0,0.0,0.0,0.0,0.0,8.0,0.0,0.0,0.0,0.0,0.0,15.0,16.5,0.0,7.0,12.0,0.0,2.0,2.0,0.0,0.0
34,21.0,2.0,0.0,0.0,0.0,0.0,8.0,0.0,0.0,0.0,0.0,0.0,15.0,12.375,0.0,7.0,12.0,0.0,2.0,2.0,0.0,0.0
35,21.0,2.0,0.0,0.0,0.0,0.0,8.0,0.0,0.0,0.0,0.0,0.0,15.0,8.25,0.0,7.0,12.0,0.0,2.0,2.0,0.0,0.0
36,21.0,2.0,0.0,0.0,0.0,0.0,8.0,0.0,0.0,0.0,0.0,0.0,15.0,4.125,0.0,7.0,12.0,0.0,2.0,2.0,0.0,0.0
37,21.0,2.0,0.0,0.0,0.0,0.0,8.0,0.0,0.0,0.0,0.0,0.0,15.0,0.0,0.0,7.0,12.0,0.0,2.0,2.0,0.0,0.0
38,21.0,2.0,0.0,0.0,0.0,0.0,8.0,0.0,0.0,0.0,0.0,0.0,15.0,0.3333333333333333,0.0,7.0,12.0,0.0,2.0,2.0,0.0,0.0
39,21.0,2.0,0.0,0.0,0.0,0.0,8.0,0.0,0.0,0.0,0.0,0.0,15.0,0.6666666666666666,0.0,7.0,12.0,0.0,2.0,2.0,0.0,0.0
40,21.0,2.0,0.0,0.0,0.0,0.0,8.0,0.0,0.0,0.0,0.0,0.0,15.0,1.0,0.0,7.0,12.0,0.0,2.0,2.0,0.0,0.0
41,21.0,2.0,0.0,0.0,0.0,0.0,8.0,0.0,0.0,0.0,0.0,0.0,15.0,1.3333333333333333,0.0,7.0,15.333333333333334,0.0,2.0,2.0,0.0,0.0
42,21.0,2.0,0.0,0.0,0.0,0.0,8.0,0.0,0.0,0.0,0.0,0.0,15.0,1.6666666666666665,0.0,7.0,18.666666666666668,0.0,2.0,2.0,0.0,0.0
43,21.0,2.0,0.0,0.0,0.0,0.0,8.0,0.0,0.0,0.0,0.0,0.0,15.0,2.0,0.0,7.0,22.0,0.0,2.0,2.0,0.0,0.0
44,21.0,2.0,0.0,0.0,0.0,0.0,8.0,0.0,0.0,0.0,0.0,0.0,15.0,2.0,0.0,7.0,25.333333333333336,0.0,2.0,2.0,0.0,0.0
45,21.0,2.0,0.0,0.0,0.0,0.0,8.0,0.0,0.0,0.0,0.0,0.0,14.91304347826087,2.0,0.0,7.0,28.666666666666668,0.0,2.0,2.0,0.0,0.0
46,21.0,2.0,0.0,0.0,0.0,0.0,8.0,0.0,0.0,0.0,0.0,0.0,14.826086956521738,2.0,0.0,7.0,32.0,0.0,2.0,2.0,0.0,0.0
47,21.0,2.0,0.0,0.0,0.0,0.0,8.0,0.0,0.0,0.0,0.0,0.0,14.73913043478261,2.0,0.0,7.0,35.333333333333336,0.0,2.0,2.0,0.0,0.0
48,21.0,2.0,0.0,0.0,0.0,0.0,8.0,0.0,0.0,0.0,0.0,0.0,14.652173913043478,2.0,0.0,7.0,38.66666666666667,0.0,2.0,2.0,0.0,0.0
49,21.0,2.0,0.0,0.0,0.0,0.0,8.0,0.0,0.0,0.0,0.0,0.0,14.565217391304348,2.0,0.0,7.0,42.0,0.0,2.0,2.0,0.0,0.0
50,21.0,2.0,0.0,0.0,0.0,0.0,8.0,0.0,0.0,0.0,0.0,0.0,14.478260869565217,2.0,0.0,7.0,42.0,0.0,2.0,2.0,0.0,0.0
51,21.0,2.0,0.0,0.0,0.0,0.0,8.0,0.0,0.0,0.0,0.0,0.0,14.391304347826086,1.8181818181818181,0.0,7.0,42.0,0.0,2.0,2.0,0.0,0.0
52,21.0,2.0,0.0,0.0,0.0,0.0,8.0,0.0,0.0,0.0,0.0,0.0,14.304347826086957,1.6363636363636362,0.0,7.0,42.0,0.0,2.0,2.0,0.0,0.0
53,21.0,2.0,0.0,0.0,0.0,0.0,8.0,0.0,0.0,0.0,0.0,0.0,14.217391304347826,1.4545454545454546,0.0,7.0,42.0,0.0,2.0,2.0,0.0,0.0
54,21.0,2.0,0.0,0.0,0.0,0.0,8.0,0.0,0.0,0.0,0.0,0.0,14.130434782608695,1.2727272727272727,0.0,7.0,42.0,0.0,2.0,2.0,0.0,0.0
55,21.0,2.0,0.0,0.0,0.0,0.0,8.0,0.0,0.0,0.0,0.0,0.0,14.043478260869565,1.0909090909090908,0.0,7.0,42.0,0.0,2.0,2.0,0.0,0.0
56,21.0,2.0,0.0,0.0,0.0,0.0,8.0,0.0,0.0,0.0,0.0,0.0,13.956521739130435,0.9090909090909092,0.0,7.0,42.0,0.0,2.0,2.0,0.0,0.0
57,21.0,2.0,0.0,0.0,0.0,0.0,8.0,0.0,0.0,0.0,0.0,0.0,13.869565217391305,0.7272727272727273,0.0,7.0,42.0,0.0,2.0,2.0,0.0,0.0
58,21.0,2.0,0.0,0.0,0.0,0.0,8.0,0.0,0.0,0.0,0.0,0.0,13.782608695652174,0.5454545454545454,0.0,7.0,42.0,0.0,2.0,2.0,0.0,0.0
59,21.0,2.0,0.0,0.0,0.0,0.0,8.0,0.0,0.0,0.0,0.0,0.0,13.695652173913043,0.36363636363636354,0.0,7.0,42.0,0.0,2.0,2.0,0.0,0.0
60,21.0,2.0,0.0,0.0,0.0,0.0,8.0,0.0,0.0,0.0,0.0,0.0,13.608695652173914,0.18181818181818166,0.0,7.0,42.0,0.0,2.0,2.0,0.0,0.0
61,21.0,2.0,0.0,0.0,0.0,0.0,8.0,0.0,0.0,0.0,0.0,0.0,13.521739130434783,0.0,0.0,7.0,42.0,0.0,2.0,2.0,0.0,0.0
62,21.0,2.0,0.0,0.0,0.0,0.0,8.0,0.0,0.0,0.0,0.0,0.0,13.434782608695652,0.25,0.0,7.0,42.0,0.0,2.0,2.0,0.0,0.0
63,21.0,2.0,0.0,0.0,0.0,0.0,8.0,0.0,0.0,0.0,0.0,0.0,13.347826086956522,0.5,0.0,7.0,42.0,0.0,2.0,2.0,0.0,0.0
64,21.0,2.0,0.0,0.0,0.0,0.0,8.0,0.0,0.0,0.0,0.0,0.0,13.26086956521739,0.75,0.0,7.0,42.0,0.0,2.0,2.0,0.0,0.0
65,21.0,2.0,0.0,0.0,0.0,0.0,8.0,0.0,0.0,0.0,0.0,0.0,13.173913043478262,1.0,0.0,7.0,42.0,0.0,2.0,2.0,0.0,0.0
66,21.0,2.0,0.0,0.0,0.0,0.0,8.0,0.0,0.0,0.0,0.0,0.0,13.08695652173913,1.25,0.0,7.0,42.0,0.0,2.0,2.0,0.0,0.0
67,21.0,2.0,0.0,0.0,0.0,0.0,8.0,0.0,0.0,0.0,0.0,0.0,13.0,1.5,0.0,7.0,42.0,0.0,2.0,2.0,0.0,0.0
68,21.0,2.0,0.0,0.0,0.0,0.0,8.0,0.0,0.0,0.0,0.0,0.0,13.875,1.75,0.0,7.0,42.0,0.0,2.0,2.0,0.0,0.0
69,21.0,2.0,0.0,0.0,0.0,0.0,8.0,0.0,0.0,0.0,0.0,0.0,14.75,2.0,0.0,7.0,42.0,0.0,2.0,2.0,0.0,0.0
70,21.0,2.0,0.0,0.0,0.0,0.0,8.0,0.0,0.0,0.0,0.0,0.0,15.625,2.0,0.0,7.0,42.0,0.0,2.0,2.0,0.0,0.0
71,21.0,2.0,0.0,0.0,0.0,0.0,8.0,0.0,0.0,0.0,0.0,0.0,16.5,2.0,0.0,7.0,42.0,0.0,2.0,2.0,0.0,0.0
72,21.0,2.0,0.0,0.0,0.0,0.0,8.0,0.0,0.0,0.0,0.0,0.0,17.375,2.0,0.0,7.0,42.0,0.0,2.0,2.0,0.0,0.0
73,21.0,2.0,0.0,0.0,0.0,0.0,8.0,0.0,0.0,0.0,0.0,0.0,18.25,2.0,0.0,7.0,42.0,0.0,2.0,2.0,0.0,0.0
74,21.0,2.0,0.0,0.0,0.0,0.0,8.0,0.0,0.0,0.0,0.0,0.0,19.125,2.0,0.0,7.0,42.0,0.0,2.0,2.0,0.0,0.0
75,21.0,2.0,0.0,0.0,0.0,0.0,8.0,0.0,0.0,0.0,0.0,0.0,20.0,2.0,0.0,7.0,42.0,0.0,2.0,2.0,0.0,0.0
76,21.0,2.0,0.0,0.0,0.0,0.0,8.0,0.0,0.0,0.0,0.0,0.0,20.0,2.0,0.0,7.0,42.0,0.0,2.0,2.0,0.0,0.0
77,21.0,2.0,0.0,0.0,0.0,0.0,8.0,0.0,0.0,0.0,0.0,0.0,20.0,2.0,0.0,7.0,42.0,0.0,2.0,2.0,0.0,0.0
78,21.0,2.0,0.0,0.0,0.0,0.0,8.0,0.0,0.0,0.0,0.0,0.0,20.0,2.0,0.0,7.0,42.0,0.0,2.0,2.0,0.0,0.0
79,21.0,2.0,0.0,0.0,0.0,0.0,8.0,0.0,0.0,0.0,0.0,0.0,20.0,2.0,0.0,7.0,42.0,0.0,2.0,2.0,0.0,0.0
80,21.0,2.0,0.0,0.0,0.0,0.0,8.0,0.0,0.0,0.0,0.0,0.0,20.0,2.0,0.0,7.0,42.0,0.0,2.0,2.0,0.0,0.0
81,21.0,2.0,0.0,0.0,0.0,0.0,8.0,0.0,0.0,0.0,0.0,0.0,20.0,2.0,0.0,7.0,42.0,0.0,2.0,2.0,0.0,0.0
82,21.0,2.0,0.0,0.0,0.0,0.0,8.0,0.0,0.0,0.0,0.0,0.0,20.0,2.0,0.0,7.0,42.0,0.0,2.0,2.0,0.0,0.0
83,21.0,2.0,0.0,0.0,0.0,0.0,8.0,0.0,0.0,0.0,0.0,0.0,20.0,2.0,0.0,7.0,42.0,0.0,2.0,2.0,0.0,0.0
84,21.0,2.0,0.0,0.0,0.0,0.0,8.0,0.0,0.0,0.0,0.0,0.0,20.0,2.0,0.0,7.0,42.0,0.0,2.0,2.0,0.0,0.0
85,21.0,2.0,0.0,0.0,0.0,0.0,8.0,0.0,0.0,0.0,0.0,0.0,20.0,2.0,0.0,7.0,42.0,0.0,2.0,2.0,0.0,0.0
86,21.0,2.0,0.0,0.0,0.0,0.0,8.0,0.0,0.0,0.0,0.0,0.0,20.0,2.0,0.0,7.0,42.0,0.0,2.0,2.0,0.0,0.0
87,21.0,2.0,0.0,0.0,0.0,0.0,8.0,0.0,0.0,0.0,0.0,0.0,20.0,2.0,0.0,7.0,42.0,0.0,2.0,2.0,0.0,0.0
88,21.0,2.0,0.0,0.0,0.0,0.0,8.0,0.0,0.0,0.0,0.0,0.0,20.0,2.0,0.0,7.0,42.0,0.0,2.0,2.0,0.0,0.0
89,21.0,2.0,0.0,0.0,0.0,0.0,8.0,0.0,0.0,0.0,0.0,0.0,20.0,2.0,0.0,7.0,42.0,0.0,2.0,2.0,0.0,0.0
90,21.0,2.0,0.0,0.0,0.0,0.0,8.0,0.0,0.0,0.0,0.0,0.0,20.0,2.0,0.0,7.0,42.0,0.0,2.0,2.0,0.0,0.0
91,21.0,2.0,0.0,0.0,0.0,0.0,8.0,0.0,0.0,0.0,0.0,0.0,20.0,2.0,0.0,7.0,42.0,0.0,2.0,2.0,0.0,0.0
92,21.0,2.0,0.0,0.0,0.0,0.0,8.0,0.0,0.0,0.0,0.0,0.0,20.0,2.0,0.0,7.0,42.0,0.0,2.0,2.0,0.0,0.0
93,21.0,2.0,0.0,0.0,0.0,0.0,8.0,0.0,0.0,0.0,0.0,0.0,20.0,2.0,0.0,7.0,42.0,0.0,2.0,2.0,0.0,0.0
94,21.0,2.0,0.0,0.0,0.0,0.0,8.0,0.0,0.0,0.0,0.0,0.0,20.0,2.0,0.0,7.0,42.0,0.0,2.0,2.0,0.0,0.0
95,21.0,2.0,0.0,0.0,0.0,0.0,8.0,0.0,0.0,0.0,0.0,0.0,20.0,2.0,0.0,7.0,42.0,0.0,2.0,2.0,0.0,0.0
96,21.0,2.0,0.0,0.0,0.0,0.0,8.0,0.0,0.0,0.0,0.0,0.0,20.0,2.0,0.0,7.0,42.0,0.0,2.0,2.0,0.0,0.0
97,21.0,2.0,0.0,0.0,0.0,0.0,8.0,0.0,0.0,0.0,0.0,0.0,20.0,2.0,0.0,7.0,42.0,0.0,2.0,2.0,0.0,0.0
98,21.0,2.0,0.0,0.0,0.0,0.0,8.0,0.0,0.0,0.0,0.0,0.0,20.0,2.0,0.0,7.0,42.0,0.0,2.0,2.0,0.0,0.0
99,21.0,2.0,0.0,0.0,0.0,0.0,8.0,0.0,0.0,0.0,0.0,0.0,20.0,2.0,0.0,7.0,42.0,0.0,2.0,2.0,0.0,0.0
100,21.0,2.0,0.0,0.0,0.0,0.0,8.0,0.0,0.0,0.0,0.0,0.0,20.0,2.0,0.0,7.0,42.0,0.0,2.0,2.0,0.0,0.0
101,21.0,2.0,0.0,0.0,0.0,0.0,8.0,0.0,0.0,0.0,0.0,0.0,20.0,2.0,0.0,7.0,42.0,0.0,2.0,2.0,0.0,0.0
102,21.0,2.0,0.0,0.0,0.0,0.0,8.0,0.0,0.0,0.0,0.0,0.0,20.0,2.0,0.0,7.0,42.0,0.0,2.0,2.0,0.0,0.0
103,21.0,2.0,0.0,0.0,0.0,0.0,8.0,0.0,0.0,0.0,0.0,0.0,20.0,2.0,0.0,7.0,42.0,0.0,2.0,2.0,0.0,0.0
104,21.0,2.0,0.0,0.0,0.0,0.0,8.0,0.0,0.0,0.0,0.0,0.0,20.0,2.0,0.0,7.0,42.0,0.0,2.0,2.0,0.0,0.0
105,21.0,2.0,0.0,0.0,0.0,0.0,8.0,0.0,0.0,0.0,0.0,0.0,20.0,2.0,0.0,7.0,42.0,0.0,2.0,2.0,0.0,0.0
106,21.0,2.0,0.0,0.0,0.0,0.0,8.0,0.0,0.0,0.0,0.0,0.0,20.0,2.0,0.0,7.0,42.0,0.0,2.0,2.0,0.0,0.0
107,21.0,2.0,0.0,0.0,0.0,0.0,8.0,0.0,0.0,0.0,0.0,0.0,20.0,2.0,0.0,7.0,42.0,0.0,2.0,2.0,0.0,0.0
108,21.0,2.0,0.0,0.0,0.0,0.0,8.0,0.0,0.0,0.0,0.0,0.0,20.0,2.0,0.0,7.0,42.0,0.0,2.0,2.0,0.0,0.0
109,21.0,2.0,0.0,0.0,0.0,0.0,8.0,0.0,0.0,0.0,0.0,0.0,20.0,2.0,0.0,7.0,42.0,0.0,2.0,2.0,0.0,0.0
110,21.0,2.0,0.0,0.0,0.0,0.0,8.0,0.0,0.0,0.0,0.0,0.0,20.0,2.0,0.0,7.0,42.0,0.0,2.0,2.0,0.0,0.0
111,21.0,2.0,0.0,0.0,0.0,0.0,8.0,0.0,0.0,0.0,0.0,0.0,20.0,2.0,0.0,7.0,42.0,0.0,2.0,2.0,0.0,0.0
112,21.0,2.0,0.0,0.0,0.0,0.0,8.0,0.0,0.0,0.0,0.0,0.0,20.0,2.0,0.0,7.0,42.0,0.0,2.0,2.0,0.0,0.0
113,21.0,2.0,0.0,0.0,0.0,0.0,8.0,0.0,0.0,0.0,0.0,0.0,20.0,2.0,0.0,7.0,42.0,0.0,2.0,2.0,0.0,0.0
114,21.0,2.0,0.0,0.0,0.0,0.0,8.0,0.0,0.0,0.0,0.0,0.0,20.0,2.0,0.0,7.0,42.0,0.0,2.0,2.0,0.0,0.0
115,21.0,2.0,0.0,0.0,0.0,0.0,8.0,0.0,0.0,0.0,0.0,0.0,20.0,2.0,0.0,7.0,42.0,0.0,2.0,2.0,0.0,0.0
116,21.0,2.0,0.0,0.0,0.0,0.0,8.0,0.0,0.0,0.0,0.0,0.0,20.0,2.0,0.0,7.0,42.0,0.0,2.0,2.0,0.0,0.0
117,21.0,2.0,0.0,0.0,0.0,0.0,8.0,0.0,0.0,0.0,0.0,0.0,20.0,2.0,0.0,7.0,42.0,0.0,2.0,2.0,0.0,0.0
118,21.0,2.0,0.0,0.0,0.0,0.0,8.0,0.0,0.0,0.0,0.0,0.0,20.0,2.0,0.0,7.0,42.0,0.0,2.0,2.0,0.0,0.0
119,21.0,2.0,0.0,0.0,0.0,0.0,8.0,0.0,0.0,0.0,0.0,0.0,20.0,2.0,0.0,7.0,42.0,0.0,2.0,2.0,0.0,0.0
120,21.0,2.0,0.0,0.0,0.0,0.0,8.0,0.0,0.0,0.0,0.0,0.0,20.0,2.0,0.0,7.0,42.0,0.0,2.0,2.0,0.0,0.0
121,21.0,2.0,0.0,0.0,0.0,0.0,8.0,0.0,0.0,0.0,0.0,0.0,20.0,2.0,0.0,7.0,42.0,0.0,2.0,2.0,0.0,0.0
122,21.0,2.0,0.0,0.0,0.0,0.0,8.0,0.0,0.0,0.0,0.0,0.0,20.0,2.0,0.0,7.0,42.0,0.0,2.0,2.0,0.0,0.0
123,21.0,2.0,0.0,0.0,0.0,0.0,8.0,0.0,0.0,0.0,0.0,0.0,20.0,2.0,0.0,7.0,42.0,0.0,2.0,2.0,0.0,0.0
124,21.0,2.0,0.0,0.0,0.0,0.0,8.0,0.0,0.0,0.0,0.0,0.0,20.0,2.0,0.0,7.0,42.0,0.0,2.0,2.0,0.0,0.0
125,21.0,2.0,0.0,0.0,0.0,0.0,8.0,0.0,0.0,0.0,0.0,0.0,20.0,2.0,0.0,7.0,42.0,0.0,2.0,2.0,0.0,0.0
126,21.0,2.0,0.0,0.0,0.0,0.0,8.0,0.0,0.0,0.0,0.0,0.0,20.0,2.0,0.0,7.0,42.0,0.0,2.0,2.0,0.0,0.0
127,21.0,2.0,0.0,0.0,0.0,0.0,8.0,0.0,0.0,0.0,0.0,0.0,20.0,2.0,0.0,7.0,42.0,0.0,2.0,2.0,0.0,0.0
128,21.0,2.0,0.0,0.0,0.0,0.0,8.0,0.0,0.0,0.0,0.0,0.0,20.0,2.0,0.0,7.0,42.0,0.0,2.0,2.0,0.0,0.0
129,21.0,2.0,0.0,0.0,0.0,0.0,8.0,0.0,0.0,0.0,0.0,0.0,20.0,2.0,0.0,7.0,42.0,0.0,2.0,2.0,0.0,0.0
130,21.0,2.0,0.0,0.0,0.0,0.0,8.0,0.0,0.0,0.0,0.0,0.0,20.0,2.0,0.0,7.0,42.0,0.0,2.0,2.0,0.0,0.0
131,21.0,2.0,0.0,0.0,0.0,0.0,8.0,0.0,0.0,0.0,0.0,0.0,20.0,4.333333333333334,0.0,7.0,42.0,0.0,2.0,2.0,0.0,0.0
132,21.0,2.0,0.0,0.0,0.0,0.0,8.0,0.0,0.0,0.0,0.0,0.0,20.0,6.666666666666667,0.0,7.0,42.0,0.0,2.0,2.0,0.0,0.0
133,21.0,2.0,0.0,0.0,0.0,0.0,8.0,0.0,0.0,0.0,0.0,0.0,20.0,9.0,0.0,7.0,42.0,0.0,2.0,2.0,0.0,0.0
134,21.0,2.0,0.0,0.0,0.0,0.0,8.0,0.0,0.0,0.0,0.0,0.0,20.0,11.333333333333334,0.0,7.0,42.0,0.0,2.0,2.0,0.0,0.0
135,21.0,2.0,0.0,0.0,0.0,0.0,8.0,0.0,0.0,0.0,0.0,0.0,20.0,13.666666666666668,0.0,7.0,42.0,0.0,2.0,2.0,0.0,0.0
136,21.0,2.0,0.0,0.0,0.0,0.0,8.0,0.0,0.0,0.0,0.0,0.0,20.0,16.0,0.0,7.0,42.0,0.0,2.0,2.0,0.0,0.0
137,21.0,2.0,0.0,0.0,0.0,0.0,8.0,0.0,0.0,0.0,0.0,0.0,20.0,16.0,0.0,7.0,42.0,0.0,2.0,2.0,0.0,0.0
138,21.0,2.0,0.0,0.0,0.0,0.0,8.0,0.0,0.0,0.0,0.0,0.0,20.0,16.0,0.0,7.0,42.0,0.0,2.0,2.0,0.0,0.0
139,21.0,2.0,0.0,0.0,0.0,0.0,8.0,0.0,0.0,0.0,0.0,0.0,20.0,16.0,0.0,7.0,42.0,0.0,2.0,2.0,0.0,0.0
140,21.0,2.0,0.0,0.0,0.0,0.0,8.0,0.0,0.0,0.0,0.0,0.0,20.0,16.0,0.0,7.0,42.0,0.0,2.0,2.0,0.0,0.0
141,21.0,2.0,0.0,0.0,0.0,0.0,8.0,0.0,0.0,0.0,0.0,0.0,20.0,16.0,0.0,7.0,42.0,0.0,2.0,2.0,0.0,0.0
142,21.0,2.0,0.0,0.0,0.0,0.0,8.0,0.0,0.0,0.0,0.0,0.0,20.0,16.0,0.0,7.0,42.0,0.0,2.0,2.0,0.0,0.0
143,21.0,2.0,0.0,0.0,0.0,0.0,8.0,0.0,0.0,0.0,0.0,0.0,20.0,16.0,0.0,7.0,42.0,0.0,2.0,2.0,0.0,0.0
144,21.0,2.0,0.0,0.0,0.0,0.0,8.0,0.0,0.0,0.0,0.0,0.0,20.0,16.0,0.0,7.0,42.0,0.0,2.0,2.0,0.0,0.0
145,21.0,2.0,0.0,0.0,0.0,0.0,8.0,0.0,0.0,0.0,0.0,0.0,20.0,16.0,0.0,7.0,42.0,0.0,2.0,2.0,0.0,0.0
146,21.0,2.0,0.0,0.0,0.0,0.0,8.0,0.0,0.0,0.0,0.0,0.0,20.0,16.0,0.0,7.0,42.0,0.0,2.0,2.0,0.0,0.0
147,21.0,2.0,0.0,0.0,0.0,0.0,8.0,0.0,0.0,0.0,0.0,0.0,20.0,16.0,0.0,7.0,42.0,0.0,2.0,2.0,0.0,0.0
148,21.0,2.0,0.0,0.0,0.0,0.0,8.0,0.0,0.0,0.0,0.0,0.0,20.0,16.0,0.0,7.0,42.0,0.0,2.0,2.0,0.0,0.0
149,21.0,2.0,0.0,0.0,0.0,0.0,8.0,0.0,0.0,0.0,0.0,0.0,20.0,16.0,0.0,7.0,42.0,0.0,2.0,2.0,0.0,0.0
150,21.0,2.0,0.0,0.0,0.0,0.0,8.0,0.0,0.0,0.0,0.0,0.0,20.0,16.0,0.0,7.0,42.0,0.0,2.0,2.0,0.0,0.0
151,21.0,2.0,0.0,0.0,0.0,0.0,8.0,0.0,0.0,0.0,0.0,0.0,20.0,16.0,0.0,7.0,42.0,0.0,2.0,2.0,0.0,0.0
152,21.0,2.0,0.0,0.0,0.0,0.0,8.0,0.0,0.0,0.0,0.0,0.0,20.0,16.0,0.0,7.0,42.0,0.0,2.0,2.0,0.0,0.0
153,21.0,2.0,0.0,0.0,0.0,0.0,8.0,0.0,0.0,0.0,0.0,0.0,20.0,16.0,0.0,7.0,42.0,0.0,2.0,2.0,0.0,0.0
154,21.0,2.0,0.0,0.0,0.0,0.0,8.0,0.0,0.0,0.0,0.0,0.0,20.0,16.0,0.0,7.0,42.0,0.0,2.0,2.0,0.0,0.0
155,21.0,2.0,0.0,0.0,0.0,0.0,8.0,0.0,0.0,0.0,0.0,0.0,20.0,16.0,0.0,7.0,42.0,0.0,2.0,2.0,0.0,0.0
156,21.0,2.0,0.0,0.0,0.0,0.0,8.0,0.0,0.0,0.0,0.0,0.0,20.0,16.0,0.0,7.0,42.0,0.0,2.0,2.0,0.0,0.0
157,21.0,2.0,0.0,0.0,0.0,0.0,8.0,0.0,0.0,0.0,0.0,0.0,20.0,16.0,0.0,7.0,42.0,0.0,2.0,2.0,0.0,0.0
158,21.0,2.0,0.0,0.0,0.0,0.0,8.0,0.0,0.0,0.0,0.0,0.0,20.0,16.0,0.0,7.0,42.0,0.0,2.0,2.0,0.0,0.0
159,21.0,2.0,0.0,0.0,0.0,0.0,8.0,0.0,0.0,0.0,0.0,0.0,20.0,16.0,0.0,7.0,42.0,0.0,2.0,2.0,0.0,0.0
160,21.0,2.0,0.0,0.0,0.0,0.0,8.0,0.0,0.0,0.0,0.0,0.0,20.0,16.0,0.0,7.0,42.0,0.0,2.0,2.0,0.0,0.0
161,21.0,2.0,0.0,0.0,0.0,0.0,8.0,0.0,0.0,0.0,0.0,0.0,20.0,16.0,0.0,7.0,42.0,0.0,2.0,2.0,0.0,0.0
162,21.0,2.0,0.0,0.0,0.0,0.0,8.0,0.0,0.0,0.0,0.0,0.0,20.0,16.0,0.0,7.0,42.0,0.0,2.0,2.0,0.0,0.0
163,21.0,2.0,0.0,0.0,0.0,0.0,8.0,0.0,0.0,0.0,0.0,0.0,20.0,16.0,0.0,7.0,42.0,0.0,2.0,2.0,0.0,0.0
164,21.0,2.0,0.0,0.0,0.0,0.0,8.0,0.0,0.0,0.0,0.0,0.0,20.0,16.0,0.0,7.0,42.0,0.0,2.0,2.0,0.0,0.0
165,21.0,2.0,0.0,0.0,0.0,0.0,8.0,0.0,0.0,0.0,0.0,0.0,20.0,16.0,0.0,7.0,42.0,0.0,2.0,2.0,0.0,0.0
166,21.0,2.0,0.0,0.0,0.0,0.0,8.0,0.0,0.0,0.0,0.0,0.0,20.0,16.0,0.0,7.0,42.0,0.0,2.0,2.0,0.0,0.0
167,21.0,2.0,0.0,0.0,0.0,0.0,8.0,0.0,0.0,0.0,0.0,0.0,20.0,16.0,0.0,7.0,42.0,0.0,2.0,2.0,0.0,0.0
168,21.0,2.0,0.0,0.0,0.0,0.0,8.0,0.0,0.0,0.0,0.0,0.0,20.0,16.0,0.0,7.0,42.0,0.0,2.0,2.0,0.0,0.0
169,21.0,2.0,0.0,0.0,0.0,0.0,8.0,0.0,0.0,0.0,0.0,0.0,20.0,16.0,0.0,7.0,42.0,0.0,2.0,2.0,0.0,0.0
170,21.0,2.0,0.0,0.0,0.0,0.0,8.0,0.0,0.0,0.0,0.0,0.0,20.0,16.0,0.0,7.0,42.0,0.0,2.0,2.0,0.0,0.0
171,21.0,2.0,0.0,0.0,0.0,0.0,8.0,0.0,0.0,0.0,0.0,0.0,20.0,16.0,0.0,7.0,42.0,0.0,2.0,2.0,0.0,0.0
172,21.0,2.0,0.0,0.0,0.0,0.0,8.0,0.0,0.0,0.0,0.0,0.0,20.0,16.0,0.0,7.0,38.72727272727273,0.0,2.0,2.0,0.0,0.0
173,21.0,2.0,0.0,0.0,0.0,0.0,8.0,0.0,0.0,0.0,0.0,0.0,20.0,16.0,0.0,7.0,35.45454545454545,0.0,2.0,2.0,0.0,0.0
174,21.0,2.0,0.0,0.0,0.0,0.0,8.0,0.0,0.0,0.0,0.0,0.0,20.0,16.0,0.0,7.0,32.18181818181818,0.0,2.0,2.0,0.0,0.0
175,21.0,2.0,0.0,0.0,0.0,0.0,8.0,0.0,0.0,0.0,0.0,0.0,20.0,16.0,0.0,7.0,28.909090909090907,0.0,2.0,2.0,0.0,0.0
176,21.0,2.0,0.0,0.0,0.0,0.0,8.0,0.0,0.0,0.0,0.0,0.0,20.0,16.0,0.0,7.0,25.636363636363637,0.0,2.0,2.0,0.0,0.0
177,21.0,2.0,0.0,0.0,0.0,0.0,8.0,0.0,0.0,0.0,0.0,0.0,20.0,16.0,0.0,7.0,22.363636363636363,0.0,2.0,2.0,0.0,0.0
178,21.0,2.0,0.0,0.0,0.0,0.0,8.0,0.0,0.0,0.0,0.0,0.0,20.0,16.0,0.0,7.0,19.09090909090909,0.0,2.0,2.0,0.0,0.0
179,21.0,2.0,0.0,0.0,0.0,0.0,8.0,0.0,0.0,0.0,0.0,0.0,20.0,16.0,0.0,7.0,15.818181818181817,0.0,2.0,2.0,0.0,0.0
180,21.0,2.0,0.0,0.0,0.0,0.0,8.0,0.0,0.0,0.0,0.0,0.0,20.0,16.0,0.0,7.0,12.545454545454543,0.0,2.0,2.0,0.0,0.0
181,21.0,2.0,0.0,0.0,0.0,0.0,8.0,0.0,0.0,0.0,0.0,0.0,20.0,16.0,0.0,7.0,9.272727272727273,0.0,2.0,2.0,0.0,0.0
182,21.0,2.0,0.0,0.0,0.0,0.0,8.0,0.0,0.0,0.0,0.0,0.0,20.0,16.0,0.0,7.0,6.0,0.0,2.0,2.0,0.0,0.0
183,21.0,2.0,0.0,0.0,0.0,0.0,8.0,0.0,0.0,0.0,0.0,0.0,20.0,16.0,0.0,7.0,6.0,0.0,2.0,2.0,0.0,0.0
184,21.0,2.0,0.0,0.0,0.0,0.0,8.0,0.0,0.0,0.0,0.0,0.0,20.0,16.0,0.0,7.0,6.0,0.0,2.0,2.0,0.0,0.0
185,21.0,2.0,0.0,0.0,0.0,0.0,8.0,0.0,0.0,0.0,0.0,0.0,20.0,16.0,0.0,7.0,6.0,0.0,2.0,2.0,0.0,0.0
186,21.0,2.0,0.0,0.0,0.0,0.0,8.0,0.0,0.0,0.0,0.0,0.0,20.0,16.0,0.0,7.0,6.0,0.0,2.0,2.0,0.0,0.0
187,21.0,2.0,0.0,0.0,0.0,0.0,8.0,0.0,0.0,0.0,0.0,0.0,20.0,16.0,0.0,7.0,6.0,0.0,2.0,2.0,0.0,0.0
188,21.0,2.0,0.0,0.0,0.0,0.0,8.0,0.0,0.0,0.0,0.0,0.0,20.0,16.0,0.0,7.0,6.0,0.0,2.0,2.0,0.0,0.0
189,21.0,2.0,0.0,0.0,0.0,0.0,8.0,0.0,0.0,0.0,0.0,0.0,20.0,16.0,0.0,7.0,6.0,0.0,2.0,2.0,0.0,0.0
190,21.0,2.0,0.0,0.0,0.0,0.0,8.0,0.0,0.0,0.0,0.0,0.0,20.0,16.0,0.0,7.0,6.0,0.0,2.0,2.0,0.0,0.0
191,21.0,2.0,0.0,0.0,0.0,0.0,8.0,0.0,0.0,0.0,0.0,0.0,20.0,16.0,0.0,7.0,6.0,0.0,2.0,2.0,0.0,0.0
192,21.0,2.0,0.0,0.0,0.0,0.0,8.0,0.0,0.0,0.0,0.0,0.0,20.0,16.0,0.0,7.0,6.0,0.0,2.0,2.0,0.0,0.0
193,21.0,2.0,0.0,0.0,0.0,0.0,8.0,0.0,0.0,0.0,0.0,0.0,20.0,16.0,0.0,7.0,6.0,0.0,2.0,2.0,0.0,0.0
194,21.0,2.0,0.0,0.0,0.0,0.0,8.0,0.0,0.0,0.0,0.0,0.0,20.0,16.0,0.0,7.0,6.0,0.0,2.0,2.0,0.0,0.0
195,21.0,2.0,0.0,0.0,0.0,0.0,8.0,0.0,0.0,0.0,0.0,0.0,20.0,16.0,0.0,7.0,6.0,0.0,2.0,2.0,0.0,0.0
196,21.0,2.0,0.0,0.0,0.0,0.0,8.0,0.0,0.0,0.0,0.0,0.0,20.0,16.0,0.0,7.0,6.0,0.0,2.0,2.0,0.0,0.0
197,21.0,2.0,0.0,0.0,0.0,0.0,8.0,0.0,0.0,0.0,0.0,0.0,20.0,16.0,0.0,7.0,6.0,0.0,2.0,2.0,0.0,0.0
198,21.0,2.0,0.0,0.0,0.0,0.0,8.0,0.0,0.0,0.0,0.0,0.0,20.0,16.0,0.0,7.0,6.0,0.0,2.0,2.0,0.0,0.0
199,21.0,2.0,0.0,0.0,0.0,0.0,8.0,0.0,0.0,0.0,0.0,0.0,20.0,16.0,0.0,7.0,6.0,0.0,2.0,2.0,0.0,0.0
200,21.0,2.0,0.0,0.0,0.0,0.0,8.0,0.0,0.0,0.0,0.0,0.0,20.0,16.0,0.0,7.0,6.0,0.0,2.0,2.0,0.0,0.0
