index,8629417,30383841,53664497,67508428,140675080,181508472,381136513
-500,0.0,0.0,0.0,0.0,0.0,0.0,1.0
-499,0.0,0.0,0.0,0.0,0.0,0.0,1.0
-498,0.0,0.0,0.0,0.0,0.0,0.0,1.0
-497,0.0,0.0,0.0,0.0,0.0,0.0,1.0
-496,0.0,0.0,0.0,0.0,0.0,0.0,1.0
-495,0.0,0.0,0.0,0.0,0.0,0.0,1.0
-494,0.0,0.0,0.0,0.0,0.0,0.0,1.0
-493,0.0,0.0,0.0,0.0,0.0,0.0,1.0
-492,0.0,0.0,0.0,0.0,0.0,0.0,1.0
-491,0.0,0.0,0.0,0.0,0.0,0.0,1.0
-490,0.0,0.0,0.0,0.0,0.0,0.0,1.0
-489,0.0,0.0,0.0,0.0,0.0,0.0,1.0
-488,0.0,0.0,0.0,0.0,0.0,0.0,1.0
-487,0.0,0.0,0.0,0.0,0.0,0.0,1.0
-486,0.0,0.0,0.0,0.0,0.0,0.0,1.0
-485,0.0,0.0,0.0,0.0,0.0,0.0,1.0
-484,0.0,0.0,0.0,0.0,0.0,0.0,1.0
-483,0.0,0.0,0.0,0.0,0.0,0.0,1.0
-482,0.0,0.0,0.0,0.0,0.0,0.0,1.0
-481,0.0,0.0,0.0,0.0,0.0,0.0,1.0
-480,0.0,0.0,0.0,0.0,0.0,0.0,1.0
-479,0.0,0.0,0.0,0.0,0.0,0.0,1.0
-478,0.0,0.0,0.0,0.0,0.0,0.0,1.0
-477,0.0,0.0,0.0,0.0,0.0,0.0,1.0
-476,0.0,0.0,0.0,0.0,0.0,0.0,1.0
-475,0.0,0.0,0.0,0.0,0.0,0.0,1.0
-474,0.0,0.0,0.0,0.0,0.0,0.0,1.0
-473,0.0,0.0,0.0,0.0,0.0,0.0,1.0
-472,0.0,0.0,0.0,0.0,0.0,0.0,1.0
-471,0.0,0.0,0.0,0.0,0.0,0.0,1.0
-470,0.0,0.0,0.0,0.0,0.0,0.0,1.0
-469,0.0,0.0,0.0,0.0,0.0,0.0,1.0
-468,0.0,0.0,0.0,0.0,0.0,0.0,1.0
-467,0.0,0.0,0.0,0.0,0.0,0.0,1.0
-466,0.0,0.0,0.0,0.0,0.0,0.0,1.0
-465,0.0,0.0,0.0,0.0,0.0,0.0,1.0
-464,0.0,0.0,0.0,0.0,0.0,0.0,1.0
-463,0.0,0.0,0.0,0.0,0.0,0.0,1.0
-462,0.0,0.0,0.0,0.0,0.0,0.0,1.0
-461,0.0,0.0,0.0,0.0,0.0,0.0,1.0
-460,0.0,0.0,0.0,0.0,0.0,0.0,1.0
-459,0.0,0.0,0.0,0.0,0.0,0.0,1.0
-458,0.0,0.0,0.0,0.0,0.0,0.0,1.0
-457,0.0,0.0,0.0,0.0,0.0,0.0,1.0
-456,0.0,0.0,0.0,0.0,0.0,0.0,1.0
-455,0.0,0.0,0.0,0.0,0.0,0.0,1.0
-454,0.0,0.0,0.0,0.0,0.0,0.0,1.0
-453,0.0,0.0,0.0,0.0,0.0,0.0,1.0
-452,0.0,0.0,0.0,0.0,0.0,0.0,1.0
-451,0.0,0.0,0.0,0.0,0.0,0.0,1.0
-450,0.0,0.0,0.0,0.0,0.0,0.0,1.0
-449,0.0,0.0,0.0,0.0,0.0,0.0,1.0
-448,0.0,0.0,0.0,0.0,0.0,0.0,1.0
-447,0.0,0.0,0.0,0.0,0.0,0.028846153846153848,1.0
-446,0.0,0.0,0.0,0.0,0.0,0.057692307692307696,1.0
-445,0.0,0.0,0.0,0.0,0.0,0.08653846153846154,1.0
-444,0.0,0.0,0.0,0.0,0.0,0.11538461538461539,1.0
-443,0.0,0.0,0.0,0.0,0.0,0.14423076923076925,1.0
-442,0.0,0.0,0.0,0.0,0.0,0.17307692307692307,1.0
-441,0.0,0.0,0.0,0.0,0.0,0.20192307692307693,1.0
-440,0.0,0.0,0.0,0.0,0.0,0.23076923076923078,1.0
-439,0.0,0.0,0.0,0.0,0.0,0.25961538461538464,1.0
-438,0.0,0.0,0.0,0.0,0.0,0.2884615384615385,1.0
-437,0.0,0.0,0.0,0.0,0.0,0.31730769230769235,1.0
-436,0.0,0.0,0.0,0.0,0.0,0.34615384615384615,1.0
-435,0.0,0.0,0.0,0.0,0.0,0.375,1.0
-434,0.0,0.0,0.0,0.0,0.0,0.40384615384615385,0.9285714285714286
-433,0.0,0.0,0.0,0.0,0.0,0.4326923076923077,0.8571428571428572
-432,0.0,0.0,0.0,0.0,0.0,0.46153846153846156,0.7857142857142857
-431,0.0,0.0,0.0,0.0,0.0,0.4903846153846154,0.7142857142857143
-430,0.0,0.0,0.0,0.0,0.0,0.5192307692307693,0.6428571428571429
-429,0.0,0.0,0.0,0.0,0.0,0.5480769230769231,0.5714285714285714
-428,0.0,0.0,0.0,0.0,0.0,0.576923076923077,0.5
-427,0.0,0.0,0.0,0.0,0.0,0.6057692307692308,0.53125
-426,0.0,0.0,0.0,0.0,0.0,0.6346153846153847,0.5625
-425,0.0,0.0,0.0,0.0,0.0,0.6634615384615385,0.59375
-424,0.0,0.0,0.0,0.0,0.0,0.6923076923076923,0.625
-423,0.0,0.0,0.0,0.0,0.0,0.7211538461538461,0.65625
-422,0.0,0.0,0.0,0.0,0.0,0.75,0.6875
-421,0.0,0.0,0.0,0.0,0.0,0.7788461538461539,0.71875
-420,0.0,0.0,0.0,0.0,0.0,0.8076923076923077,0.75
-419,0.0,0.0,0.0,0.0,0.0,0.8365384615384616,0.78125
-418,0.0,0.0,0.0,0.0,0.0,0.8653846153846154,0.8125
-417,0.0,0.0,0.0,0.0,0.0,0.8942307692307693,0.84375
-416,0.0,0.0,0.0,0.0,0.0,0.9230769230769231,0.875
-415,0.0,0.0,0.0,0.0,0.0,0.951923076923077,0.90625
-414,0.0,0.0,0.0,0.0,0.0,0.9807692307692308,0.9375
-413,0.0,0.0,0.0,0.0,0.0,1.0096153846153846,0.96875
-412,0.0,0.0,0.0,0.0,0.0,1.0384615384615385,1.0
-411,0.0,0.0,0.0,0.0,0.0,1.0673076923076923,0.8571428571428572
-410,0.0,0.0,0.0,0.0,0.0,1.0961538461538463,0.7142857142857143
-409,0.0,0.0,0.0,0.0,0.0,1.125,0.5714285714285714
-408,0.0,0.0,0.0,0.0,0.0,1.153846153846154,0.4285714285714286
-407,0.0,0.0,0.0,0.0,0.0,1.1826923076923077,0.2857142857142858
-406,0.0,0.0,0.0,0.0,0.0,1.2115384615384617,0.1428571428571429
-405,0.0,0.0,0.0,0.0,0.0,1.2403846153846154,0.0
-404,0.0,0.0,0.0,0.0,0.0,1.2692307692307694,0.0
-403,0.0,0.0,0.0,0.0,0.0,1.2980769230769231,0.0
-402,0.0,0.0,0.0,0.0,0.0,1.326923076923077,0.0
-401,0.0,0.0,0.0,0.0,0.0,1.3557692307692308,0.0
-400,0.0,0.0,0.0,0.0,0.0,1.3846153846153846,0.0
-399,0.0,0.0,0.0,0.0,0.0,1.4134615384615385,0.0
-398,0.0,0.0,0.0,0.0,0.0,1.4423076923076923,0.0
-397,0.0,0.0,0.0,0.0,0.0,1.4711538461538463,0.0
-396,0.0,0.0,0.0,0.0,0.0,1.5,0.0
-395,0.0,0.0,0.0,0.0,0.0,1.528846153846154,0.0
-394,0.0,0.0,0.0,0.0,0.0,1.5576923076923077,0.0
-393,0.0,0.0,0.0,0.0,0.0,1.5865384615384617,0.0
-392,0.0,0.0,0.0,0.0,0.0,1.6153846153846154,0.0
-391,0.0,0.0,0.0,0.0,0.0,1.6442307692307694,0.0
-390,0.0,0.0,0.0,0.0,0.0,1.6730769230769231,0.0
-389,0.0,0.0,0.0,0.0,0.0,1.701923076923077,0.0
-388,0.0,0.0,0.0,0.0,0.0,1.7307692307692308,0.0
-387,0.0,0.0,0.0,0.0,0.0,1.7596153846153848,0.0
-386,0.0,0.0,0.0,0.0,0.0,1.7884615384615385,0.0
-385,0.0,0.0,0.0,0.0,0.0,1.8173076923076925,0.0
-384,0.0,0.0,0.0,0.0,0.0,1.8461538461538463,0.0
-383,0.0,0.0,0.0,0.0,0.0,1.875,0.0
-382,0.0,0.0,0.0,0.0,0.0,1.903846153846154,0.0
-381,0.0,0.0,0.0,0.0,0.0,1.9326923076923077,0.0
-380,0.0,0.0,0.0,0.0,0.0,1.9615384615384617,0.0
-379,0.0,0.0,0.0,0.0,0.0,1.9903846153846154,0.0
-378,0.0,0.0,0.0,0.0,0.0,2.019230769230769,0.0
-377,0.0,0.0,0.0,0.0,0.0,2.0480769230769234,0.0
-376,0.0,0.0,0.0,0.0,0.0,2.076923076923077,0.0
-375,0.0,0.0,0.0,0.0,0.0,2.105769230769231,0.0
-374,0.0,0.0,0.0,0.0,0.0,2.1346153846153846,0.0
-373,0.0,0.0,0.0,0.0,0.0,2.1634615384615388,0.0
-372,0.0,0.0,0.0,0.0,0.0,2.1923076923076925,0.0
-371,0.0,0.0,0.0,0.0,0.0,2.2211538461538463,0.0
-370,0.0,0.0,0.0,0.0,0.0,2.25,0.0
-369,0.0,0.0,0.0,0.0,0.0,2.278846153846154,0.0
-368,0.0,0.0,0.0,0.0,0.0,2.307692307692308,0.0
-367,0.0,0.0,0.0,0.0,0.0,2.3365384615384617,0.0
-366,0.0,0.0,0.0,0.0,0.0,2.3653846153846154,0.0
-365,0.0,0.0,0.0,0.0,0.0,2.394230769230769,0.0
-364,0.0,0.0,0.0,0.0,0.0,2.4230769230769234,0.0
-363,0.0,0.0,0.0,0.0,0.0,2.451923076923077,0.0
-362,0.0,0.0,0.0,0.0,0.0,2.480769230769231,0.0
-361,0.0,0.0,0.0,0.0,0.0,2.5096153846153846,0.0
-360,0.0,0.0,0.0,0.0,0.0,2.5384615384615388,0.0
-359,0.0,0.0,0.0,0.0,0.0,2.5673076923076925,0.0
-358,0.0,0.0,0.0,0.0,0.3333333333333333,2.5961538461538463,0.0
-357,0.0,0.0,0.0,0.0,0.6666666666666666,2.625,0.0
-356,0.0,0.0,0.0,0.0,1.0,2.653846153846154,0.0
-355,0.0,0.0,0.0,0.0,0.6666666666666667,2.682692307692308,0.0
-354,0.0,0.0,0.0,0.0,0.33333333333333337,2.7115384615384617,0.0
-353,0.0,0.0,0.0,0.0,0.0,2.7403846153846154,0.0
-352,0.0,0.0,0.0,0.0,0.0,2.769230769230769,0.0
-351,0.0,0.0,0.0,0.0,0.0,2.7980769230769234,0.0
-350,0.0,0.0,0.0,0.0,0.0,2.826923076923077,0.0
-349,0.0,0.0,0.0,0.0,0.0,2.855769230769231,0.0
-348,0.0,0.0,0.0,0.0,0.0,2.8846153846153846,0.0
-347,0.0,0.0,0.0,0.0,0.0,2.9134615384615388,0.0
-346,0.0,0.0,0.0,0.0,0.0,2.9423076923076925,0.0
-345,0.0,0.0,0.0,0.0,0.0,2.9711538461538463,0.0
-344,0.0,0.0,0.0,0.0,0.16666666666666666,3.0,0.0
-343,0.0,0.0,0.0,0.0,0.3333333333333333,3.0,0.0
-342,0.0,0.0,0.0,0.0,0.5,3.0,0.0
-341,0.0,0.0,0.0,0.0,0.6666666666666666,3.0,0.0
-340,0.0,0.0,0.0,0.0,0.8333333333333333,3.0,0.0
-339,0.0,0.0,0.0,0.0,1.0,3.0,0.0
-338,0.0,0.0,0.0,0.0,1.0,3.0,0.0
-337,0.0,0.0,0.0,0.0,1.0,3.0,0.0
-336,0.0,0.0,0.0,0.0,1.0,3.0,0.0
-335,0.0,0.0,0.0,0.0,1.0,3.0,0.0
-334,0.0,0.0,0.0,0.0,1.0,3.0,0.0
-333,0.0,0.0,0.0,0.0,1.0,3.0,0.0
-332,0.0,0.0,0.0,0.0,1.0,3.0,0.0
-331,0.0,0.0,0.0,0.0,2.3636363636363633,3.0,0.0
-330,0.0,0.0,0.0,0.0,3.727272727272727,3.0,0.0
-329,0.0,0.0,0.0,0.0,5.090909090909091,3.0,0.0
-328,0.0,0.0,0.0,0.0,6.454545454545454,3.0,0.0
-327,0.0,0.0,0.0,0.0,7.8181818181818175,3.0,0.0
-326,0.0,0.0,0.0,0.0,9.181818181818182,3.0,0.0
-325,0.0,0.0,0.0,0.0,10.545454545454545,3.0,0.0
-324,0.0,0.0,0.0,0.0,11.909090909090908,3.0,0.0
-323,0.0,0.0,0.0,0.0,13.272727272727272,3.0,0.0
-322,0.0,0.0,0.0,0.0,14.636363636363635,3.0,0.0
-321,0.0,0.0,0.0,0.0,16.0,3.0,0.0
-320,0.0,0.0,0.0,0.0,16.0,3.0,0.0
-319,0.0,0.0,0.0,0.0,16.0,3.0,0.0
-318,0.0,0.0,0.0,0.0,16.0,3.0,0.0
-317,0.0,0.0,0.0,0.0,16.0,3.0,0.0
-316,0.0,0.0,0.0,0.0,16.0,3.0,0.0
-315,0.0,0.0,0.0,0.0,16.0,3.0,0.0
-314,0.0,0.0,0.0,0.0,16.0,3.0,0.0
-313,0.0,0.0,0.0,0.0,16.0,3.0,0.0
-312,0.0,0.0,0.0,0.0,16.0,3.0,0.0
-311,0.0,0.0,0.0,0.0,16.0,3.0,0.0
-310,0.0,0.0,0.0,0.0,16.0,3.0,0.0
-309,0.0,0.0,0.0,0.0,16.0,3.0,0.0
-308,0.0,0.0,0.0,0.0,16.0,3.0,0.0
-307,0.0,0.0,0.0,0.0,16.0,3.0,0.0
-306,0.0,0.0,0.0,0.0,16.0,3.0,0.0
-305,0.0,0.0,0.0,0.0,16.0,3.0,0.0
-304,0.0,0.0,0.0,0.0,16.0,3.0,0.0
-303,0.0,0.0,0.0,0.0,16.0,3.0,0.0
-302,0.0,0.0,0.0,0.0,16.0,3.0,0.0
-301,0.0,0.0,0.0,0.0,16.0,3.0,0.0
-300,0.0,0.0,0.0,0.0,16.0,3.0,0.0
-299,0.0,0.0,0.0,0.0,16.0,3.0,0.0
-298,0.0,0.0,0.0,0.0,16.0,3.0,0.0
-297,0.0,0.0,0.0,0.0,16.0,3.0,0.0
-296,0.0,0.0,0.0,0.0,16.0,3.0,0.0
-295,0.0,0.0,0.0,0.0,16.0,3.0,0.0
-294,0.0,0.0,0.0,0.0,16.0,3.0,0.0
-293,0.0,0.0,0.0,0.0,16.0,2.6666666666666665,0.0
-292,0.0,0.0,0.0,0.0,16.0,2.3333333333333335,0.0
-291,0.0,0.0,0.0,0.0,16.0,2.0,0.0
-290,0.0,0.0,0.0,0.0,16.0,1.6666666666666667,0.0
-289,0.0,0.0,0.0,0.0,16.0,1.3333333333333335,0.0
-288,0.0,0.0,0.0,0.0,16.0,1.0,0.0
-287,0.0,0.0,0.0,0.0,16.0,0.666666666666667,0.0
-286,0.0,0.0,0.0,0.0,16.0,0.3333333333333335,0.0
-285,0.0,0.0,0.0,0.0,16.0,0.0,0.0
-284,0.0,0.0,0.0,0.0,16.0,0.0,0.0
-283,0.0,0.0,0.0,0.0,16.0,0.0,0.0
-282,0.0,0.0,0.0,0.0,16.0,0.0,0.0
-281,0.0,0.0,0.0,0.0,16.0,0.0,0.0
-280,0.0,0.0,0.0,0.0,16.0,0.0,0.0
-279,0.0,0.0,0.0,0.0,16.0,0.0,0.0
-278,0.0,0.0,0.0,0.0,16.0,0.0,0.0
-277,0.0,0.0,0.0,0.0,16.0,0.0,0.0
-276,0.0,0.0,0.0,0.0,16.0,0.0,0.0
-275,0.0,0.0,0.0,0.0,16.0,0.0,0.0
-274,0.0,0.0,0.0,0.0,16.0,0.0,0.0
-273,0.0,0.0,0.0,0.0,16.0,0.0,0.0
-272,0.0,0.0,0.0,0.0,16.0,0.0,0.0
-271,0.0,0.0,0.0,0.0,16.0,0.0,0.0
-270,0.0,0.0,0.0,0.0,16.0,0.0,0.0
-269,0.0,0.0,0.0,0.0,16.0,0.0,0.0
-268,0.0,0.0,0.0,0.0,16.0,0.0,0.0
-267,0.0,0.0,0.0,0.0,16.0,0.0,0.0
-266,0.0,0.0,0.0,0.0,16.0,0.0,0.0
-265,0.0,0.0,0.0,0.0,16.0,0.0,0.0
-264,0.0,0.0,0.0,0.0,16.0,0.0,0.0
-263,0.0,0.0,0.0,0.0,16.0,0.0,0.0
-262,0.0,0.0,0.0,0.0,16.0,0.0,0.0
-261,0.0,0.0,0.0,0.0,16.0,0.0,0.0
-260,0.0,0.0,0.0,0.0,16.0,0.0,0.0
-259,0.0,0.0,0.0,0.0,16.0,0.0,0.0
-258,0.0,0.0,0.0,0.0,16.0,0.0,0.0
-257,0.0,0.0,0.0,0.0,16.0,0.0,0.0
-256,0.0,0.0,0.0,0.0,16.0,0.0,0.0
-255,0.0,0.0,0.0,0.0,16.0,0.0,0.0
-254,0.0,0.0,0.0,0.0,16.0,0.0,0.0
-253,0.0,0.0,0.0,0.0,16.0,0.0,0.0
-252,0.0,0.0,0.0,0.0,16.0,0.0,0.0
-251,0.0,0.0,0.0,0.0,16.0,0.0,0.0
-250,0.0,0.0,0.0,0.0,16.0,0.0,0.0
-249,0.0,0.0,0.0,0.0,16.0,0.0,0.0
-248,0.0,0.0,0.0,0.0,16.0,0.0,0.0
-247,0.0,0.0,0.0,0.0,16.0,0.0,0.0
-246,0.0,0.0,0.0,0.0,16.0,0.0,0.0
-245,0.0,0.0,0.0,0.0,16.0,0.0,0.0
-244,0.0,0.0,0.0,0.0,16.0,0.0,0.0
-243,0.0,0.0,0.0,0.0,16.0,0.0,0.0
-242,0.0,0.0,0.0,0.0,16.0,0.0,0.0
-241,0.0,0.0,0.0,0.0,16.0,0.0,0.0
-240,0.0,0.0,0.0,0.0,16.0,0.0,0.0
-239,0.0,0.0,0.0,0.0,16.0,0.0,0.0
-238,0.0,0.0,0.0,0.0,16.0,0.0,0.0
-237,0.0,0.0,0.0,0.0,16.0,0.0,0.0
-236,0.0,0.0,0.0,0.0,16.0,0.0,0.0
-235,0.0,0.0,0.0,0.0,16.0,0.0,0.0
-234,0.0,0.0,0.0,0.0,16.0,0.0,0.0
-233,0.0,0.0,0.0,0.0,16.0,0.0,0.0
-232,0.0,0.0,0.0,0.0,16.0,0.0,0.0
-231,0.0,0.0,0.0,0.0,16.0,0.0,0.0
-230,0.0,0.0,0.0,0.0,16.0,0.0,0.0
-229,0.0,0.0,0.0,0.0,16.0,0.0,0.0
-228,0.0,0.0,0.0,0.0,16.0,0.0,0.0
-227,0.0,0.0,0.0,0.0,16.0,0.0,0.0
-226,0.0,0.0,0.0,0.0,16.0,0.0,0.0
-225,0.0,0.0,0.0,0.0,16.0,0.0,0.0
-224,0.0,0.0,0.0,0.0,16.0,0.0,0.0
-223,0.0,0.0,0.0,0.0,16.0,0.0,0.0
-222,0.0,0.0,0.0,0.0,16.0,0.0,0.0
-221,0.0,0.0,0.0,0.0,16.0,0.0,0.0
-220,0.0,0.0,0.0,0.0,16.0,0.0,0.0
-219,0.0,0.0,0.0,0.0,16.0,0.0,0.0
-218,0.0,0.0,0.0,0.0,16.0,0.0,0.0
-217,0.0,0.0,0.0,0.0,16.0,0.0,0.0
-216,0.0,0.0,0.0,0.0,16.0,0.0,0.0
-215,0.0,0.0,0.0,0.0,16.0,0.0,0.0
-214,0.0,0.0,0.0,0.0,16.0,0.0,0.0
-213,0.0,0.0,0.0,0.0,16.0,0.0,0.0
-212,0.0,0.0,0.0,0.0,16.0,0.0,0.0
-211,0.0,0.0,0.0,0.0,16.0,0.0,0.0
-210,0.0,0.0,0.0,0.0,16.0,0.0,0.0
-209,0.0,0.0,0.0,0.0,16.0,0.0,0.0
-208,0.0,0.0,0.0,0.0,16.125,0.0,0.0
-207,0.0,0.0,0.0,0.0,16.25,0.0,0.0
-206,0.0,0.0,0.0,0.0,16.375,0.0,0.0
-205,0.0,0.0,0.0,0.0,16.5,0.0,0.0
-204,0.0,0.0,0.0,0.0,16.625,0.0,0.0
-203,0.0,0.0,0.0,0.0,16.75,0.0,0.0
-202,0.0,0.0,0.0,0.0,16.875,0.0,0.0
-201,0.0,0.0,0.0,0.0,17.0,0.0,0.0
-200,0.0,0.0,0.0,0.0,17.0,0.0,0.0
-199,0.0,0.0,0.0,0.0,17.0,0.0,0.0
-198,0.0,0.0,0.0,0.0,17.0,0.0,0.0
-197,0.0,0.0,0.0,0.0,17.0,0.0,0.0
-196,0.0,0.0,0.0,0.0,17.0,0.0,0.0
-195,0.0,0.0,0.0,0.0,17.0,0.0,0.0
-194,0.0,0.0,0.0,0.0,17.0,0.0,0.0
-193,0.0,0.0,0.0,0.0,17.0,0.0,0.0
-192,0.0,0.0,0.0,0.0,17.0,0.0,0.0
-191,0.0,0.0,0.0,0.0,17.0,0.0,0.0
-190,0.0,0.0,0.0,0.0,17.0,0.0,0.0
-189,0.0,0.0,0.0,0.0,17.0,0.0,0.0
-188,0.0,0.0,0.0,0.0,17.0,0.0,0.0
-187,0.0,0.0,0.0,0.0,17.0,0.0,0.0
-186,0.0,0.0,0.0,0.0,17.0,0.0,0.0
-185,0.0,0.0,0.0,0.0,17.0,0.0,0.0
-184,0.0,0.0,0.0,0.0,17.0,0.0,0.0
-183,0.0,0.0,0.0,0.0,17.0,0.0,0.0
-182,0.0,0.0,0.0,0.0,17.0,0.0,0.0
-181,0.0,0.0,0.0,0.0,17.0,0.0,0.0
-180,0.0,0.0,0.0,0.0,17.0,0.0,0.0
-179,0.0,0.0,0.0,0.0,17.0,0.0,0.0
-178,0.0,0.0,0.0,0.0,17.0,0.0,0.0
-177,0.0,0.0,0.0,0.0,17.0,0.0,0.0
-176,0.0,0.0,0.0,0.0,17.0,0.0,0.0
-175,0.0,0.0,0.0,0.0,17.0,0.0,0.0
-174,0.0,0.0,0.0,0.0,17.0,0.0,0.0
-173,0.0,0.0,0.0,0.0,17.0,0.0,0.0
-172,0.0,0.0,0.0,0.0,17.0,0.0,0.0
-171,0.0,0.0,0.0,0.0,17.0,0.0,0.0
-170,0.0,0.0,0.0,0.0,17.0,0.0,0.0
-169,0.0,0.0,0.0,0.0,17.0,0.0,0.0
-168,0.0,0.0,0.0,0.0,17.0,0.0,0.0
-167,0.0,0.0,0.0,0.0,17.0,0.0,0.0
-166,0.0,0.0,0.0,0.0,17.0,0.0,0.0
-165,0.0,0.0,0.0,0.0,17.0,0.0,0.0
-164,0.0,0.0,0.0,0.0,17.0,0.0,0.0
-163,0.0,0.0,0.0,0.0,17.0,0.0,0.0
-162,0.0,0.0,0.0,0.0,17.0,0.0,0.0
-161,0.0,0.0,0.0,0.0,17.0,0.0,0.0
-160,0.0,0.0,0.0,0.0,17.0,0.0,0.0
-159,0.0,0.0,0.0,0.0,17.0,0.0,0.0
-158,0.0,0.0,0.0,0.0,17.0,0.0,0.0
-157,0.0,0.0,0.0,0.0,17.0,0.0,0.0
-156,0.0,0.0,0.0,0.0,17.0,0.0,0.0
-155,0.0,0.0,0.0,0.0,17.0,0.0,0.0
-154,0.0,0.0,0.0,0.0,17.0,0.0,0.0
-153,0.0,0.0,0.0,0.0,17.0,0.0,0.0
-152,0.0,0.0,0.0,0.0,17.0,0.0,0.0
-151,0.0,0.0,0.0,0.0,17.0,0.0,0.0
-150,0.0,0.0,0.0,0.0,17.0,0.0,0.0
-149,0.0,0.0,0.0,0.0,17.0,0.0,0.0
-148,0.0,0.0,0.0,0.0,17.0,0.0,0.0
-147,0.0,0.0,0.0,0.0,17.0,0.0,0.0
-146,0.0,0.0,0.0,0.0,17.0,0.0,0.0
-145,0.0,0.0,0.0,0.0,17.0,0.0,0.0
-144,0.0,0.0,0.0,0.0,17.0,0.0,0.0
-143,0.0,0.0,0.0,0.0,17.0,0.0,0.0
-142,0.0,0.0,0.0,0.0,17.0,0.0,0.0
-141,0.0,0.0,0.0,0.0,17.0,0.0,0.0
-140,0.0,0.0,0.0,0.0,17.0,0.0,0.0
-139,0.0,0.0,0.0,0.0,17.0,0.0,0.0
-138,0.0,0.0,0.0,0.0,17.0,0.0,0.0
-137,0.0,0.0,0.0,0.0,17.0,0.0,0.0
-136,0.0,0.0,0.0,0.0,17.0,0.0,0.0
-135,0.0,0.0,0.0,0.0,17.0,0.0,0.0
-134,0.0,0.0,0.0,0.0,17.0,0.0,0.0
-133,0.0,0.0,0.0,0.0,17.0,0.0,0.0
-132,0.0,0.0,0.0,0.0,17.0,0.0,0.0
-131,0.0,0.0,0.0,0.0,17.0,0.0,0.0
-130,0.0,0.0,0.0,0.0,17.0,0.0,0.0
-129,0.0,0.0,0.0,0.0,17.0,0.0,0.0
-128,0.0,0.0,0.0,0.0,17.0,0.0,0.0
-127,0.0,0.0,0.0,0.0,17.0,0.0,0.0
-126,0.0,0.0,0.0,0.0,17.0,0.0,0.0
-125,0.0,0.0,0.0,0.0,17.0,0.0,0.0
-124,0.0,0.0,0.0,0.0,17.0,0.0,0.0
-123,0.0,0.0,0.0,0.0,17.0,0.0,0.0
-122,0.0,0.0,0.0,0.0,17.0,0.0,0.0
-121,0.0,0.0,0.0,0.0,17.0,0.0,0.0
-120,0.0,0.0,0.0,0.0,17.0,0.0,0.0
-119,0.0,0.0,0.0,0.0,17.0,0.0,0.0
-118,0.0,0.0,0.0,0.0,17.0,0.0,0.0
-117,0.0,0.0,0.0,0.0,17.0,0.0,0.0
-116,0.0,0.0,0.0,0.0,17.0,0.0,0.0
-115,0.0,0.0,0.0,0.0,17.0,0.0,0.0
-114,0.0,0.0,0.0,0.0,17.0,0.0,0.0
-113,0.0,0.0,0.0,0.0,17.0,0.0,0.0
-112,0.0,0.0,0.0,0.0,17.0,0.0,0.0
-111,0.0,0.0,0.0,0.0,17.0,0.0,0.0
-110,0.0,0.0,0.0,0.0,17.0,0.0,0.0
-109,0.0,0.0,0.0,0.0,17.0,0.0,0.0
-108,0.0,0.0,0.0,0.0,17.0,0.0,0.0
-107,0.0,0.0,0.0,0.0,17.0,0.0,0.0
-106,0.0,0.0,0.0,0.0,17.0,0.0,0.0
-105,0.0,0.0,0.0,0.0,17.0,0.0,0.0
-104,0.0,0.0,0.0,0.0,17.0,0.0,0.0
-103,0.0,0.0,0.0,0.0,17.0,0.0,0.0
-102,0.0,0.0,0.0,0.0,17.0,0.0,0.0
-101,0.0,0.0,0.0,0.0,17.0,0.0,0.0
-100,0.0,0.0,0.0,0.0,17.0,0.0,0.0
-99,0.0,0.0,0.0,0.0,17.0,0.0,0.0
-98,0.0,0.0,0.0,0.0,17.0,0.0,0.0
-97,0.0,0.0,0.0,0.0,17.0,0.0,0.0
-96,0.0,0.0,0.0,0.0,17.0,0.0,0.0
-95,0.0,0.0,0.0,0.0,17.0,0.0,0.0
-94,0.0,0.0,0.0,0.0,17.0,0.0,0.0
-93,0.0,0.0,0.0,0.0,17.0,0.0,0.0
-92,0.0,0.0,0.0,0.0,17.0,0.0,0.0
-91,0.0,0.0,0.0,0.0,17.0,0.0,0.0
-90,0.0,0.0,0.0,0.0,17.0,0.0,0.0
-89,0.0,0.0,0.0,0.0,17.0,0.0,0.0
-88,0.0,0.0,0.0,0.0,17.0,0.0,0.0
-87,0.0,0.0,0.0,0.0,17.0,0.0,0.0
-86,0.0,0.0,0.0,0.0,17.0,0.0,0.0
-85,0.0,0.0,0.0,0.0,17.0,0.0,0.0
-84,0.0,0.0,0.0,0.0,17.0,0.0,0.0
-83,0.0,0.0,0.0,0.0,17.0,0.0,0.0
-82,0.0,0.0,0.0,0.0,16.46875,0.0,0.0
-81,0.0,0.0,0.0,0.0,15.9375,0.0,0.0
-80,0.0,0.0,0.0,0.0,15.40625,0.0,0.0
-79,0.0,0.0,0.0,0.0,14.875,0.0,0.0
-78,0.0,0.0,0.0,0.0,14.34375,0.0,0.0
-77,0.0,0.0,0.0,0.0,13.8125,0.0,0.0
-76,0.0,0.0,0.0,0.0,13.28125,0.0,0.0
-75,0.0,0.0,0.0,0.0,12.75,0.0,0.0
-74,0.0,0.0,0.0,0.0,12.21875,0.0,0.0
-73,0.0,0.0,0.0,0.0,11.6875,0.0,0.0
-72,0.0,0.0,0.0,0.0,11.15625,0.0,0.0
-71,0.0,0.0,0.0,0.0,10.625,0.0,0.0
-70,0.0,0.0,0.0,0.0,10.09375,0.0,0.0
-69,0.0,0.0,0.0,0.0,9.5625,0.0,0.0
-68,0.0,0.0,0.0,0.0,9.03125,0.0,0.0
-67,0.0,0.0,0.0,0.0,8.5,0.0,0.0
-66,0.0,0.0,0.0,0.0,7.96875,0.0,0.0
-65,0.0,0.0,0.0,0.0,7.4375,0.0,0.0
-64,0.0,0.0,0.0,0.0,6.90625,0.0,0.0
-63,0.0,0.0,0.0,0.0,6.375,0.0,0.0
-62,0.0,0.0,0.0,0.0,5.84375,0.0,0.0
-61,0.0,0.0,0.0,0.0,5.3125,0.0,0.0
-60,0.0,0.0,0.0,0.0,4.78125,0.0,0.0
-59,0.0,0.0,0.0,0.0,4.25,0.0,0.0
-58,0.0,0.0,0.0,0.0,3.71875,0.0,0.0
-57,0.0,0.0,0.0,0.0,3.1875,0.0,0.0
-56,0.0,0.0,0.0,0.0,2.65625,0.0,0.0
-55,0.0,0.0,0.0,0.0,2.125,0.0,0.0
-54,0.0,0.0,0.0,0.0,1.59375,0.0,0.0
-53,0.0,0.0,0.0,0.0,1.0625,0.0,0.0
-52,0.0,0.0,0.0,0.0,0.53125,0.0,0.0
-51,0.0,0.0,0.0,0.0,0.0,0.0,0.0
-50,0.0,0.0,0.0,0.0,0.0,0.0,0.0
-49,0.0,0.0,0.0,0.0,0.0,0.0,0.0
-48,0.0,0.0,0.0,0.0,0.0,0.0,0.0
-47,0.0,0.0,0.0,0.0,0.0,0.0,0.0
-46,0.0,0.0,0.0,0.0,0.0,0.0,0.0
-45,0.0,0.0,0.0,0.0,0.0,0.0,0.0
-44,0.0,0.0,0.0,0.0,0.0,0.0,0.0
-43,0.0,0.0,0.0,0.0,0.0,0.0,0.0
-42,0.0,0.0,0.0,0.0,0.0,0.0,0.0
-41,0.0,0.0,0.0,0.0,0.0,0.0,0.0
-40,0.0,0.0,0.0,0.0,0.0,0.0,0.0
-39,0.0,0.0,0.0,0.0,0.0,0.0,0.0
-38,0.0,0.0,0.0,0.0,0.0,0.0,0.0
-37,0.0,0.0,0.0,0.0,0.0,0.0,0.0
-36,0.0,0.0,0.0,0.0,0.0,0.0,0.0
-35,0.0,0.0,0.0,0.0,0.0,0.0,0.0
-34,0.0,0.0,0.0,0.0,0.0,0.0,0.0
-33,0.0,0.0,0.0,0.0,0.0,0.0,0.0
-32,0.0,0.0,0.0,0.0,0.0,0.0,0.0
-31,0.0,0.0,0.0,0.0,0.0,0.0,0.0
-30,0.0,0.0,0.0,0.0,0.0,0.0,0.0
-29,0.0,0.0,0.0,0.0,0.0,0.0,0.0
-28,0.0,0.0,0.0,0.0,0.0,0.0,0.0
-27,0.0,0.0,0.0,0.0,0.0,0.0,0.0
-26,0.0,0.0,0.0,0.0,0.0,0.0,0.0
-25,0.0,0.0,0.0,0.0,0.0,0.0,0.0
-24,0.0,0.0,0.0,0.0,0.0,0.0,0.0
-23,0.0,0.0,0.0,0.0,0.0,0.0,0.0
-22,0.0,0.0,0.0,0.0,0.0,0.0,0.0
-21,0.0,0.0,0.0,0.0,0.0,0.0,0.0
-20,0.0,0.0,0.0,0.0,0.0,0.0,0.0
-19,0.0,0.0,0.0,0.0,0.0,0.0,0.0
-18,0.0,0.0,0.0,0.0,0.0,0.0,0.0
-17,0.0,0.0,0.0,0.0,0.0,0.0,0.0
-16,0.0,0.0,0.0,0.0,0.0,0.0,0.0
-15,0.0,0.0,0.0,0.0,0.0,0.0,0.0
-14,0.0,0.0,0.0,0.0,0.0,0.0,0.0
-13,0.0,0.0,0.0,0.0,0.0,0.0,0.0
-12,0.0,0.0,0.0,0.0,0.0,0.0,0.0
-11,0.0,0.0,0.0,0.0,0.0,0.0,0.0
-10,0.0,0.0,0.0,0.0,0.0,0.0,0.0
-9,0.0,0.0,0.0,0.0,0.0,0.0,0.0
-8,0.0,0.0,0.0,0.0,0.0,0.0,0.0
-7,0.0,0.0,0.0,0.0,0.0,0.0,0.0
-6,0.0,0.0,0.0,0.0,0.0,0.0,0.0
-5,0.0,0.0,0.0,0.0,0.0,0.0,0.0
-4,0.0,0.0,0.0,0.0,0.0,0.0,0.0
-3,0.0,0.0,0.0,0.0,0.0,0.0,0.0
-2,0.0,0.0,0.0,0.0,0.0,0.0,0.0
-1,0.0,0.0,0.0,0.0,0.0,0.0,0.0
0,0.0,0.0,0.0,0.0,0.0,0.0,0.0
1,0.0,0.0,0.0,0.0,0.0,0.0,0.0
2,0.0,0.0,0.0,0.0,0.0,0.0,0.0
3,0.0,0.0,0.0,0.0,0.0,0.0,0.0
4,0.0,0.0,0.0,0.0,0.0,0.0,0.0
5,0.0,0.0,0.0,0.0,0.0,0.0,0.0
6,0.0,0.0,0.0,0.0,0.0,0.0,0.0
7,0.0,0.0,0.0,0.0,0.0,0.0,0.0
8,0.0,0.0,0.0,0.0,0.0,0.0,0.0
9,0.0,0.0,0.0,0.0,0.0,0.0,0.0
10,0.0,0.0,0.0,0.0,0.0,0.0,0.0
11,0.0,0.0,0.0,0.0,0.0,0.0,0.0
12,0.0,0.0,0.0,0.0,0.0,0.0,0.0
13,0.0,0.0,0.0,0.0,0.0,0.0,0.0
14,0.0,0.0,0.0,0.0,0.0,0.0,0.0
15,0.0,0.0,0.0,0.0,0.0,0.0,0.0
16,0.0,0.0,0.0,0.0,0.0,0.0,0.0
17,0.0,0.0,0.0,0.0,0.0,0.0,0.0
18,0.0,0.0,0.0,0.0,0.0,0.0,0.0
19,0.0,0.0,0.0,0.0,0.0,0.0,0.0
20,0.0,0.0,0.0,0.0,0.0,0.0,0.0
21,0.0,0.0,0.0,0.0,0.0,0.0,0.0
22,0.0,0.0,0.0,0.0,0.0,0.0,0.0
23,0.0,0.0,0.0,0.0,0.0,0.0,0.0
24,0.0,0.0,0.0,0.0,0.0,0.0,0.0
25,0.0,0.0,0.0,0.0,0.0,0.0,0.0
26,0.0,0.0,0.0,0.0,0.0,0.0,0.0
27,0.0,0.0,0.0,0.0,0.0,0.0,0.0
28,0.0,0.0,0.0,0.0,0.0,0.0,0.0
29,0.0,0.0,0.0,0.0,0.0,0.0,0.0
30,0.0,0.0,0.0,0.0,0.0,0.0,0.0
31,0.0,0.0,0.0,0.0,0.0,0.0,0.0
32,0.0,0.0,0.0,0.0,0.0,0.0,0.0
33,0.0,0.0,0.0,0.0,0.0,0.0,0.0
34,0.0,0.0,0.0,0.0,0.0,0.0,0.0
35,0.0,0.0,0.0,0.0,0.0,0.0,0.0
36,0.0,0.0,0.0,0.0,0.0,0.0,0.0
37,0.0,0.0,0.0,0.0,0.0,0.0,0.0
38,0.0,0.0,0.0,0.0,0.0,0.0,0.0
39,0.0,0.0,0.0,0.0,0.0,0.0,0.0
40,0.0,0.0,0.0,0.0,0.0,0.0,0.0
41,0.0,0.0,0.0,0.0,0.0,0.0,0.0
42,0.0,0.0,0.0,0.0,0.0,0.0,0.0
43,0.0,0.0,0.0,0.0,0.0,0.0,0.0
44,0.0,0.0,0.0,0.0,0.0,0.0,0.0
45,0.0,0.0,0.0,0.0,0.0,0.0,0.0
46,0.0,0.0,0.0,0.0,0.0,0.0,0.0
47,0.0,0.0,0.0,0.0,0.0,0.0,0.0
48,0.0,0.0,0.0,0.0,0.0,0.0,0.0
49,0.0,0.0,0.0,0.0,0.0,0.0,0.0
50,0.0,0.0,0.0,0.0,0.0,0.0,0.0
51,0.0,0.0,0.0,0.0,0.0,0.0,0.0
52,0.0,0.0,0.0,0.0,0.0,0.0,0.0
53,0.0,0.0,0.0,0.0,0.0,0.0,0.0
54,0.0,0.0,0.0,0.0,0.0,0.0,0.0
55,0.0,0.0,0.0,0.0,0.0,0.0,0.0
56,0.0,0.0,0.0,0.0,0.0,0.0,0.0
57,0.0,0.0,0.0,0.0,0.0,0.0,0.0
58,0.0,0.0,0.0,0.0,0.0,0.0,0.0
59,0.0,0.0,0.0,0.0,0.0,0.0,0.0
60,0.0,0.0,0.0,0.0,0.0,0.0,0.0
61,0.0,0.0,0.0,0.0,0.0,0.0,0.0
62,0.0,0.0,0.0,0.0,0.0,0.0,0.0
63,0.0,0.0,0.0,0.0,0.0,0.0,0.0
64,0.0,0.0,0.0,0.0,0.0,0.0,0.0
65,0.0,0.0,0.0,0.0,0.0,0.0,0.0
66,0.0,0.0,0.0,0.0,0.0,0.0,0.0
67,0.0,0.0,0.0,0.0,0.0,0.0,0.0
68,0.0,0.0,0.0,0.0,0.0,0.0,0.0
69,0.0,0.0,0.0,0.0,0.0,0.0,0.0
70,0.0,0.0,0.0,0.0,0.0,0.0,0.0
71,0.0,0.0,0.0,0.0,0.0,0.0,0.0
72,0.0,0.0,0.0,0.0,0.0,0.0,0.0
73,0.0,0.0,0.0,0.0,0.0,0.0,0.0
74,0.0,0.0,0.0,0.0,0.0,0.0,0.0
75,0.0,0.0,0.0,0.0,0.0,0.0,0.0
76,0.0,0.0,0.0,0.0,0.0,0.0,0.0
77,0.0,0.0,0.0,0.0,0.0,0.0,0.0
78,0.0,0.0,0.0,0.0,0.0,0.0,0.0
79,0.0,0.0,0.0,0.0,0.0,0.0,0.0
80,0.0,0.0,0.0,0.0,0.0,0.0,0.0
81,0.0,0.0,0.0,0.0,0.0,0.0,0.0
82,0.0,0.0,0.0,0.0,0.0,0.0,0.0
83,0.0,0.0,0.0,0.0,0.0,0.0,0.0
84,0.0,0.0,0.0,0.0,0.0,0.0,0.0
85,0.0,0.0,0.0,0.0,0.0,0.0,0.0
86,0.0,0.0,0.0,0.0,0.0,0.0,0.0
87,0.0,0.0,0.0,0.0,0.0,0.0,0.0
88,0.0,0.0,0.0,0.0,0.0,0.0,0.0
89,0.0,0.0,0.0,0.0,0.0,0.0,0.0
90,0.0,0.0,0.0,0.0,0.0,0.0,0.0
91,0.0,0.0,0.0,0.0,0.0,0.0,0.0
92,0.0,0.0,0.0,0.0,0.0,0.0,0.0
93,0.0,0.0,0.0,0.0,0.0,0.0,0.0
94,0.0,0.0,0.0,0.0,0.0,0.0,0.0
95,0.0,0.0,0.0,0.0,0.0,0.0,0.0
96,0.0,0.0,0.0,0.0,0.0,0.0,0.0
97,0.0,0.0,0.0,0.0,0.0,0.0,0.0
98,0.0,0.0,0.0,0.0,0.0,0.0,0.0
99,0.0,0.0,0.0,0.0,0.0,0.0,0.0
100,0.0,0.0,0.0,0.0,0.0,0.0,0.0
101,0.0,0.0,0.0,0.0,0.0,0.0,0.0
102,0.0,0.0,0.0,0.0,0.0,0.0,0.0
103,0.0,0.0,0.0,0.0,0.0,0.0,0.0
104,0.0,0.0,0.0,0.0,0.0,0.0,0.0
105,0.0,0.0,0.0,0.0,0.0,0.0,0.0
106,0.0,0.0,0.0,0.0,0.0,0.0,0.0
107,0.0,0.0,0.0,0.0,0.0,0.0,0.0
108,0.0,0.0,0.0,0.0,0.0,0.0,0.0
109,0.0,0.0,0.0,0.0,0.0,0.0,0.0
110,0.0,0.0,0.0,0.0,0.0,0.0,0.0
111,0.0,0.0,0.0,0.0,0.0,0.0,0.0
112,0.0,0.0,0.0,0.0,0.0,0.0,0.0
113,0.0,0.0,0.0,0.0,0.0,0.0,0.0
114,0.0,0.0,0.0,0.0,0.0,0.0,0.0
115,0.0,0.0,0.0,0.0,0.0,0.0,0.0
116,0.0,0.0,0.0,0.0,0.0,0.0,0.0
117,0.0,0.0,0.0,0.0,0.0,0.0,0.0
118,0.0,0.0,0.0,0.0,0.0,0.0,0.0
119,0.0,0.0,0.0,0.0,0.0,0.0,0.0
120,0.0,0.0,0.0,0.0,0.0,0.0,0.0
121,0.0,0.0,0.0,0.0,0.0,0.0,0.0
122,0.0,0.0,0.0,0.0,0.0,0.0,0.0
123,0.0,0.0,0.0,0.0,0.0,0.0,0.0
124,0.0,0.0,0.0,0.0,0.0,0.0,0.0
125,0.0,0.0,0.0,0.0,0.0,0.0,0.0
126,0.0,0.0,0.14285714285714285,0.0,0.0,0.0,0.0
127,0.0,0.0,0.2857142857142857,0.0,0.0,0.0,0.0
128,0.0,0.0,0.42857142857142855,0.0,0.0,0.0,0.0
129,0.0,0.0,0.5714285714285714,0.0,0.0,0.0,0.0
130,0.0,0.0,0.7142857142857142,0.0,0.0,0.0,0.0
131,0.0,0.0,0.8571428571428571,0.0,0.0,0.0,0.0
132,0.0,0.0,1.0,0.0,0.0,0.0,0.0
133,0.0,0.0,1.0,0.0,0.0,0.0,0.0
134,0.0,0.0,1.0,0.0,0.0,0.0,0.0
135,0.0,0.0,1.0,0.0,0.0,0.0,0.0
136,0.0,0.0,1.0,0.0,0.0,0.0,0.0
137,0.0,0.0,1.0,0.0,0.0,0.0,0.0
138,0.0,0.0,1.0,0.0,0.0,0.0,0.0
139,0.0,0.0,1.0,0.0,0.0,0.0,0.0
140,0.0,0.0,1.0,0.0,0.0,0.0,0.0
141,0.0,0.0,1.0,0.0,0.0,0.0,0.0
142,0.0,0.0,1.0,0.0,0.0,0.0,0.0
143,0.0,0.0,1.0,0.0,0.0,0.0,0.0
144,0.0,0.0,1.0,0.0,0.0,0.0,0.0
145,0.0,0.0,1.0,0.0,0.0,0.0,0.0
146,0.0,0.0,1.0,0.0,0.0,0.0,0.0
147,0.0,0.0,1.0,0.0,0.0,0.0,0.0
148,0.0,0.0,1.0,0.0,0.0,0.0,0.0
149,0.0,0.0,1.0,0.0,0.0,0.0,0.0
150,0.0,0.0,1.0,0.0,0.0,0.0,0.0
151,0.0,0.0,1.0,0.0,0.0,0.0,0.0
152,0.0,0.0,1.0,0.0,0.0,0.0,0.0
153,0.0,0.0,1.0,0.0,0.0,0.0,0.0
154,0.0,0.0,1.0,0.0,0.0,0.0,0.0
155,0.0,0.0,1.0,0.0,0.0,0.0,0.0
156,0.0,0.0,1.0,0.0,0.0,0.0,0.0
157,0.0,0.0,1.0,0.0,0.0,0.0,0.0
158,0.0,0.0,1.0,0.0,0.0,0.0,0.0
159,0.0,0.0,1.0,0.0,0.0,0.0,0.0
160,0.0,0.0,1.0,0.0,0.0,0.0,0.0
161,0.0,0.0,1.0,0.0,0.0,0.0,0.0
162,0.0,0.0,1.0,0.0,0.0,0.0,0.0
163,0.0,0.0,1.0,0.0,0.0,0.0,0.0
164,0.0,0.0,1.0,0.0,0.0,0.0,0.0
165,0.0,0.0,1.0,0.0,0.0,0.0,0.0
166,0.0,0.0,1.0,0.0,0.0,0.0,0.0
167,0.0,0.0,1.0,0.0,0.0,0.0,0.0
168,0.0,0.0,1.0,0.0,0.0,0.0,0.0
169,0.0,0.0,1.0,0.0,0.0,0.0,0.0
170,0.0,0.0,1.0,0.0,0.0,0.0,0.0
171,0.0,0.0,1.0,0.0,0.0,0.0,0.0
172,0.0,0.0,1.0,0.0,0.0,0.0,0.0
173,0.0,0.0,1.0,0.0,0.0,0.0,0.0
174,0.0,0.0,1.0,0.0,0.0,0.0,0.0
175,0.0,0.0,1.0,0.0,0.0,0.0,0.0
176,0.0,0.0,1.0,0.0,0.0,0.0,0.0
177,0.0,0.0,1.0,0.0,0.0,0.0,0.0
178,0.0,0.0,1.0,0.0,0.0,0.0,0.0
179,0.0,0.0,1.0,0.0,0.0,0.0,0.0
180,0.0,0.0,1.0,0.0,0.0,0.0,0.0
181,0.0,0.0,1.0,0.0,0.0,0.0,0.0
182,0.0,0.0,1.0,0.0,0.0,0.0,0.0
183,0.0,0.0,1.0,0.0,0.0,0.0,0.0
184,0.0,0.0,1.0,0.0,0.0,0.0,0.0
185,0.0,0.0,1.0,0.0,0.0,0.0,0.0
186,0.0,0.0,1.0,0.0,0.0,0.0,0.0
187,0.0,0.0,1.0,0.0,0.0,0.0,0.0
188,0.0,0.0,1.0,0.0,0.0,0.0,0.0
189,0.0,0.0,1.0,0.0,0.0,0.0,0.0
190,0.0,0.0,1.0,0.0,0.0,0.0,0.0
191,0.0,0.0,1.0,0.0,0.0,0.0,0.0
192,0.0,0.0,1.0,0.0,0.0,0.0,0.0
193,0.0,0.0,1.0,0.0,0.0,0.0,0.0
194,0.0,0.0,1.0,0.0,0.0,0.0,0.0
195,0.0,0.0,1.0,0.0,0.0,0.0,0.0
196,0.0,0.0,1.0,0.0,0.0,0.0,0.0
197,0.0,0.0,1.0,0.0,0.0,0.0,0.0
198,0.0,0.0,1.0,0.0,0.0,0.0,0.0
199,0.0,0.0,1.0,0.0,0.0,0.0,0.0
200,0.0,0.0,1.0,0.0,0.0,0.0,0.0
