index,888427,1349793,8629417,45765028,49672452,53664497,67508428,110585760,143167852,218515482,218528527,221466302,239172270,246704545,262975445,302146024,313107669,334332962,373318774,447178754
-500,2.0,2.0,1.0,0.0,0.0,1.0,5.0,2.0,2.0,0.0,0.0,0.0,0.0,0.0,2.0,1.0,3.0,0.0,0.0,2.0
-499,2.0,2.0,1.0,0.0,0.0,1.0,5.0,2.0,2.0,0.0,0.0,0.0,0.0,0.0,2.0,1.0,3.0,0.0,0.0,2.0
-498,2.0,2.0,1.0,0.0,0.0,1.0,5.0,2.0,2.0,0.0,0.0,0.0,0.0,0.0,2.0,1.0,3.0,0.0,0.0,2.0
-497,2.0,2.0,1.0,0.0,0.0,1.0,5.0,2.0,2.0,0.0,0.0,0.0,0.0,0.0,2.0,1.0,3.0,0.0,0.0,2.0
-496,2.0,2.0,1.0,0.0,0.0,1.0,5.0,2.0,2.0,0.0,0.0,0.0,0.0,0.0,2.0,1.0,3.0,0.0,0.0,2.0
-495,2.0,2.0,1.0,0.0,0.0,1.0,5.0,2.0,2.0,0.0,0.0,0.0,0.0,0.0,2.0,1.0,3.0,0.0,0.0,2.0
-494,2.0,2.0,1.0,0.0,0.0,1.0,5.0,2.0,2.0,0.0,0.0,0.0,0.0,0.0,2.0,1.0,3.0,0.0,0.0,2.0
-493,2.0,2.0,1.0,0.0,0.0,1.0,5.0,2.0,2.0,0.0,0.0,0.0,0.0,0.0,2.0,1.0,3.0,0.0,0.0,2.0
-492,2.0,2.0,1.0,0.0,0.0,1.0,5.0,2.0,2.0,0.0,0.0,0.0,0.0,0.0,2.0,1.0,3.0,0.0,0.0,2.0
-491,2.0,2.0,1.0,0.0,0.0,1.0,5.0,2.0,2.0,0.0,0.0,0.0,0.0,0.0,2.0,1.0,3.0,0.0,0.0,2.0
-490,2.0,2.0,1.0,0.0,0.0,1.0,5.0,2.0,2.0,0.0,0.0,0.0,0.0,0.0,2.0,1.0,3.0,0.0,0.0,2.0
-489,2.0,2.0,1.0,0.0,0.0,1.0,5.0,2.0,2.0,0.0,0.0,0.0,0.0,0.0,2.0,1.0,3.0,0.0,0.0,2.0
-488,2.0,2.0,1.0,0.0,0.0,1.0,5.0,2.0,2.0,0.0,0.0,0.0,0.0,0.0,2.0,1.0,3.0,0.0,0.0,2.0
-487,2.0,2.0,1.0,0.0,0.0,1.0,5.0,2.0,2.0,0.0,0.0,0.0,0.0,0.0,2.0,1.0,3.0,0.0,0.0,2.0
-486,2.0,2.0,1.0,0.0,0.0,1.0,5.0,2.0,2.0,0.0,0.0,0.0,0.0,0.0,2.0,1.0,3.0,0.0,0.0,2.0
-485,2.0,2.0,1.0,0.0,0.0,1.0,5.0,2.0,2.0,0.0,0.0,0.0,0.0,0.0,2.0,1.0,3.0,0.0,0.0,2.0
-484,2.0,2.0,1.0,0.0,0.0,1.0,5.0,2.0,2.0,0.0,0.0,0.0,0.0,0.0,2.0,1.0,3.0,0.0,0.0,2.0
-483,2.0,2.0,1.0,0.0,0.0,1.0,5.0,2.0,2.0,0.0,0.0,0.0,0.0,0.0,2.0,1.0,3.0,0.0,0.0,2.0
-482,2.0,2.0,1.0,0.0,0.0,1.0,5.0,2.0,2.0,0.0,0.0,0.0,0.0,0.0,2.0,1.0,3.0,0.0,0.0,2.0
-481,2.0,2.0,1.0,0.0,0.0,1.0,5.0,2.0,2.0,0.0,0.0,0.0,0.0,0.0,2.0,1.0,3.0,0.0,0.0,2.0
-480,2.0,2.0,1.0,0.0,0.0,1.0,5.0,2.0,2.0,0.0,0.0,0.0,0.0,0.0,2.0,1.0,3.0,0.0,0.0,2.0
-479,2.0,2.0,1.0,0.0,0.0,1.0,4.8,2.0,2.0,0.0,0.0,0.0,0.0,0.0,2.0,1.0,3.0,0.0,0.0,2.0
-478,2.0,2.0,1.0,0.0,0.0,1.0,4.6,2.0,2.0,0.0,0.0,0.0,0.0,0.0,2.0,1.0,3.0,0.0,0.0,2.0
-477,2.0,2.0,1.0,0.0,0.0,1.0,4.4,2.0,2.0,0.0,0.0,0.0,0.0,0.0,2.0,1.0,3.0,0.0,0.0,2.0
-476,2.0,2.0,1.0,0.0,0.0,1.0,4.2,2.0,2.0,0.0,0.0,0.0,0.0,0.0,2.0,1.0,3.0,0.0,0.0,2.0
-475,2.0,2.0,1.0,0.0,0.0,1.0,4.0,1.7142857142857144,2.0,0.0,0.0,0.0,0.0,0.0,2.0,1.0,3.0,0.0,0.0,2.0
-474,2.0,2.0,1.0,0.0,0.0,1.0,3.8,1.4285714285714286,2.0,0.0,0.0,0.0,0.0,0.0,2.0,1.0,3.0,0.0,0.0,2.0
-473,2.0,2.0,1.0,0.0,0.0,1.0,3.5999999999999996,1.1428571428571428,2.0,0.0,0.0,0.0,0.0,0.0,2.0,1.0,3.0,0.0,0.0,2.0
-472,2.0,2.0,1.0,0.0,0.0,1.0,3.4,0.8571428571428572,2.0,0.0,0.0,0.0,0.0,0.0,2.0,1.0,3.0,0.0,0.0,2.0
-471,2.0,2.0,1.0,0.0,0.0,1.0,3.2,0.5714285714285716,2.0,0.0,0.0,0.0,0.0,0.0,2.0,1.0,3.0,0.0,0.0,2.0
-470,2.0,2.0,1.0,0.0,0.0,1.0,3.0,0.2857142857142858,2.0,0.0,0.0,0.0,0.0,0.0,2.0,1.0,3.0,0.0,0.0,2.0
-469,2.0,2.0,1.0,0.0,0.0,1.0,2.8,0.0,2.0,0.0,0.0,0.0,0.0,0.0,2.0,1.0,3.0,0.0,0.0,2.0
-468,2.0,2.0,1.0,0.0,0.0,1.0,2.5999999999999996,0.0,2.0,0.0,0.0,0.0,0.0,0.0,2.0,1.0,3.0,0.0,0.0,2.0
-467,2.0,2.0,1.0,0.0,0.0,1.0,2.4,0.0,2.0,0.0,0.0,0.0,0.0,0.0,2.0,1.0,3.0,0.0,0.0,2.0
-466,2.0,2.0,1.0,0.0,0.0,1.0,2.1999999999999997,0.0,2.0,0.0,0.0,0.0,0.0,0.0,2.0,1.0,3.0,0.0,0.0,2.0
-465,2.0,2.0,1.0,0.0,0.0,1.0,2.0,0.0,2.0,0.0,0.0,0.0,0.0,0.0,2.0,1.0,3.0,0.0,0.0,2.0
-464,2.0,2.0,1.0,0.0,0.0,1.0,2.0,0.0,2.0,0.0,0.0,0.0,0.0,0.0,2.0,1.0,3.0,0.0,0.0,2.0
-463,2.0,2.0,1.0,0.0,0.0,1.0,2.0,0.0,2.0,0.0,0.0,0.0,0.0,0.0,2.0,1.0,3.0,0.0,0.0,2.0
-462,2.0,2.0,1.0,0.0,0.0,1.0,2.0,0.0,2.0,0.0,0.0,0.0,0.0,0.0,2.0,1.0,3.0,0.0,0.0,2.0
-461,2.0,2.0,1.0,0.0,0.0,1.0,2.0,0.0,2.0,0.0,0.0,0.0,0.0,0.0,2.0,1.0,3.0,0.0,0.0,2.0
-460,2.0,2.0,1.0,0.0,0.0,1.0,2.0,0.0,2.0,0.0,0.0,0.0,0.0,0.0,2.0,1.0,3.0,0.0,0.0,2.0
-459,2.0,2.0,1.0,0.0,0.0,1.0,2.0,0.0,2.0,0.0,0.0,0.0,0.0,0.0,2.0,1.0,3.0,0.0,0.0,2.0
-458,2.0,2.0,1.0,0.0,0.0,1.0,2.0,0.0,2.0,0.0,0.0,0.0,0.0,0.0,2.0,1.0,3.0,0.0,0.0,2.0
-457,2.0,2.0,1.0,0.0,0.0,1.0,2.0,0.0,2.0,0.0,0.0,0.0,0.0,0.0,2.0,1.0,3.0,0.0,0.0,2.0
-456,2.0,2.0,1.0,0.0,0.0,1.0,2.0,0.0,2.0,0.0,0.0,0.0,0.0,0.0,2.0,1.0,3.0,0.0,0.0,2.0
-455,2.0,2.0,1.0,0.0,0.0,1.0,2.0,0.0,2.0,0.0,0.0,0.0,0.0,0.0,2.0,1.0,3.0,0.0,0.0,2.0
-454,2.0,2.0,1.0,0.0,0.0,1.0,2.0,0.0,2.0,0.0,0.0,0.0,0.0,0.0,2.0,1.0,3.0,0.0,0.0,2.0
-453,2.0,2.0,1.0,0.0,0.0,1.0,2.0,0.0,2.0,0.0,0.0,0.0,0.0,0.0,2.0,1.0,3.0,0.0,0.0,2.0
-452,2.0,2.0,1.0,0.0,0.0,1.0,2.0,0.0,2.0,0.0,0.0,0.0,0.0,0.0,2.0,1.0,3.0,0.0,0.0,2.0
-451,2.0,2.0,1.0,0.0,0.0,1.0,2.0,0.0,2.0,0.0,0.0,0.0,0.0,0.0,2.0,1.0,3.0,0.0,0.0,2.0
-450,2.0,2.0,1.0,0.0,0.0,1.0,2.0,0.0,2.0,0.0,0.0,0.0,0.0,0.0,2.0,1.0,3.0,0.0,0.0,2.0
-449,2.0,2.0,1.0,0.0,0.0,1.0,2.0,0.0,2.0,0.0,0.0,0.0,0.0,0.0,2.0,1.0,3.0,0.0,0.0,2.0
-448,2.0,2.0,1.0,0.0,0.0,1.0,2.0,0.0,2.0,0.0,0.0,0.0,0.0,0.0,2.0,1.0,3.0,0.0,0.0,2.0
-447,2.0,2.0,1.0,0.0,0.0,1.0,2.0,0.0,2.0,0.0,0.0,0.0,0.0,0.0,2.0,1.0,3.0,0.0,0.0,2.0
-446,2.0,2.0,1.0,0.0,0.0,1.0,2.0,0.0,2.0,0.0,0.0,0.0,0.0,0.0,2.0,1.0,3.0,0.0,0.0,2.0
-445,2.0,2.0,1.0,0.0,0.0,1.0,2.0,0.0,2.0,0.0,0.0,0.0,0.0,0.0,2.0,1.0,3.0,0.0,0.0,2.0
-444,2.0,2.0,1.0,0.0,0.0,1.0,2.0,0.0,2.0,0.0,0.0,0.0,0.0,0.0,2.0,1.0,3.0,0.0,0.0,2.0
-443,2.0,2.0,1.0,0.0,0.0,1.0,2.0,0.0,2.0,0.0,0.0,0.0,0.0,0.0,2.0,1.0,3.0,0.0,0.0,2.0
-442,2.0,2.0,1.0,0.0,0.0,1.0,2.0,0.0,2.0,0.0,0.0,0.0,0.0,0.0,2.0,1.0,3.0,0.0,0.0,2.0
-441,2.0,2.0,1.0,0.0,0.0,1.0,2.0,0.0,2.0,0.0,0.0,0.0,0.0,0.0,2.0,1.0,3.0,0.0,0.0,2.0
-440,2.0,2.0,1.0,0.0,0.0,1.0,2.0,0.0,2.0,0.0,0.0,0.0,0.0,0.0,2.0,1.0,3.0,0.0,0.0,2.0
-439,2.0,2.0,1.0,0.0,0.0,1.0,2.0,0.0,2.0,0.0,0.0,0.0,0.0,0.0,2.0,1.0,3.0,0.0,0.0,2.0
-438,2.0,2.0,1.0,0.0,0.0,1.0,2.0,0.0,2.0,0.0,0.0,0.0,0.0,0.0,2.0,1.0,3.0,0.0,0.0,2.0
-437,2.0,2.0,1.0,0.0,0.0,1.0,2.0,0.0,2.0,0.0,0.0,0.0,0.0,0.0,2.0,1.0,3.0,0.0,0.0,2.0
-436,2.0,2.0,1.0,0.0,0.0,1.0,2.0,0.0,2.0,0.0,0.0,0.0,0.0,0.0,2.0,1.0,3.0,0.0,0.0,2.0
-435,2.0,2.0,1.0,0.0,0.0,1.0,2.0,0.0,2.0,0.0,0.0,0.0,0.0,0.0,2.0,1.0,3.0,0.0,0.0,2.0
-434,2.0,2.0,1.0,0.0,0.0,1.0,2.0,0.0,2.0,0.0,0.0,0.0,0.0,0.0,2.0,1.0,3.0,0.0,0.0,2.0
-433,2.0,2.0,1.0,0.0,0.0,1.0,2.0,0.0,2.0,0.0,0.0,0.0,0.0,0.0,2.0,1.0,3.0,0.0,0.0,2.0
-432,2.0,2.0,1.0,0.0,0.0,1.0,2.0,0.0,2.0,0.0,0.0,0.0,0.0,0.0,2.0,1.0,3.0,0.0,0.0,2.0
-431,2.0,2.0,1.0,0.0,0.0,1.0,2.0,0.0,2.0,0.0,0.0,0.0,0.0,0.0,2.0,1.0,3.0,0.0,0.0,2.0
-430,2.0,2.0,1.0,0.0,0.0,1.0,2.0,0.0,2.0,0.0,0.0,0.0,0.0,0.0,2.0,1.0,3.0,0.0,0.0,2.0
-429,2.0,2.0,1.0,0.0,0.0,1.0,2.0,0.0,2.0,0.0,0.0,0.0,0.0,0.0,2.0,1.0,3.0,0.0,0.0,2.0
-428,2.0,2.0,1.0,0.0,0.0,1.0,2.0,0.0,2.0,0.0,0.0,0.0,0.0,0.0,2.0,1.0,3.0,0.0,0.0,2.0
-427,2.0,2.0,1.0,0.0,0.0,1.0,2.0,0.0,2.0,0.0,0.0,0.0,0.0,0.0,2.0,1.0,3.0,0.0,0.0,2.0
-426,2.0,2.0,1.0,0.0,0.0,1.0,2.0,0.0,2.0,0.0,0.0,0.0,0.0,0.0,2.0,1.0,3.0,0.0,0.0,2.0
-425,2.0,2.0,1.0,0.0,0.0,1.0,2.0,0.0,2.0,0.0,0.0,0.0,0.0,0.0,2.0,1.0,3.0,0.0,0.0,2.0
-424,2.0,2.0,1.0,0.0,0.0,1.0,2.0,0.0,2.0,0.0,0.0,0.0,0.0,0.0,2.0,1.0,3.0,0.0,0.0,2.0
-423,2.0,2.0,1.0,0.0,0.0,1.0,2.0,0.0,2.0,0.0,0.0,0.0,0.0,0.0,2.0,1.0,3.0,0.0,0.0,2.0
-422,2.0,2.0,1.0,0.0,0.0,1.0,2.0,0.0,2.0,0.0,0.0,0.0,0.0,0.0,2.0,1.0,3.0,0.0,0.0,2.0
-421,2.0,2.0,1.0,0.0,0.0,1.0,2.0,0.0,2.0,0.0,0.3333333333333333,0.0,0.0,0.0,2.0,1.0,3.0,0.0,0.0,2.0
-420,2.0,2.0,1.0,0.0,0.0,1.0,2.0,0.0,2.0,0.16666666666666666,0.6666666666666666,0.0,0.0,0.0,2.0,1.0,3.0,0.0,0.0,2.0
-419,2.0,2.0,1.0,0.0,0.0,1.0,2.0,0.0,2.0,0.3333333333333333,1.0,0.0,0.0,0.0,2.0,1.0,3.0,0.0,0.0,2.0
-418,2.0,2.0,1.0,0.0,0.0,1.0,2.0,0.0,2.0,0.5,1.3333333333333333,0.0,0.0,0.0,2.0,1.0,3.0,0.0,0.0,2.0
-417,2.0,2.0,1.0,0.0,0.0,1.0,2.0,0.0,2.0,0.6666666666666666,1.6666666666666665,0.0,0.0,0.0,2.0,1.0,3.0,0.0,0.0,2.0
-416,2.0,2.0,1.0,0.0,0.0,1.0,2.0,0.0,2.0,0.8333333333333333,2.0,0.0,0.0,0.0,2.0,1.0,3.0,0.0,0.0,2.0
-415,2.0,2.0,1.0,0.0,0.0,1.0,2.0,0.0,2.0,1.0,2.0,0.0,0.0,0.0,2.0,1.0,3.0,0.0,0.0,2.0
-414,2.0,2.0,1.0,0.0,0.0,1.0,2.0,0.0,2.0,1.1666666666666665,2.0,0.0,0.0,0.0,2.0,1.0,3.0,0.0,0.0,2.0
-413,2.0,2.0,1.0,0.0,0.0,1.0,2.0,0.0,2.0,1.3333333333333333,2.0,0.0,0.0,0.0,2.0,1.0,3.0,0.0,0.0,2.0
-412,2.0,2.0,1.0,0.0,0.0,1.0,2.0,0.0,2.0,1.5,2.0,0.0,0.0,0.0,2.0,1.0,3.0,0.0,0.0,2.0
-411,2.0,2.0,1.0,0.0,0.0,1.0,2.0,0.0,2.0,1.6666666666666665,2.0,0.0,0.0,0.0,2.0,1.0,3.0,0.0,0.0,2.0
-410,2.0,2.0,1.0,0.0,0.0,1.0,2.0,0.0,2.0,1.8333333333333333,2.0,0.0,0.0,0.14285714285714285,2.0,1.0,3.0,0.0,0.0,2.0
-409,2.0,2.0,1.0,0.0,0.0,1.0,2.0,0.0,2.0,2.0,2.0,0.0,0.0,0.2857142857142857,2.0,1.0,3.0,0.0,0.0,2.0
-408,2.0,2.0,1.0,0.0,0.0,1.0,2.0,0.0,2.0,2.0,2.0,0.0,0.0,0.42857142857142855,2.0,1.0,3.0,0.0,0.0,2.0
-407,2.0,2.0,1.0,0.0,0.0,1.0,2.0,0.0,2.0,2.0,2.0,0.0,0.0,0.5714285714285714,2.0,1.0,3.0,0.0,0.0,2.0
-406,2.0,2.0,1.0,0.0,0.0,1.0,2.0,0.0,2.0,2.0,2.0,0.07692307692307693,0.0,0.7142857142857142,2.0,1.0,3.0,0.0,0.0,2.0
-405,2.0,2.0,1.0,0.0,0.0,1.0,2.0,0.0,2.0,2.0,2.0,0.15384615384615385,0.0,0.8571428571428571,2.0,1.0,3.0,0.0,0.0,2.0
-404,2.0,2.0,1.0,0.0,0.0,1.0,2.0,0.0,2.0,2.0,2.0,0.23076923076923078,0.0,1.0,2.0,1.0,3.0,0.0,0.0,2.0
-403,2.0,2.0,1.0,0.0,0.0,1.0,2.0,0.0,2.0,2.0,2.0,0.3076923076923077,0.0,0.8571428571428572,2.0,1.0,3.0,0.0,0.0,2.0
-402,2.0,2.0,1.0,0.0,0.0,1.0,2.0,0.0,2.0,2.0,2.0,0.38461538461538464,0.0,0.7142857142857143,2.0,1.0,3.0,0.0,0.0,2.0
-401,2.0,2.0,1.0,0.0,0.0,1.0,2.0,0.0,2.0,2.0,2.0,0.46153846153846156,0.0,0.5714285714285714,2.0,1.0,3.0,0.0,0.0,2.0
-400,2.0,2.0,1.0,0.0,0.0,1.0,2.0,0.0,2.0,2.0,2.0,0.5384615384615385,0.0,0.4285714285714286,2.0,1.0,3.0,0.0,0.0,2.0
-399,2.0,2.0,1.0,0.0,0.0,1.0,2.0,0.0,2.0,2.0,2.0,0.6153846153846154,0.0,0.2857142857142858,2.0,1.0,3.0,0.0,0.0,2.0
-398,2.0,2.0,1.0,0.0,0.0,1.0,2.0,0.0,2.0,2.0,2.0,0.6923076923076923,0.0,0.1428571428571429,2.0,1.0,3.0,0.0,0.0,2.0
-397,2.0,2.0,1.0,0.0,0.0,1.0,2.0,0.0,2.0,2.0,2.0,0.7692307692307693,0.0,0.0,2.0,1.0,3.0,0.0,0.0,2.0
-396,2.0,2.0,1.0,0.0,0.0,1.0,2.0,0.0,2.0,2.0,2.0,0.8461538461538463,0.0,0.0,2.0,1.0,3.0,0.0,0.0,2.0
-395,2.0,2.0,1.0,0.0,0.0,1.0,2.0,0.0,2.0,2.0,2.0,0.9230769230769231,0.0,0.0,2.0,1.0,3.0,0.0,0.0,2.0
-394,2.0,2.0,1.0,0.0,0.0,1.0,2.0,0.0,2.0,2.0,2.0,1.0,0.0,0.0,2.0,1.0,3.0,0.0,0.0,2.0
-393,2.0,2.0,1.0,0.0,0.0,1.0,2.0,0.0,2.0,2.0,2.0,1.076923076923077,0.0,0.0,2.0,1.0,3.0,0.0,0.0,2.0
-392,2.0,2.0,1.0,0.0,0.0,1.0,2.0,0.0,2.0,2.0,2.0,1.153846153846154,0.0,0.0,2.0,1.0,3.0,0.0,0.0,2.0
-391,2.0,2.0,1.0,0.0,0.0,1.0,2.0,0.0,2.0,2.0,2.0,1.2307692307692308,0.0,0.0,2.0,1.0,3.0,0.0,0.0,2.0
-390,2.0,2.0,1.0,0.0,0.0,1.0,2.0,0.0,2.0,2.0,2.0,1.3076923076923077,0.0,0.0,2.0,1.0,3.0,0.0,0.0,2.0
-389,2.0,2.0,1.0,0.0,0.0,1.0,2.0,0.0,2.0,2.0,2.0,1.3846153846153846,0.0,0.0,2.0,1.0,3.0,0.0,0.0,2.0
-388,2.0,2.0,1.0,0.0,0.0,1.0,2.0,0.0,2.0,2.0,2.0,1.4615384615384617,0.0,0.0,2.0,1.0,3.0,0.0,0.0,2.0
-387,2.0,2.0,1.0,0.0,0.0,1.0,2.0,0.0,2.0,2.0,2.0,1.5384615384615385,0.0,0.0,2.0,1.0,3.0,0.0,0.0,2.0
-386,2.0,2.0,1.0,0.0,0.0,1.0,2.0,0.0,2.0,2.0,2.0,1.6153846153846154,0.0,0.0,2.0,1.0,3.0,0.0,0.0,2.0
-385,2.0,2.0,1.0,0.0,0.0,1.0,2.0,0.0,2.0,2.0,2.0,1.6923076923076925,0.0,0.0,2.0,1.0,3.0,0.0,0.0,2.0
-384,2.0,2.0,1.0,0.0,0.0,1.0,2.0,0.0,2.0,2.0,2.0,1.7692307692307694,0.0,0.0,2.0,1.0,3.0,0.0,0.0,2.0
-383,2.0,2.0,1.0,0.0,0.0,1.0,2.0,0.0,2.0,2.0,2.0,1.8461538461538463,0.0,0.0,2.0,1.0,3.0,0.0,0.0,2.0
-382,2.0,2.0,1.0,0.0,0.0,1.0,2.0,0.0,2.0,2.0,2.0,1.9230769230769231,0.0,0.0,2.0,1.0,3.0,0.0,0.0,2.0
-381,2.0,2.0,1.0,0.0,0.0,1.0,2.0,0.0,2.0,2.0,2.0,2.0,0.0,0.0,2.0,1.0,3.0,0.0,0.0,2.0
-380,2.0,2.0,1.0,0.0,0.0,1.0,2.0,0.0,2.0,2.0,2.0,2.0,0.0,0.0,2.0,1.0,3.0,0.0,0.0,2.0
-379,2.0,2.0,1.0,0.0,0.0,1.0,2.0,0.0,2.0,2.0,2.0,2.0,0.0,0.0,2.0,1.0,3.0,0.0,0.0,2.0
-378,2.0,2.0,1.0,0.0,0.0,1.0,2.0,0.0,2.0,2.0,2.0,2.0,0.0,0.0,2.0,1.0,3.0,0.0,0.0,2.0
-377,2.0,2.0,1.0,0.0,0.0,1.0,2.0,0.0,2.0,2.0,2.0,2.0,0.0,0.0,2.0,1.0,3.0,0.0,0.0,2.0
-376,2.0,2.0,1.0,0.0,0.0,1.0,2.0,0.0,2.0,2.0,2.0,2.0,0.0,0.0,2.0,1.0,3.0,0.0,0.0,2.0
-375,2.0,2.0,1.0,0.0,0.0,1.0,2.0,0.0,2.0,2.0,2.0,2.0,0.0,0.0,2.0,1.0,3.0,0.0,0.0,2.0
-374,2.0,2.0,1.0,0.0,0.0,1.0,2.0,0.0,2.0,2.0,2.0,2.0,0.0,0.0,2.0,1.0,3.0,0.0,0.0,2.0
-373,2.0,2.0,1.0,0.0,0.0,1.0,2.0,0.0,2.0,2.0,2.0,2.0,0.0,0.0,2.0,1.0,3.0,0.0,0.0,2.0
-372,2.0,2.0,1.0,0.0,0.0,1.0,2.0,0.0,2.0,2.0,2.0,2.0,0.0,0.0,2.0,1.0,3.0,0.0,0.0,2.0
-371,2.0,2.0,1.0,0.0,0.0,1.0,2.0,0.0,2.0,2.0,2.0,2.0,0.0,0.0,2.0,1.0,3.0,0.0,0.0,2.0
-370,2.0,2.0,1.0,0.0,0.0,1.0,2.0,0.0,2.0,2.0,2.0,2.0,0.0,0.0,2.0,1.0,3.0,0.0,0.0,2.0
-369,2.0,2.0,1.0,0.0,0.0,1.0,2.0,0.0,2.0,2.0,2.0,2.0,0.0,0.0,2.0,1.0,3.0,0.0,0.0,2.0
-368,2.0,2.0,1.0,0.0,0.0,1.0,2.0,0.0,2.0,2.0,2.0,2.0,0.0,0.0,2.0,1.0,3.0,0.0,0.0,2.0
-367,2.0,2.0,1.0,0.0,0.0,1.0,2.0,0.0,2.0,2.0,2.0,2.0,0.0,0.0,2.0,1.0,3.0,0.0,0.0,2.0
-366,2.0,2.0,1.0,0.0,0.0,1.0,2.0,0.0,2.0,2.0,2.0,2.0,0.0,0.0,2.0,1.0,3.0,0.0,0.0,2.0
-365,2.0,2.0,1.0,0.0,0.0,1.0,2.0,0.0,2.0,2.0,2.0,2.0,0.0,0.0,2.0,1.0,3.0,0.0,0.0,2.0
-364,2.0,2.0,1.0,0.0,0.0,1.0,2.0,0.0,2.0,2.0,2.0,2.0,0.0,0.0,2.0,1.0,3.0,0.0,0.0,2.0
-363,2.0,2.0,1.0,0.0,0.0,1.0,2.0,0.0,2.0,2.0,2.0,2.0,0.0,0.0,2.0,1.0,3.0,0.0,0.0,2.0
-362,2.0,2.0,1.0,0.0,0.0,1.0,2.0,0.0,2.0,2.0,2.0,2.0,0.0,0.0,2.0,1.0,3.0,0.0,0.0,2.0
-361,2.0,2.0,1.0,0.0,0.0,1.0,2.0,0.0,2.0,2.0,2.0,2.0,0.0,0.0,2.0,1.0,3.0,0.0,0.0,2.0
-360,2.0,2.0,1.0,0.0,0.0,1.0,2.0,0.0,2.0,2.0,2.0,2.0,0.0,0.0,2.0,1.0,3.0,0.0,0.0,2.0
-359,2.0,2.0,1.0,0.0,0.0,1.0,2.0,0.0,2.0,2.0,2.0,2.0,0.0,0.0,2.0,1.0,3.0,0.0,0.0,2.0
-358,2.0,2.0,1.0,0.0,0.0,1.0,2.0,0.0,2.0,2.0,2.0,2.0,0.0,0.0,2.0,1.0,3.0,0.0,0.0,2.0
-357,2.0,2.0,1.0,0.0,0.0,1.0,2.0,0.0,2.0,2.0,2.0,2.0,0.0,0.0,2.0,1.0,3.0,0.0,0.0,2.0
-356,2.0,2.0,1.0,0.0,0.0,1.0,2.0,0.0,2.0,2.0,2.0,2.0,0.0,0.0,2.0,1.0,3.0,0.0,0.0,2.0
-355,2.0,2.0,1.0,0.0,0.0,1.0,2.0,0.0,2.0,2.0,2.0,2.0,0.0,0.0,2.0,1.0,3.0,0.0,0.0,2.0
-354,2.0,2.0,1.0,0.0,0.0,1.0,2.0,0.0,2.0,2.0,2.0,2.0,0.0,0.0,2.0,1.0,3.0,0.0,0.0,2.0
-353,2.0,2.0,1.0,0.0,0.0,1.0,2.0,0.0,2.0,2.0,2.0,2.0,0.0,0.0,2.0,1.0,3.0,0.0,0.0,2.0
-352,2.0,2.0,1.0,0.0,0.0,1.0,2.0,0.0,2.0,2.0,2.0,2.0,0.0,0.0,2.0,1.0,3.0,0.0,0.0,2.0
-351,2.0,2.0,1.0,0.0,0.0,1.0,2.0,0.0,2.0,2.0,2.0,2.0,0.0,0.0,2.0,1.0,3.0,0.0,0.0,2.0
-350,2.0,2.0,1.0,0.0,0.0,1.0,2.0,0.0,2.0,2.0,2.0,2.0,0.0,0.0,2.0,1.0,3.0,0.0,0.0,2.0
-349,2.0,2.0,1.0,0.0,0.0,1.0,2.0,0.0,2.0,2.0,2.0,2.0,0.0,0.0,2.0,1.0,3.0,0.0,0.0,2.0
-348,2.0,2.0,1.0,0.0,0.0,1.0,2.0,0.0,2.0,2.0,2.0,2.0,0.0,0.0,2.0,1.0,3.0,0.0,0.0,2.0
-347,2.0,2.0,1.0,0.0,0.0,1.0,2.0,0.0,2.0,2.0,2.0,2.0,0.0,0.0,2.0,1.0,3.0,0.0,0.0,2.0
-346,2.0,2.0,1.0,0.0,0.0,1.0,2.0,0.0,2.0,2.0,2.0,2.0,0.0,0.0,2.0,1.0,3.0,0.0,0.0,2.0
-345,2.0,2.0,1.0,0.0,0.0,1.0,2.0,0.0,2.0,2.0,2.0,2.0,0.0,0.0,2.0,1.0,3.0,0.0,0.0,2.0
-344,2.0,2.0,1.0,0.0,0.0,1.0,2.0,0.0,2.0,2.0,2.0,2.0,0.0,0.0,2.0,1.0,3.0,0.0,0.0,2.0
-343,2.0,2.0,1.0,0.0,0.0,1.0,2.0,0.0,2.0,2.0,2.0,2.0,0.0,0.0,2.0,1.0,3.0,0.0,0.0,2.0
-342,2.0,2.0,1.0,0.0,0.0,1.0,2.0,0.0,2.0,2.0,2.0,2.0,0.0,0.0,2.0,1.0,3.0,0.0,0.0,2.0
-341,2.0,2.0,1.0,0.0,0.0,1.0,2.0,0.0,2.0,2.0,2.0,2.0,0.0,0.0,2.0,1.0,3.0,0.0,0.0,2.0
-340,2.0,2.0,1.0,0.0,0.0,1.0,2.0,0.0,2.0,2.0,2.0,2.0,0.0,0.0,2.0,1.0,3.0,0.0,0.0,2.0
-339,2.0,2.0,1.0,0.0,0.0,1.0,2.0,0.0,2.0,2.0,2.0,2.0,0.0,0.0,2.0,1.0,3.0,0.0,0.0,2.0
-338,2.0,2.0,1.0,0.0,0.0,1.0,2.0,0.0,2.0,2.0,2.0,2.0,0.0,0.0,2.0,1.0,3.0,0.0,0.0,2.0
-337,2.0,2.0,1.0,0.0,0.0,1.0,2.0,0.0,2.0,2.0,2.0,2.0,0.0,0.0,2.0,1.0,3.0,0.0,0.0,2.0
-336,2.0,2.0,1.0,0.0,0.0,1.0,2.0,0.0,2.0,2.0,2.0,2.0,0.0,0.0,2.0,1.0,3.0,0.0,0.0,2.0
-335,2.0,2.0,1.0,0.0,0.0,1.0,2.0,0.0,2.0,2.0,2.0,2.0,0.0,0.0,2.0,1.0,3.0,0.0,0.0,2.0
-334,2.0,2.0,1.0,0.0,0.0,1.0,2.0,0.0,2.0,2.0,2.0,2.0,0.0,0.0,2.0,1.0,3.0,0.0,0.0,2.0
-333,2.0,2.0,1.0,0.0,0.0,1.0,2.0,0.0,2.0,2.0,2.0,2.0,0.0,0.0,2.0,1.0,3.0,0.0,0.0,2.0
-332,2.0,2.0,1.0,0.0,0.0,1.0,2.0,0.0,2.0,2.0,2.0,2.0,0.0,0.0,2.0,1.0,3.0,0.0,0.0,2.0
-331,2.0,2.0,1.0,0.0,0.0,1.0,2.0,0.0,2.0,2.0,2.0,2.0,0.0,0.0,2.0,1.0,3.0,0.0,0.0,2.0
-330,2.0,2.0,1.0,0.0,0.0,1.0,2.0,0.0,2.0,2.0,2.0,2.0,0.0,0.0,2.0,1.0,3.0,0.0,0.0,2.0
-329,2.0,2.0,1.0,0.0,0.0,1.0,2.0,0.0,2.0,2.0,2.0,2.0,0.0,0.0,2.0,1.0,3.0,0.0,0.0,2.0
-328,2.0,2.0,1.0,0.0,0.0,1.0,2.0,0.0,2.0,2.0,2.0,2.0,0.0,0.0,2.0,1.0,3.0,0.0,0.0,2.0
-327,2.0,2.0,1.0,0.0,0.0,1.0,2.0,0.0,2.0,2.0,2.0,2.0,0.0,0.0,2.0,1.0,3.0,0.0,0.0,2.0
-326,2.0,2.0,1.0,0.0,0.0,1.0,2.0,0.0,2.0,2.0,2.0,2.0,0.0,0.0,2.0,1.0,3.0,0.0,0.0,2.0
-325,2.0,2.0,1.0,0.0,0.0,1.0,2.0,0.0,2.0,2.0,2.0,2.0,0.0,0.0,2.0,1.0,3.0,0.0,0.0,2.0
-324,2.0,2.0,1.0,0.0,0.0,1.0,2.0,0.0,2.0,2.0,2.0,2.0,0.0,0.0,2.0,1.0,3.0,0.0,0.0,2.0
-323,2.0,2.0,1.0,0.0,0.0,1.0,2.0,0.0,2.0,2.0,2.0,2.0,0.0,0.0,2.0,1.0,3.0,0.0,0.0,2.0
-322,2.0,2.0,1.0,0.0,0.0,1.0,2.0,0.0,2.0,2.0,2.0,2.0,0.0,0.0,2.0,1.0,3.0,0.0,0.0,2.0
-321,2.0,2.0,1.0,0.0,0.0,1.0,2.0,0.0,2.0,2.0,2.0,2.0,0.0,0.0,2.0,1.0,3.0,0.0,0.0,2.0
-320,2.0,2.0,1.0,0.0,0.0,1.0,2.0,0.0,2.0,2.0,2.0,2.0,0.0,0.0,2.0,1.0,3.0,0.0,0.0,2.0
-319,2.0,2.0,1.0,0.0,0.0,1.0,2.0,0.0,2.0,2.0,2.0,2.0,0.0,0.0,2.0,1.0,3.0,0.0,0.0,2.0
-318,2.0,2.0,1.0,0.0,0.0,1.0,2.0,0.0,2.0,2.0,2.0,2.0,0.0,0.0,2.0,1.0,3.0,0.0,0.0,2.0
-317,2.0,2.0,1.0,0.0,0.0,1.0,2.0,0.0,2.0,2.0,2.0,2.0,0.0,0.0,2.0,1.0,3.0,0.0,0.0,2.0
-316,2.0,2.0,1.0,0.0,0.0,1.0,2.0,0.0,2.0,2.0,2.0,2.0,0.0,0.0,2.0,1.0,3.0,0.0,0.0,2.0
-315,2.0,2.0,1.0,0.0,0.0,1.0,2.0,0.0,2.0,2.0,2.0,2.0,0.0,0.0,2.0,1.0,3.0,0.0,0.0,2.0
-314,2.0,2.0,1.0,0.0,0.0,1.0,2.0,0.0,2.0,2.0,2.0,2.0,0.0,0.0,2.0,1.0,3.0,0.0,0.0,2.0
-313,2.0,2.0,1.0,0.0,0.0,1.0,2.0,0.0,2.0,2.0,2.0,2.0,0.0,0.0,2.0,1.0,3.0,0.0,0.0,2.0
-312,2.0,2.0,1.0,0.0,0.0,1.0,2.0,0.0,2.0,2.0,2.0,2.0,0.0,0.0,2.0,1.0,3.0,0.0,0.0,2.0
-311,2.0,2.0,1.0,0.0,0.0,1.0,2.0,0.0,2.0,2.0,2.0,2.0,0.0,0.0,2.0,1.0,3.0,0.0,0.0,2.0
-310,2.0,2.0,1.0,0.0,0.0,1.0,2.0,0.0,2.0,2.0,2.0,2.0,0.0,0.0,2.0,1.0,3.0,0.0,0.0,2.0
-309,2.0,2.0,1.0,0.0,0.0,1.0,2.0,0.0,2.0,2.0,2.0,2.0,0.0,0.0,2.0,1.0,3.0,0.0,0.0,2.0
-308,2.0,2.0,1.0,0.0,0.0,1.0,2.0,0.0,2.0,2.0,2.0,2.0,0.0,0.0,2.0,1.0,3.0,0.0,0.0,2.0
-307,2.0,2.0,1.0,0.0,0.0,1.0,2.0,0.0,2.0,2.0,2.0,2.0,0.0,0.0,2.0,1.0,3.0,0.0,0.0,2.0
-306,2.0,2.0,1.0,0.0,0.0,1.0,2.0,0.0,2.0,2.0,2.0,2.0,0.0,0.0,2.0,1.0,3.0,0.0,0.0,2.0
-305,2.0,2.0,1.0,0.0,0.0,1.0,2.0,0.0,2.0,2.0,2.0,2.0,0.0,0.0,2.0,1.0,3.0,0.0,0.0,2.0
-304,2.0,2.0,1.0,0.0,0.0,1.0,2.0,0.0,2.0,2.0,2.0,2.0,0.0,0.0,2.0,1.0,3.0,0.0,0.0,2.0
-303,2.0,2.0,1.0,0.0,0.0,1.0,2.0,0.0,2.0,2.0,2.0,2.0,0.0,0.0,2.0,1.0,3.0,0.0,0.0,2.0
-302,2.0,2.0,1.0,0.0,0.0,1.0,2.0,0.0,2.0,2.0,2.0,2.0,0.0,0.0,2.0,1.0,3.0,0.0,0.0,2.0
-301,2.0,2.0,1.0,0.0,0.0,1.0,2.0,0.0,2.0,2.0,2.0,2.0,0.0,0.0,2.0,1.0,3.0,0.0,0.0,2.0
-300,2.0,2.0,1.0,0.0,0.0,1.0,2.0,0.0,2.0,2.0,2.0,2.0,0.0,0.0,2.0,1.0,3.0,0.0,0.0,2.0
-299,2.0,2.0,1.0,0.0,0.0,1.0,2.0,0.0,2.0,2.0,2.0,2.0,0.0,0.0,2.0,1.0,3.0,0.0,0.0,2.0
-298,2.0,2.0,1.0,0.0,0.0,1.0,2.0,0.0,2.0,2.0,2.0,2.0,0.0,0.0,2.0,1.0,3.0,0.0,0.0,2.0
-297,2.0,2.0,1.0,0.0,0.0,1.0,2.0,0.0,2.0,2.0,2.0,2.0,0.0,0.0,2.0,1.0,3.0,0.0,0.0,2.0
-296,2.0,2.0,1.0,0.0,0.0,1.0,2.0,0.0,2.0,2.0,2.0,2.0,0.0,0.0,2.0,1.0,3.0,0.0,0.0,2.0
-295,2.0,2.0,1.0,0.0,0.0,1.0,2.0,0.0,2.0,2.0,2.0,2.0,0.0,0.0,2.0,1.0,3.0,0.0,0.0,2.0
-294,2.0,2.0,1.0,0.0,0.0,1.0,2.0,0.0,2.0,2.0,2.0,2.0,0.0,0.0,2.0,1.0,3.0,0.0,0.0,2.0
-293,2.0,2.0,1.0,0.0,0.0,1.0,2.0,0.0,2.0,2.0,2.0,2.0,0.0,0.0,2.0,1.0,3.0,0.0,0.0,2.0
-292,2.0,2.0,1.0,0.0,0.0,1.0,2.0,0.0,2.0,2.0,2.0,2.0,0.0,0.0,2.0,1.0,3.0,0.0,0.0,2.0
-291,2.0,2.0,1.0,0.0,0.0,1.0,2.0,0.0,2.0,2.0,2.0,2.0,0.0,0.0,2.0,1.0,3.0,0.0,0.0,2.0
-290,2.0,2.0,1.0,0.0,0.0,1.0,2.0,0.0,2.0,2.0,2.0,2.0,0.0,0.0,2.0,1.0,3.0,0.0,0.0,2.0
-289,2.0,2.0,1.0,0.0,0.0,1.0,2.0,0.0,2.0,2.0,2.0,2.0,0.0,0.0,2.0,1.0,3.0,0.0,0.0,2.0
-288,2.0,2.0,1.0,0.0,0.0,1.0,2.0,0.0,2.0,2.0,2.0,2.0,0.0,0.0,2.0,1.0,3.0,0.0,0.0,2.0
-287,2.0,2.0,1.0,0.0,0.0,1.0,2.0,0.0,2.0,2.0,2.0,2.0,0.0,0.0,2.0,1.0,3.0,0.0,0.0,2.0
-286,2.0,2.0,1.0,0.0,0.0,1.0,2.0,0.0,2.0,2.0,2.0,2.0,0.0,0.0,2.0,1.0,3.0,0.0,0.0,2.0
-285,2.0,2.0,1.0,0.0,0.0,1.0,2.0,0.0,2.0,2.0,2.0,2.0,0.0,0.0,2.0,1.0,3.0,0.0,0.0,2.0
-284,2.0,2.0,1.0,0.0,0.0,1.0,2.0,0.0,2.0,2.0,2.0,2.0,0.0,0.0,2.0,1.0,3.0,0.0,0.0,2.0
-283,2.0,2.0,1.0,0.0,0.0,1.0,2.0,0.0,2.0,2.0,2.0,2.0,0.0,0.0,2.0,1.0,3.0,0.0,0.0,2.0
-282,2.0,2.0,1.0,0.0,0.0,1.0,2.0,0.0,2.0,2.0,2.0,2.0,0.0,0.0,2.0,1.0,3.0,0.0,0.0,2.0
-281,2.0,2.0,1.0,0.0,0.0,1.0,2.0,0.0,2.0,2.0,2.0,2.0,0.0,0.0,2.0,1.0,3.0,0.0,0.0,2.0
-280,2.0,2.0,1.0,0.0,0.0,1.0,2.0,0.0,2.0,2.0,2.0,2.0,0.0,0.0,2.0,1.0,3.0,0.0,0.0,2.0
-279,2.0,2.0,1.0,0.0,0.0,1.0,2.0,0.0,2.0,2.0,2.0,2.0,0.0,0.0,2.0,1.0,3.0,0.0,0.0,2.0
-278,2.0,2.0,1.0,0.0,0.0,1.0,2.0,0.0,2.0,2.0,2.0,2.0,0.0,0.0,2.0,1.0,3.0,0.0,0.0,2.0
-277,2.0,2.0,1.0,0.0,0.0,1.0,2.0,0.0,2.0,2.0,2.0,2.0,0.0,0.0,2.0,1.0,3.0,0.0,0.0,2.0
-276,2.0,2.0,1.0,0.0,0.0,1.0,2.0,0.0,2.0,2.0,2.0,2.0,0.0,0.0,2.0,1.0,3.0,0.0,0.0,2.0
-275,2.0,2.0,1.0,0.0,0.0,1.0,2.0,0.0,2.0,2.0,2.0,2.0,0.0,0.0,2.0,1.0,3.0,0.0,0.0,2.0
-274,2.0,2.0,1.0,0.0,0.0,1.0,2.0,0.0,2.0,2.0,2.0,2.0,0.0,0.0,2.0,1.0,3.0,0.0,0.0,2.0
-273,2.0,2.0,1.0,0.0,0.0,1.0,2.0,0.0,2.0,2.0,2.0,2.0,0.0,0.0,2.0,1.0,3.0,0.0,0.0,2.0
-272,2.0,2.0,1.0,0.0,0.0,1.0,2.0,0.0,2.0,2.0,2.0,2.0,0.0,0.0,2.0,1.0,3.0,0.0,0.0,2.0
-271,2.0,2.0,1.0,0.0,0.0,1.0,2.0,0.0,2.0,2.0,2.0,2.0,0.0,0.0,2.0,1.0,3.0,0.0,0.0,2.0
-270,2.0,2.0,1.0,0.0,0.0,1.0,2.0,0.0,2.0,2.0,2.0,2.0,0.0,0.0,2.0,1.0,3.0,0.0,0.0,2.0
-269,2.0,2.0,1.0,0.0,0.0,1.0,2.0,0.0,2.0,2.0,2.0,2.0,0.0,0.0,2.0,1.0,3.0,0.0,0.0,2.0
-268,2.0,2.0,1.0,0.0,0.0,1.0,2.0,0.0,2.0,2.0,2.0,2.0,0.0,0.0,2.0,1.0,3.0,0.0,0.0,2.0
-267,2.0,2.0,1.0,0.0,0.0,1.0,2.0,0.0,2.0,2.0,2.0,2.0,0.0,0.0,2.0,1.0,3.0,0.0,0.0,2.0
-266,2.0,2.0,1.0,0.0,0.0,1.0,2.0,0.0,2.0,2.0,2.0,2.0,0.0,0.0,2.0,1.0,3.0,0.0,0.0,2.0
-265,2.0,2.0,1.0,0.0,0.0,1.0,2.0,0.0,2.0,2.0,2.0,2.0,0.0,0.0,2.0,1.0,3.0,0.0,0.0,2.0
-264,2.0,2.0,1.0,0.0,0.0,1.0,2.0,0.0,2.0,2.0,2.0,2.0,0.0,0.0,2.0,1.0,3.0,0.0,0.0,2.0
-263,2.0,2.0,1.0,0.0,0.0,1.0,2.0,0.0,2.0,2.0,2.0,2.0,0.0,0.0,2.0,1.0,3.0,0.0,0.0,2.0
-262,2.0,2.0,1.0,0.0,0.0,1.0,2.0,0.0,2.0,2.0,2.0,2.0,0.0,0.0,2.0,1.0,3.0,0.0,0.0,2.0
-261,2.0,2.0,1.0,0.0,0.0,1.0,2.0,0.0,2.0,2.0,2.0,2.0,0.0,0.0,2.0,1.0,3.0,0.0,0.0,2.0
-260,2.0,2.0,1.0,0.0,0.0,1.0,2.0,0.0,2.0,2.0,2.0,2.0,0.0,0.0,2.0,1.0,3.0,0.0,0.0,2.0
-259,2.0,2.0,1.0,0.0,0.0,1.0,2.0,0.0,2.0,2.0,2.0,2.0,0.0,0.0,2.0,1.0,3.0,0.0,0.0,2.0
-258,2.0,2.0,1.0,0.0,0.0,1.0,2.0,0.0,2.0,2.0,2.0,2.0,0.0,0.0,2.0,1.0,3.0,0.0,0.0,2.0
-257,2.0,2.0,1.0,0.0,0.0,1.0,2.0,0.0,2.0,2.0,2.0,2.0,0.0,0.0,2.0,1.0,3.0,0.0,0.0,2.0
-256,2.0,2.0,1.0,0.0,0.0,1.0,2.0,0.0,2.0,2.0,2.0,2.0,0.0,0.0,2.0,1.0,3.0,0.0,0.0,2.0
-255,2.0,2.0,1.0,0.0,0.0,1.0,2.0,0.0,2.0,2.0,2.0,2.0,0.0,0.0,2.0,1.0,3.0,0.0,0.0,2.0
-254,2.0,2.0,1.0,0.0,0.0,1.0,2.0,0.0,2.0,2.0,2.0,2.0,0.0,0.0,2.0,1.0,3.0,0.0,0.0,2.0
-253,2.0,2.0,1.0,0.0,0.0,1.0,2.0,0.0,2.0,2.0,2.0,2.0,0.0,0.0,2.0,1.0,3.0,0.0,0.0,2.0
-252,2.0,2.0,1.0,0.0,0.0,1.0,2.0,0.0,2.0,2.0,2.0,2.0,0.0,0.0,2.0,1.0,3.0,0.0,0.0,2.0
-251,2.0,2.0,1.0,0.0,0.0,1.0,2.0,0.0,2.0,2.0,2.0,2.0,0.0,0.0,2.0,1.0,3.0,0.0,0.0,2.0
-250,2.0,2.0,1.0,0.0,0.0,1.0,2.0,0.0,2.0,2.0,2.0,2.0,0.0,0.0,2.0,1.0,3.0,0.0,0.0,2.0
-249,2.0,2.0,1.0,0.0,0.0,1.0,2.0,0.0,2.0,2.0,2.0,2.0,0.0,0.0,2.0,1.0,3.0,0.0,0.0,2.0
-248,2.0,2.0,1.0,0.0,0.0,1.0,2.0,0.0,2.0,2.0,2.0,2.0,0.0,0.0,2.0,1.0,3.0,0.0,0.0,2.0
-247,2.0,2.0,1.0,0.0,0.0,1.0,2.0,0.0,2.0,2.0,2.0,2.0,0.0,0.0,2.0,1.0,3.0,0.0,0.0,2.0
-246,2.0,2.0,1.0,0.0,0.0,1.0,2.0,0.0,2.0,2.0,2.0,2.0,0.6,0.0,2.0,1.0,3.0,0.0,0.0,2.0
-245,2.0,2.0,1.0,0.0,0.0,1.0,2.0,0.0,2.0,2.0,2.0,2.0,1.2,0.0,2.0,1.0,3.0,0.0,0.0,2.0
-244,2.0,2.0,1.0,0.0,0.0,1.0,2.0,0.0,2.0,2.0,2.0,2.0,1.7999999999999998,0.0,2.0,1.0,3.0,0.0,0.0,2.0
-243,2.0,2.0,1.0,0.0,0.0,1.0,2.0,0.0,2.0,2.0,2.0,2.0,2.4,0.0,2.0,1.0,3.0,0.0,0.0,2.0
-242,2.0,2.0,1.0,0.0,0.0,1.0,2.0,0.0,2.0,2.0,2.0,2.0,3.0,0.0,2.0,1.0,3.0,0.0,0.0,2.0
-241,2.0,2.0,1.0,0.0,0.0,1.0,2.0,0.0,2.0,2.0,2.0,2.0,3.5999999999999996,0.0,2.0,1.0,3.0,0.0,0.0,2.0
-240,2.0,2.0,1.0,0.0,0.0,1.0,2.0,0.0,2.0,2.0,2.0,2.0,4.2,0.0,2.0,1.0,3.0,0.0,0.0,2.0
-239,2.0,2.0,1.0,0.0,0.0,1.0,2.0,0.0,2.0,2.0,2.0,2.0,4.8,0.0,2.0,1.0,3.0,0.0,0.0,2.0
-238,2.0,2.0,1.0,0.0,0.0,1.0,2.0,0.0,2.0,2.0,2.0,2.0,5.3999999999999995,0.0,2.0,1.0,3.0,0.0,0.0,2.0
-237,2.0,2.0,1.0,0.0,0.0,1.0,2.0,0.0,2.0,2.0,2.0,2.0,6.0,0.0,2.0,1.0,3.0,0.0,0.0,2.0
-236,2.0,2.0,1.0,0.0,0.0,1.0,2.0,0.0,2.0,2.0,2.0,2.0,6.010989010989011,0.0,2.0,1.0,3.0,0.0,0.0,2.0
-235,2.0,2.0,1.0,0.0,0.0,1.0,2.0,0.0,2.0,2.0,2.0,2.0,6.021978021978022,0.0,2.0,1.0,3.0,0.0,0.0,2.0
-234,2.0,2.0,1.0,0.0,0.0,1.0,2.0,0.0,2.0,2.0,2.0,2.0,6.032967032967033,0.0,2.0,1.0,3.0,0.0,0.0,2.0
-233,2.0,2.0,1.0,0.0,0.0,1.0,2.0,0.0,2.0,2.0,2.0,2.0,6.043956043956044,0.0,2.0,1.0,3.0,0.0,0.0,2.0
-232,2.0,2.0,1.0,0.0,0.0,1.0,2.0,0.0,2.0,2.0,2.0,2.0,6.054945054945055,0.0,2.0,1.0,3.0,0.0,0.0,2.0
-231,2.0,2.0,1.0,0.0,0.0,1.0,2.0,0.0,2.0,2.0,2.0,2.0,6.065934065934066,0.0,2.0,1.0,3.0,0.0,0.0,2.0
-230,2.0,2.0,1.0,0.0,0.0,1.0,2.0,0.0,2.0,2.0,2.0,2.0,6.076923076923077,0.0,2.0,1.0,3.0,0.0,0.0,2.0
-229,2.0,2.0,1.0,0.0,0.0,1.0,2.0,0.0,2.0,2.0,2.0,2.0,6.087912087912088,0.0,2.0,1.0,3.0,0.0,0.0,2.0
-228,2.0,2.0,1.0,0.0,0.0,1.0,2.0,0.0,2.0,2.0,2.0,2.0,6.0989010989010985,0.0,2.0,1.0,3.0,0.0,0.0,2.0
-227,2.0,2.0,1.0,0.0,0.0,1.0,2.0,0.0,2.0,2.0,2.0,2.0,6.1098901098901095,0.0,2.0,1.0,3.0,0.0,0.0,2.0
-226,2.0,2.0,1.0,0.0,0.0,1.0,2.0,0.0,2.0,2.0,2.0,2.0,6.1208791208791204,0.0,2.0,1.0,3.0,0.0,0.0,2.0
-225,2.0,2.0,1.0,0.0,0.0,1.0,2.0,0.0,2.0,2.0,2.0,2.0,6.131868131868132,0.0,2.0,1.0,3.0,0.0,0.0,2.0
-224,2.0,2.0,1.0,0.0,0.0,1.0,2.0,0.0,2.0,2.0,2.0,2.0,6.142857142857143,0.0,2.0,1.0,3.0,0.0,0.0,2.0
-223,2.0,2.0,1.0,0.0,0.0,1.0,2.0,0.0,2.0,2.0,2.0,2.0,6.153846153846154,0.0,2.0,1.0,3.0,0.0,0.0,2.0
-222,2.0,2.0,1.0,0.0,0.0,1.0,2.0,0.0,2.0,2.0,2.0,2.0,6.164835164835165,0.0,2.0,1.0,3.0,0.0,0.0,2.0
-221,2.0,2.0,1.0,0.0,0.0,1.0,2.0,0.0,2.0,2.0,2.0,2.0,6.175824175824176,0.0,2.0,1.0,3.0,0.0,0.0,2.0
-220,2.0,2.0,1.0,0.0,0.0,1.0,2.0,0.0,2.0,2.0,2.0,2.0,6.186813186813187,0.0,2.0,1.0,3.0,0.0,0.0,2.0
-219,2.0,2.0,1.0,0.0,0.0,1.0,2.0,0.0,2.0,2.0,2.0,2.0,6.197802197802198,0.0,2.0,1.0,3.0,0.0,0.0,2.0
-218,2.0,2.0,1.0,0.0,0.0,1.0,2.0,0.0,2.0,2.0,2.0,2.0,6.208791208791209,0.0,2.0,1.0,3.0,0.0,0.0,2.0
-217,2.0,2.0,1.0,0.0,0.0,1.0,2.0,0.0,2.0,2.0,2.0,2.0,6.21978021978022,0.0,2.0,1.0,3.0,0.0,0.0,2.0
-216,2.0,2.0,1.0,0.0,0.0,1.0,2.0,0.0,2.0,2.0,2.0,2.0,6.230769230769231,0.0,2.0,1.0,3.0,0.0,0.0,2.0
-215,2.0,2.0,1.0,0.0,0.0,1.0,2.0,0.0,2.0,2.0,2.0,2.0,6.241758241758242,0.0,2.0,1.0,3.0,0.0,0.0,2.0
-214,2.0,2.0,1.0,0.0,0.0,1.0,2.0,0.0,2.0,2.0,2.0,2.0,6.252747252747253,0.0,2.0,1.0,3.0,0.0,0.0,2.0
-213,2.0,2.0,1.0,0.0,0.0,1.0,2.0,0.0,2.0,2.0,2.0,2.0,6.263736263736264,0.0,2.0,1.0,3.0,0.0,0.0,2.0
-212,2.0,2.0,1.0,0.0,0.0,1.0,2.0,0.0,2.0,2.0,2.0,2.0,6.274725274725275,0.0,2.0,1.0,3.0,0.0,0.0,2.0
-211,2.0,2.0,1.0,0.0,0.0,1.0,2.0,0.0,2.0,2.0,2.0,2.0,6.285714285714286,0.0,2.0,1.0,3.0,0.0,0.0,2.0
-210,2.0,2.0,1.0,0.0,0.0,1.0,2.0,0.0,2.0,2.0,2.0,2.0,6.2967032967032965,0.0,2.0,1.0,3.0,0.0,0.0,2.0
-209,2.0,2.0,1.0,0.0,0.0,1.0,2.0,0.0,2.0,2.0,2.0,2.0,6.3076923076923075,0.0,2.0,1.0,3.0,0.0,0.0,2.0
-208,2.0,2.0,1.0,0.0,0.0,1.0,2.0,0.0,2.0,2.0,2.0,2.0,6.318681318681318,0.0,2.0,1.0,3.0,0.0,0.0,2.0
-207,2.0,2.0,1.0,0.0,0.0,1.0,2.0,0.0,2.0,2.0,2.0,2.0,6.329670329670329,0.0,2.0,1.0,3.0,0.0,0.0,2.0
-206,2.0,2.0,1.0,0.0,0.0,1.0,2.0,0.0,2.0,2.0,2.0,2.0,6.34065934065934,0.0,2.0,1.0,3.0,0.0,0.0,2.0
-205,2.0,2.0,1.0,0.0,0.0,1.0,2.0,0.0,2.0,2.0,2.0,2.0,6.351648351648351,0.0,2.0,1.0,3.0,0.0,0.0,2.0
-204,2.0,2.0,1.0,0.0,0.0,1.0,2.0,0.0,2.0,2.0,2.0,2.0,6.362637362637363,0.0,2.0,1.0,3.0,0.0,0.0,2.0
-203,2.0,2.0,1.0,0.0,0.0,1.0,2.0,0.0,2.0,2.0,2.0,2.0,6.373626373626374,0.0,2.0,1.0,3.0,0.0,0.0,2.0
-202,2.0,2.0,1.0,0.0,0.0,1.0,2.0,0.0,2.0,2.0,2.0,2.0,6.384615384615385,0.0,2.0,1.0,3.0,0.0,0.0,2.0
-201,2.0,2.0,1.0,0.0,0.0,1.0,2.0,0.0,2.0,2.0,2.0,2.0,6.395604395604396,0.0,2.0,1.0,3.0,0.0,0.0,2.0
-200,2.0,2.0,1.0,0.0,0.0,1.0,2.0,0.0,2.0,2.0,2.0,2.0,6.406593406593407,0.0,2.0,1.0,3.0,0.0,0.0,2.0
-199,2.0,2.0,1.0,0.0,0.0,1.0,2.0,0.0,2.0,2.0,2.0,2.0,6.417582417582418,0.0,2.0,1.0,3.0,0.0,0.0,2.0
-198,2.0,2.0,1.0,0.0,0.0,1.0,2.0,0.0,2.0,2.0,2.0,2.0,6.428571428571429,0.0,2.0,1.0,3.0,0.0,0.0,2.0
-197,2.0,2.0,1.0,0.0,0.0,1.0,2.0,0.0,2.0,2.0,2.0,2.0,6.43956043956044,0.0,2.0,1.0,3.0,0.0,0.0,2.0
-196,2.0,2.0,1.0,0.0,0.0,1.0,2.0,0.0,2.0,2.0,2.0,2.0,6.450549450549451,0.0,2.0,1.0,3.0,0.0,0.0,2.0
-195,2.0,2.0,1.0,0.0,0.0,1.0,2.0,0.0,2.0,2.0,2.0,2.0,6.461538461538462,0.0,2.0,1.0,3.0,0.0,0.0,2.0
-194,2.0,2.0,1.0,0.0,0.0,1.0,2.0,0.0,2.0,2.0,2.0,2.0,6.472527472527473,0.0,2.0,1.0,3.0,0.0,0.0,2.0
-193,2.0,2.0,1.0,0.0,0.0,1.0,2.0,0.0,2.0,2.0,2.0,2.0,6.483516483516484,0.0,2.0,1.0,3.0,0.0,0.0,2.0
-192,2.0,2.0,1.0,0.0,0.0,1.0,2.0,0.0,2.0,2.0,2.0,2.0,6.4945054945054945,0.0,2.0,1.0,3.0,0.0,0.0,2.0
-191,2.0,2.0,1.0,0.0,0.0,1.0,2.0,0.0,2.0,2.0,2.0,2.0,6.5054945054945055,0.0,2.0,1.0,3.0,0.0,0.0,2.0
-190,2.0,2.0,1.0,0.0,0.0,1.0,2.0,0.0,2.0,2.0,2.0,2.0,6.516483516483516,0.0,2.0,1.0,3.0,0.0,0.0,2.0
-189,2.0,2.0,1.0,0.0,0.0,1.0,2.0,0.0,2.0,2.0,2.0,2.0,6.527472527472527,0.0,2.0,1.0,3.0,0.0,0.0,2.0
-188,2.0,2.0,1.0,0.0,0.0,1.0,2.0,0.0,2.0,2.0,2.0,2.0,6.538461538461538,0.0,2.0,1.0,3.0,0.0,0.0,2.0
-187,2.0,2.0,1.0,0.0,0.0,1.0,2.0,0.0,2.0,2.0,2.0,2.0,6.549450549450549,0.0,2.0,1.0,3.0,0.0,0.0,2.0
-186,2.0,2.0,1.0,0.0,0.0,1.0,2.0,0.0,2.0,2.0,2.0,2.0,6.56043956043956,0.0,2.0,1.0,3.0,0.0,0.0,2.0
-185,2.0,2.0,1.0,0.0,0.0,1.0,2.0,0.0,2.0,2.0,2.0,2.0,6.571428571428571,0.0,2.0,1.0,3.0,0.0,0.0,2.0
-184,2.0,2.0,1.0,0.0,0.0,1.0,2.0,0.0,2.0,2.0,2.0,2.0,6.582417582417582,0.0,2.0,1.0,3.0,0.0,0.0,2.0
-183,2.0,2.0,1.0,0.0,0.0,1.0,2.0,0.0,2.0,2.0,2.0,2.0,6.593406593406593,0.0,2.0,1.0,3.0,0.0,0.0,2.0
-182,2.0,2.0,1.0,0.0,0.0,1.0,2.0,0.0,2.0,2.0,2.0,2.0,6.604395604395604,0.0,2.0,1.0,3.0,0.0,0.0,2.0
-181,2.0,2.0,1.0,0.0,0.0,1.0,2.0,0.0,2.0,2.0,2.0,2.0,6.615384615384615,0.0,2.0,1.0,3.0,0.0,0.0,2.0
-180,2.0,2.0,1.0,0.0,0.0,1.0,2.0,0.0,2.0,2.0,2.0,2.0,6.626373626373626,0.0,2.0,1.0,3.0,0.0,0.0,2.0
-179,2.0,2.0,1.0,0.0,0.0,1.0,2.0,0.0,2.0,2.0,2.0,2.0,6.637362637362638,0.0,2.0,1.0,3.0,0.0,0.0,2.0
-178,2.0,2.0,1.0,0.0,0.0,1.0,2.0,0.0,2.0,2.0,2.0,2.0,6.648351648351649,0.0,2.0,1.0,3.0,0.0,0.0,2.0
-177,2.0,2.0,1.0,0.0,0.0,1.0,2.0,0.0,2.0,2.0,2.0,2.0,6.65934065934066,0.0,2.0,1.0,3.0,0.0,0.0,2.0
-176,2.0,2.0,1.0,0.0,0.0,1.0,2.0,0.0,2.0,2.0,2.0,2.0,6.670329670329671,0.0,2.0,1.0,3.0,0.0,0.0,2.0
-175,2.0,2.0,1.0,0.0,0.0,1.0,2.0,0.0,2.0,2.0,2.0,2.0,6.681318681318682,0.0,2.0,1.0,3.0,0.0,0.0,2.0
-174,2.0,2.0,1.0,0.0,0.0,1.0,2.0,0.0,2.0,2.0,2.0,2.0,6.6923076923076925,0.0,2.0,1.0,3.0,0.0,0.0,2.0
-173,2.0,2.0,1.0,0.0,0.0,1.0,2.0,0.0,2.0,2.0,2.0,2.0,6.7032967032967035,0.0,2.0,1.0,3.0,0.0,0.0,2.0
-172,2.0,2.0,1.0,0.0,0.0,1.0,2.0,0.0,2.0,2.0,2.0,2.0,6.714285714285714,0.0,2.0,1.0,3.0,0.0,0.0,2.0
-171,2.0,2.0,1.0,0.0,0.0,1.0,2.0,0.0,2.0,2.0,2.0,2.0,6.725274725274725,0.0,2.0,1.0,3.0,0.0,0.0,2.0
-170,2.0,2.0,1.0,0.0,0.0,1.0,2.0,0.0,2.0,2.0,2.0,2.0,6.736263736263736,0.0,2.0,1.0,3.0,0.0,0.0,2.0
-169,2.0,2.0,1.0,0.0,0.0,1.0,2.0,0.0,2.0,2.0,2.0,2.0,6.747252747252747,0.0,2.0,1.0,3.0,0.0,0.0,2.0
-168,2.0,2.0,1.0,0.0,0.0,1.0,2.0,0.0,2.0,2.0,2.0,2.0,6.758241758241758,0.0,2.0,1.0,3.0,0.0,0.0,2.0
-167,2.0,2.0,1.0,0.0,0.0,1.0,2.0,0.0,2.0,2.0,2.0,2.0,6.769230769230769,0.0,2.0,1.0,3.0,0.0,0.0,2.0
-166,2.0,2.0,1.0,0.0,0.0,1.0,2.0,0.0,2.0,2.0,2.0,2.0,6.78021978021978,0.0,2.0,1.0,3.0,0.0,0.0,2.0
-165,2.0,2.0,1.0,0.0,0.0,1.0,2.0,0.0,2.0,2.0,2.0,2.0,6.791208791208791,0.0,2.0,1.0,3.0,0.0,0.0,2.0
-164,2.0,2.0,1.0,0.0,0.0,1.0,2.0,0.0,2.0,2.0,2.0,2.0,6.802197802197802,0.0,2.0,1.0,3.0,0.0,0.0,2.0
-163,2.0,2.0,1.0,0.0,0.0,1.0,2.0,0.0,2.0,2.0,2.0,2.0,6.813186813186813,0.0,2.0,1.0,3.0,0.0,0.0,2.0
-162,2.0,2.0,1.0,0.0,0.0,1.0,2.0,0.0,2.0,2.0,2.0,2.0,6.824175824175824,0.0,2.0,1.0,3.0,0.0,0.0,2.0
-161,2.0,2.0,1.0,0.0,0.0,1.0,2.0,0.0,2.0,2.0,2.0,2.0,6.835164835164835,0.0,2.0,1.0,3.0,0.0,0.0,2.0
-160,2.0,2.0,1.0,0.0,0.0,1.0,2.0,0.0,2.0,2.0,2.0,2.0,6.846153846153847,0.0,2.0,1.0,3.0,0.0,0.0,2.0
-159,2.0,2.0,1.0,0.0,0.0,1.0,2.0,0.0,2.0,2.0,2.0,2.0,6.857142857142858,0.0,2.0,1.0,3.0,0.0,0.0,2.0
-158,2.0,2.0,1.0,0.0,0.0,1.0,2.0,0.0,2.0,2.0,2.0,2.0,6.868131868131869,0.0,2.0,1.0,3.0,0.0,0.0,2.0
-157,2.0,2.0,1.0,0.0,0.0,1.0,2.0,0.0,2.0,2.0,2.0,2.0,6.8791208791208796,0.0,2.0,1.0,3.0,0.0,0.0,2.0
-156,2.0,2.0,1.0,0.0,0.0,1.0,2.0,0.0,2.0,2.0,2.0,2.0,6.8901098901098905,0.0,2.0,1.0,3.0,0.0,0.0,2.0
-155,2.0,2.0,1.0,0.0,0.0,1.0,2.0,0.0,2.0,2.0,2.0,2.0,6.9010989010989015,0.0,2.0,1.0,3.0,0.0,0.0,2.0
-154,2.0,2.0,1.0,0.0,0.0,1.0,2.0,0.0,2.0,2.0,2.0,2.0,6.912087912087912,0.0,2.0,1.0,3.0,0.0,0.0,2.0
-153,2.0,2.0,1.0,0.0,0.0,1.0,2.0,0.0,2.0,2.0,2.0,2.0,6.923076923076923,0.0,2.0,1.0,3.0,0.0,0.0,2.0
-152,2.0,2.0,1.0,0.0,0.0,1.0,2.0,0.0,2.0,2.0,2.0,2.0,6.934065934065934,0.0,2.0,1.0,3.0,0.0,0.0,2.0
-151,2.0,2.0,1.0,0.0,0.0,1.0,2.0,0.0,2.0,2.0,2.0,2.0,6.945054945054945,0.0,2.0,1.0,3.0,0.0,0.0,2.0
-150,2.0,2.0,1.0,0.0,0.0,1.0,2.0,0.0,2.0,2.0,2.0,2.0,6.956043956043956,0.0,2.0,1.0,3.0,0.0,0.0,2.0
-149,2.0,2.0,1.0,0.0,0.0,1.0,2.0,0.0,2.0,2.0,2.0,2.0,6.967032967032967,0.0,2.0,1.0,3.0,0.0,0.0,2.0
-148,2.0,2.0,1.0,0.0,0.0,1.0,2.0,0.0,2.0,2.0,2.0,2.0,6.978021978021978,0.0,2.0,1.0,3.0,0.0,0.0,2.0
-147,2.0,2.0,1.0,0.0,0.0,1.0,2.0,0.0,2.0,2.0,2.0,2.0,6.989010989010989,0.0,2.0,1.0,3.0,0.0,0.0,2.0
-146,2.0,2.0,1.0,0.0,0.0,1.0,2.0,0.0,2.0,2.0,2.0,2.0,7.0,0.0,2.0,1.0,3.0,0.0,0.0,2.0
-145,2.0,2.0,1.0,0.0,0.0,1.0,2.0,0.0,2.0,2.0,2.0,2.0,7.0,0.0,2.0,1.0,3.0,0.0,0.0,2.0
-144,2.0,2.0,1.0,0.0,0.0,1.0,2.0,0.0,2.0,2.0,2.0,2.0,7.0,0.0,2.0,1.0,3.0,0.0,0.0,2.0
-143,2.0,2.0,1.0,0.0,0.0,1.0,2.0,0.0,2.0,2.0,2.0,2.0,7.0,0.0,2.0,1.0,3.0,0.0,0.0,2.0
-142,2.0,2.0,1.0,0.0,0.0,1.0,2.0,0.0,2.0,2.0,2.0,2.0,7.0,0.0,2.0,1.0,3.0,0.0,0.0,2.0
-141,2.0,2.0,1.0,0.0,0.0,1.0,2.0,0.0,2.0,2.0,2.0,2.0,7.0,0.0,2.0,1.0,3.0,0.0,0.0,2.0
-140,2.0,2.0,1.0,0.0,0.0,1.0,2.0,0.0,2.0,2.0,2.0,2.0,7.0,0.0,2.0,1.0,3.0,0.0,0.0,2.0
-139,2.0,2.0,1.0,0.0,0.0,1.0,2.0,0.0,2.0,2.0,2.0,2.0,7.0,0.0,2.0,1.0,3.0,0.0,0.0,2.0
-138,2.0,2.0,1.0,0.0,0.0,1.0,2.0,0.0,2.0,2.0,2.0,2.0,7.0,0.0,2.0,1.0,3.0,0.0,0.0,2.0
-137,2.0,2.0,1.0,0.0,0.0,1.0,2.0,0.0,2.0,2.0,2.0,2.0,7.0,0.0,2.0,1.0,3.0,0.0,0.0,2.0
-136,2.0,2.0,1.0,0.0,0.0,1.0,2.0,0.0,2.0,2.0,2.0,2.0,7.0,0.0,2.0,1.0,3.0,0.0,0.0,2.0
-135,2.0,2.0,1.0,0.0,0.0,1.0,2.0,0.0,2.0,2.0,2.0,2.0,7.0,0.0,2.0,1.0,3.0,0.0,0.0,2.0
-134,2.0,2.0,1.0,0.0,0.0,1.0,2.0,0.0,2.0,2.0,2.0,2.0,7.0,0.0,2.0,1.0,3.0,0.3333333333333333,0.0,2.0
-133,2.0,2.0,1.0,0.0,0.0,1.0,2.0,0.0,2.0,2.0,2.0,2.0,7.0,0.0,2.0,1.0,3.0,0.6666666666666666,0.0,2.0
-132,2.0,2.0,1.0,0.0,0.0,1.0,2.0,0.0,2.0,2.0,2.0,2.0,7.0,0.0,2.0,1.0,3.0,1.0,0.0,2.0
-131,2.0,2.0,1.0,0.0,0.0,1.0,2.0,0.0,2.0,2.0,2.0,2.0,7.0,0.0,2.0,1.0,3.0,0.9333333333333333,0.0,2.0
-130,2.0,2.0,1.0,0.0,0.0,1.0,2.0,0.0,2.0,2.0,2.0,2.0,7.0,0.0,2.0,1.0,3.0,0.8666666666666667,0.0,2.0
-129,2.0,2.0,1.0,0.0,0.0,1.0,2.0,0.0,2.0,2.0,2.0,2.0,7.0,0.0,2.0,1.0,3.0,0.8,0.0,2.0
-128,2.0,2.0,1.0,0.0,0.0,1.0,2.0,0.0,2.0,2.0,2.0,2.0,7.0,0.0,2.0,1.0,3.0,0.7333333333333334,0.0,2.0
-127,2.0,2.0,1.0,0.0,0.0,1.0,2.0,0.0,2.0,2.0,2.0,2.0,7.0,0.0,2.0,1.0,3.0,0.6666666666666667,0.0,2.0
-126,2.0,2.0,1.0,0.0,0.0,1.0,2.0,0.0,2.0,2.0,2.0,2.0,7.0,0.0,2.0,1.0,3.0,0.6,0.0,2.0
-125,2.0,2.0,1.0,0.0,0.0,1.0,2.0,0.0,2.0,2.0,2.0,2.0,7.0,0.0,2.0,1.0,3.0,0.5333333333333333,0.0,2.0
-124,2.0,2.0,1.0,0.0,0.0,1.0,2.0,0.0,2.0,2.0,2.0,2.0,7.0,0.0,2.0,1.0,3.0,0.4666666666666667,0.0,2.0
-123,2.0,2.0,1.0,0.0,0.0,1.0,2.0,0.0,2.0,2.0,2.0,2.0,7.0,0.0,2.0,1.0,3.0,0.4,0.0,2.0
-122,2.0,2.0,1.0,0.0,0.0,1.0,2.0,0.0,2.0,2.0,2.0,2.0,7.0,0.0,2.0,1.0,3.0,0.33333333333333337,0.0,2.0
-121,2.0,2.0,1.0,0.0,0.0,1.0,2.0,0.0,2.0,2.0,2.0,2.0,7.0,0.0,2.0,1.0,3.0,0.2666666666666667,0.0,2.0
-120,2.0,2.0,1.0,0.0,0.0,1.0,2.0,0.0,2.0,2.0,2.0,2.0,7.0,0.0,2.0,1.0,3.0,0.19999999999999996,0.0,2.0
-119,2.0,2.0,1.0,0.0,0.0,1.0,2.0,0.0,2.0,2.0,2.0,2.0,7.0,0.0,2.0,1.0,3.0,0.1333333333333333,0.0,2.0
-118,2.0,2.0,1.0,0.0,0.0,1.0,2.0,0.0,2.0,2.0,2.0,2.0,7.0,0.0,2.0,1.0,3.0,0.06666666666666665,0.0,2.0
-117,2.0,2.0,1.0,0.0,0.0,1.0,2.0,0.0,2.0,2.0,2.0,2.0,7.0,0.0,2.0,1.0,3.0,0.0,0.0,2.0
-116,2.0,2.0,1.0,0.0,0.0,1.0,2.0,0.0,2.0,2.0,2.0,2.0,7.0,0.0,2.0,1.0,3.0,0.0,0.0,2.0
-115,2.0,2.0,1.0,0.0,0.0,1.0,2.0,0.0,2.0,2.0,2.0,2.0,7.0,0.0,2.0,1.0,3.0,0.0,0.0,2.0
-114,2.0,2.0,1.0,0.0,0.0,1.0,2.0,0.0,2.0,2.0,2.0,2.0,7.0,0.0,2.0,1.0,3.0,0.0,0.0,2.0
-113,2.0,2.0,1.0,0.0,0.0,1.0,2.0,0.0,2.0,2.0,2.0,2.0,7.0,0.0,2.0,1.0,3.0,0.0,0.0,2.0
-112,2.0,2.0,1.0,0.0,0.0,1.0,2.0,0.0,2.0,2.0,2.0,2.0,7.0,0.0,2.0,1.0,3.0,0.0,0.0,2.0
-111,2.0,2.0,1.0,0.0,0.0,1.0,2.0,0.0,2.0,2.0,2.0,2.0,7.0,0.0,2.0,1.0,3.0,0.0,0.0,2.0
-110,2.0,2.0,1.0,0.0,0.0,1.0,2.0,0.0,2.0,2.0,2.0,2.0,7.0,0.0,2.0,1.0,3.0,0.0,0.0,2.0
-109,2.0,2.0,1.0,0.0,0.0,1.0,2.0,0.0,2.0,2.0,2.0,2.0,7.0,0.0,2.0,1.0,3.0,0.0,0.0,2.0
-108,2.0,2.0,1.0,0.0,0.0,1.0,2.0,0.0,2.0,2.0,2.0,2.0,7.0,0.0,2.0,1.0,3.0,0.0,0.0,2.0
-107,2.0,2.0,1.0,0.0,0.0,1.0,2.0,0.0,2.0,2.0,2.0,2.0,7.0,0.0,2.0,1.0,3.0,0.0,0.0,2.0
-106,2.0,2.0,1.0,0.0,0.0,1.0,2.0,0.0,2.0,2.0,2.0,2.0,7.0,0.0,2.0,1.0,3.0,0.0,0.0,2.0
-105,2.0,2.0,1.0,0.0,0.0,1.0,2.0,0.0,2.0,2.0,2.0,2.0,7.0,0.0,2.0,1.0,3.0,0.0,0.0,2.0
-104,2.0,2.0,1.0,0.0,0.0,1.0,2.0,0.0,2.0,2.0,2.0,2.0,7.0,0.0,2.0,1.0,3.0,0.0,0.0,2.0
-103,2.0,2.0,1.0,0.0,0.0,1.0,2.0,0.0,2.0,2.0,2.0,2.0,7.0,0.0,2.0,1.0,3.0,0.0,0.0,2.0
-102,2.0,2.0,1.0,0.0,0.0,1.0,2.0,0.0,2.0,2.0,2.0,2.0,7.0,0.0,2.0,1.0,3.0,0.0,0.0,2.0
-101,2.0,2.0,1.0,0.0,0.0,1.0,2.0,0.0,2.0,2.0,2.0,2.0,7.0,0.0,2.0,1.0,3.0,0.0,0.0,2.0
-100,2.0,2.0,1.0,0.0,0.0,1.0,2.0,0.0,2.0,2.0,2.0,2.0,7.0,0.0,2.0,1.0,3.0,0.0,0.0,2.0
-99,2.0,2.0,1.0,0.0,0.0,1.0,2.0,0.0,2.0,2.0,2.0,2.0,7.0,0.0,2.0,1.0,3.0,0.0,0.0,2.0
-98,2.0,2.0,1.0,0.0,0.0,1.0,2.0,0.0,2.0,2.0,2.0,2.0,7.0,0.0,2.0,1.0,3.0,0.0,0.0,2.0
-97,2.0,2.0,1.0,0.0,0.0,1.0,2.0,0.0,2.0,2.0,2.0,2.0,7.0,0.0,2.0,1.0,3.0,0.0,0.0,2.0
-96,2.0,2.0,1.0,0.0,0.0,1.0,2.0,0.0,2.0,2.0,2.0,2.0,7.0,0.0,2.0,1.0,3.0,0.045454545454545456,0.0,2.0
-95,2.0,2.0,1.0,0.0,0.0,1.0,2.0,0.0,2.0,2.0,2.0,2.0,7.0,0.0,2.0,1.0,3.0,0.09090909090909091,0.0,2.0
-94,2.0,2.0,1.0,0.0,0.0,1.0,2.0,0.0,2.0,2.0,2.0,2.0,7.0,0.0,2.0,1.0,3.0,0.13636363636363635,0.0,2.0
-93,2.0,2.0,1.0,0.0,0.0,1.0,2.0,0.0,2.0,2.0,2.0,2.0,7.0,0.0,2.0,1.0,3.0,0.18181818181818182,0.0,2.0
-92,2.0,2.0,1.0,0.0,0.0,1.0,2.0,0.0,2.0,2.0,2.0,2.0,7.0,0.0,2.0,1.0,3.0,0.2272727272727273,0.0,2.0
-91,2.0,2.0,1.0,0.0,0.0,1.0,2.0,0.0,2.0,2.0,2.0,2.0,7.0,0.0,2.0,1.0,3.0,0.2727272727272727,0.0,2.0
-90,2.0,2.0,1.0,0.0,0.0,1.0,2.0,0.0,2.0,2.0,2.0,2.0,7.0,0.0,2.0,1.0,3.0,0.3181818181818182,0.0,2.0
-89,2.0,2.0,1.0,0.0,0.0,1.0,2.0,0.0,2.0,2.0,2.0,2.0,7.0,0.0,2.0,1.0,3.0,0.36363636363636365,0.0,2.0
-88,2.0,2.0,1.0,0.0,0.0,1.0,2.0,0.0,2.0,2.0,2.0,2.0,7.0,0.0,2.0,1.0,3.0,0.4090909090909091,0.0,2.0
-87,2.0,2.0,1.0,0.0,0.0,1.0,2.0,0.0,2.0,2.0,2.0,2.0,7.0,0.0,2.0,1.0,3.0,0.4545454545454546,0.0,2.0
-86,2.0,2.0,1.0,0.0,0.0,1.0,2.0,0.0,2.0,2.0,2.0,2.0,7.0,0.0,2.0,1.0,3.0,0.5,0.0,2.0
-85,2.0,2.0,1.0,0.0,0.0,1.0,2.0,0.0,2.0,2.0,2.0,2.0,7.0,0.0,2.0,1.0,3.0,0.5454545454545454,0.0,2.0
-84,2.0,2.0,1.0,0.0,0.0,1.0,2.0,0.0,2.0,2.0,2.0,2.0,7.0,0.0,2.0,1.0,3.0,0.5909090909090909,0.0,2.0
-83,2.0,2.0,1.0,0.0,0.0,1.0,2.0,0.0,2.0,2.0,2.0,2.0,7.0,0.0,2.0,1.0,3.0,0.6363636363636364,0.0,2.0
-82,2.0,2.0,1.0,0.0,0.0,1.0,2.0,0.0,2.0,2.0,2.0,2.0,7.0,0.0,2.0,1.0,3.0,0.6818181818181819,0.0,2.0
-81,2.0,2.0,1.0,0.0,0.0,1.0,2.0,0.0,2.0,2.0,2.0,2.0,7.0,0.0,2.0,1.0,3.0,0.7272727272727273,0.0,2.0
-80,2.0,2.0,1.0,0.0,0.0,1.0,2.0,0.0,2.0,2.0,2.0,2.0,7.0,0.0,2.0,1.2857142857142856,3.0,0.7727272727272727,0.0,2.0
-79,2.0,2.0,1.0,0.0,0.0,1.0,2.0,0.0,2.0,2.0,2.0,2.0,7.0,0.0,2.0,1.5714285714285714,3.0,0.8181818181818182,0.0,2.0
-78,2.0,2.0,1.0,0.0,0.0,1.0,2.0,0.0,2.0,2.0,2.0,2.0,7.0,0.0,2.0,1.8571428571428572,3.0,0.8636363636363636,0.0,2.0
-77,2.0,2.0,1.0,0.0,0.0,1.0,2.0,0.0,2.0,2.0,2.0,2.0,7.0,0.0,2.0,2.142857142857143,3.0,0.9090909090909092,0.0,2.0
-76,2.0,2.0,1.0,0.0,0.0,1.0,2.0,0.0,2.0,2.0,2.0,2.0,7.0,0.0,2.0,2.4285714285714284,3.0,0.9545454545454546,0.0,2.0
-75,2.0,2.0,1.0,0.0,0.0,1.0,2.0,0.0,2.0,2.0,2.0,2.0,7.0,0.0,2.0,2.7142857142857144,3.0,1.0,0.0,2.0
-74,2.0,2.0,1.0,0.0,0.0,1.0,2.0,0.0,2.0,2.0,2.0,2.0,7.0,0.0,2.0,3.0,3.0,0.8888888888888888,0.0,2.0
-73,2.0,2.0,1.0,0.0,0.0,1.0,2.0,0.0,2.0,2.0,2.0,2.0,7.0,0.0,2.0,3.0,3.0,0.7777777777777778,0.0,2.0
-72,2.0,2.0,1.0,0.0,0.0,1.0,2.0,0.0,2.0,2.0,2.0,2.0,7.0,0.0,2.0,3.0,3.0,0.6666666666666667,0.0,2.0
-71,2.0,2.0,1.0,0.0,0.0,1.0,2.0,0.0,2.0,2.0,2.0,2.0,7.0,0.0,2.0,3.0,3.0,0.5555555555555556,0.0,2.0
-70,2.0,2.0,1.0,0.0,0.0,1.0,2.0,0.0,2.0,2.0,2.0,2.0,7.0,0.0,2.0,3.0,3.0,0.4444444444444444,0.0,2.0
-69,2.0,2.0,1.0,0.0,0.0,1.0,2.0,0.0,2.0,2.0,2.0,2.0,7.0,0.0,2.0,3.0,3.0,0.33333333333333337,0.0,2.0
-68,2.0,2.0,1.0,0.0,0.0,1.0,2.0,0.0,2.0,2.0,2.0,2.0,7.0,0.0,2.0,3.0,3.0,0.22222222222222232,0.0,2.0
-67,2.0,2.0,1.0,0.0,0.0,1.0,2.0,0.0,2.0,2.0,2.0,2.0,7.0,0.0,2.0,3.0,3.0,0.11111111111111116,0.0,2.0
-66,2.0,2.0,1.0,0.0,0.0,1.0,2.0,0.0,2.0,2.0,2.0,2.0,7.0,0.0,2.0,3.0,3.0,0.0,0.0,2.0
-65,2.0,2.0,1.0,0.0,0.0,1.0,2.0,0.0,2.0,2.0,2.0,2.0,7.0,0.0,2.0,3.0,3.0,0.0,0.0,2.0
-64,2.0,2.0,1.0,0.0,0.0,1.0,2.0,0.0,2.0,2.0,2.0,2.0,7.0,0.0,2.0,3.0,3.0,0.0,0.0,2.0
-63,2.0,2.0,1.0,0.0,0.0,1.0,2.0,0.0,2.0,2.0,2.0,2.0,7.0,0.0,2.0,3.0,3.0,0.0,0.0,2.0
-62,2.0,2.0,1.0,0.0,0.0,1.0,2.0,0.0,2.0,2.0,2.0,2.0,7.0,0.0,2.0,3.0,3.0,0.0,0.0,2.0
-61,2.0,2.0,1.0,0.0,0.0,1.0,2.0,0.0,2.0,2.0,2.0,2.0,7.0,0.0,2.0,3.0,3.0,0.0,0.0,2.0
-60,2.0,2.0,1.0,0.0,0.0,1.0,2.0,0.0,2.0,2.0,2.0,2.0,7.0,0.0,2.0,3.0,3.0,0.0,0.0,2.0
-59,2.0,2.0,1.0,0.0,0.0,1.0,2.0,0.0,2.0,2.0,2.0,2.0,7.0,0.0,2.0,3.0,3.0,0.0,0.0,2.0
-58,2.0,2.0,1.0,0.0,0.0,1.0,2.0,0.0,2.0,2.0,2.0,2.0,7.0,0.0,2.0,3.0,3.0,0.0,0.0,2.0
-57,2.0,2.0,1.0,0.0,0.0,1.0,2.0,0.0,2.0,2.0,2.0,2.0,7.0,0.0,2.0,3.0,3.0,0.0,0.0,2.0
-56,2.0,2.0,1.0,0.0,0.0,1.0,2.0,0.0,2.0,2.0,2.0,2.0,7.0,0.0,2.0,3.0,3.0,0.0,0.0,2.0
-55,2.0,2.0,1.0,0.0,0.0,1.0,2.0,0.0,2.0,2.0,2.0,2.0,7.0,0.0,2.0,3.0,3.0,0.0,0.0,2.0
-54,2.0,2.0,1.0,0.0,0.0,1.0,2.0,0.0,2.0,2.0,2.0,2.0,7.0,0.0,2.0,3.0,3.0,0.0,0.0,2.0
-53,2.0,2.0,1.0,0.0,0.0,1.0,2.0,0.0,2.0,2.0,2.0,2.0,7.0,0.0,2.0,3.0,3.0,0.0,0.0,2.0
-52,2.0,2.0,1.0,0.0,0.0,1.0,2.0,0.0,2.0,2.0,2.0,2.0,7.0,0.0,2.0,3.0,3.0,0.0,0.0,2.0
-51,2.0,2.0,1.0,0.0,0.0,1.0,2.0,0.0,2.0,2.0,2.0,2.0,7.0,0.0,2.0,3.0,3.0,0.0,0.0,2.0
-50,2.0,2.0,1.0,0.0,0.0,1.0,2.0,0.0,2.0,2.0,2.0,2.0,7.0,0.0,2.0,3.0,3.0,0.0,0.0,2.0
-49,2.0,2.0,1.0,0.0,0.0,1.0,2.0,0.0,2.0,2.0,2.0,2.0,7.0,0.0,2.0,3.0,3.0,0.0,0.0,2.0
-48,2.0,2.0,1.0,0.0,0.0,1.0,2.0,0.0,2.0,2.0,2.0,2.0,7.0,0.0,2.0,3.0,3.0,0.0,0.0,2.0
-47,2.0,2.0,1.0,0.0,0.0,1.0,2.0,0.0,2.0,2.0,2.0,2.0,7.0,0.0,2.0,3.0,3.0,0.0,0.0,2.0
-46,2.0,2.0,1.0,0.0,0.0,1.0,2.0,0.0,2.0,2.0,2.0,2.0,7.0,0.0,2.0,3.0,3.0,0.0,0.0,2.0
-45,2.0,2.0,1.0,0.0,0.0,1.0,2.0,0.0,2.0,2.0,2.0,2.0,7.0,0.0,2.0,3.0,3.0,0.0,0.0,2.0
-44,2.0,2.0,1.0,0.0,0.0,1.0,2.0,0.0,2.0,2.0,2.0,2.0,7.0,0.0,2.0,3.0,3.0,0.0,0.0,2.0
-43,2.0,2.0,1.0,0.0,0.0,1.0,2.0,0.0,2.0,2.0,2.0,2.0,7.0,0.0,2.0,3.0,3.0,0.0,0.0,2.0
-42,2.0,2.0,1.0,0.0,0.0,1.0,2.0,0.0,2.0,2.0,2.0,2.0,7.0,0.0,2.0,3.0,3.0,0.0,0.0,2.0
-41,2.0,2.0,1.0,0.0,0.0,1.0,2.0,0.0,2.0,2.0,2.0,2.0,7.0,0.0,2.0,3.0,3.0,0.0,0.0,2.0
-40,2.0,2.0,1.0,0.0,0.0,1.0,2.0,0.0,2.0,2.0,2.0,2.0,7.0,0.0,2.0,3.0,3.0,0.0,0.0,2.0
-39,2.0,2.0,1.0,0.0,0.0,1.0,2.0,0.0,2.0,2.0,2.0,2.0,7.0,0.0,2.0,3.0,3.0,0.0,0.0,2.0
-38,2.0,2.0,1.0,0.0,0.0,1.0,2.0,0.0,2.0,2.0,2.0,2.0,7.0,0.0,2.0,3.0,3.0,0.0,0.0,2.0
-37,2.0,2.0,1.0,0.0,0.0,1.0,2.0,0.0,2.0,2.0,2.0,2.0,7.0,0.0,2.0,3.0,3.0,0.0,0.0,2.0
-36,2.0,2.0,1.0,0.0,0.0,1.0,2.0,0.0,2.0,2.0,2.0,2.0,7.0,0.0,2.0,3.0,3.0,0.0,0.0,2.0
-35,2.0,2.0,1.0,0.0,0.0,1.0,2.0,0.0,2.0,2.0,2.0,2.0,7.0,0.0,2.0,3.0,3.0,0.0,0.0,2.0
-34,2.0,2.0,1.0,0.0,0.0,1.0,2.0,0.0,2.0,2.0,2.0,2.0,7.0,0.0,2.0,3.090909090909091,3.0,0.0,0.0,2.0
-33,2.0,2.0,1.0,0.0,0.0,1.0,2.0,0.0,2.0,2.0,2.0,2.0,7.0,0.0,2.0,3.1818181818181817,3.0,0.0,0.0,2.0
-32,2.0,2.0,1.0,0.0,0.0,1.0,2.0,0.0,2.0,2.0,2.0,2.0,7.0,0.0,2.0,3.2727272727272725,3.0,0.0,0.0,2.0
-31,2.0,2.0,1.0,0.0,0.0,1.0,2.0,0.0,2.0,2.0,2.0,2.0,7.0,0.0,2.0,3.3636363636363638,3.0,0.0,0.0,2.0
-30,2.0,2.0,1.0,0.0,0.0,1.0,2.0,0.0,2.0,2.0,2.0,2.0,7.0,0.0,2.0,3.4545454545454546,3.0,0.0,0.0,2.0
-29,2.0,2.0,1.0,0.0,0.0,1.0,2.0,0.0,2.0,2.0,2.0,2.0,7.0,0.0,2.0,3.5454545454545454,3.0,0.0,0.0,2.0
-28,2.0,2.0,1.0,0.0,0.0,1.0,2.0,0.0,2.0,2.0,2.0,2.0,7.0,0.0,2.0,3.6363636363636362,3.0,0.0,0.0,2.0
-27,2.0,2.0,1.0,0.0,0.0,1.0,2.0,0.0,2.0,2.0,2.0,2.0,7.0,0.0,2.0,3.7272727272727275,3.0,0.0,0.0,2.0
-26,2.0,2.0,1.0,0.0,0.0,1.0,2.0,0.0,2.0,2.0,2.0,2.0,7.0,0.0,2.0,3.8181818181818183,3.0,0.0,0.0,2.0
-25,2.0,2.0,1.0,0.0,0.0,1.0,2.0,0.0,2.0,2.0,2.0,2.0,7.0,0.0,2.0,3.909090909090909,3.0,0.0,0.0,2.0
-24,2.0,2.0,1.0,0.0,0.0,1.0,2.0,0.0,2.0,2.0,2.0,2.0,7.0,0.0,2.0,4.0,3.0,0.0,0.0,2.0
-23,2.0,2.0,1.0,0.0,0.0,1.0,2.0,0.0,2.0,2.0,2.0,2.0,7.0,0.0,2.0,3.9285714285714284,3.0,0.0,0.0,2.0
-22,2.0,2.0,1.0,0.0,0.0,1.0,2.0,0.0,2.0,2.0,2.0,2.0,7.0,0.0,2.0,3.857142857142857,3.0,0.0,0.0,2.0
-21,2.0,2.0,1.0,0.0,0.0,1.0,2.0,0.0,2.0,2.0,2.0,2.0,7.0,0.0,2.0,3.7857142857142856,3.0,0.0,0.0,2.0
-20,2.0,2.0,1.0,0.0,0.0,1.0,2.0,0.0,2.0,2.0,2.0,2.0,7.0,0.0,2.0,3.7142857142857144,3.0,0.0,0.0,2.0
-19,2.0,2.0,1.0,0.0,0.0,1.0,2.0,0.0,2.0,2.0,2.0,2.0,7.0,0.0,2.0,3.642857142857143,3.0,0.0,0.0,2.0
-18,2.0,2.0,1.0,0.0,0.0,1.0,2.0,0.0,2.0,2.0,2.0,2.0,7.0,0.0,2.0,3.5714285714285716,3.0,0.0,0.0,2.0
-17,2.0,2.0,1.0,0.0,0.0,1.0,2.0,0.0,2.0,2.0,2.0,2.0,7.0,0.0,2.0,3.5,3.0,0.0,0.0,2.0
-16,2.0,2.0,1.0,0.0,0.0,1.0,2.0,0.0,2.0,2.0,2.0,2.0,7.0,0.0,2.0,3.428571428571429,3.0,0.0,0.0,2.0
-15,2.0,2.0,1.0,0.0,0.0,1.0,2.0,0.0,2.0,2.0,2.0,2.0,7.0,0.0,2.0,3.357142857142857,3.0,0.0,0.0,2.0
-14,2.0,2.0,1.0,0.0,0.0,1.0,2.0,0.0,2.0,2.0,2.0,2.0,7.0,0.0,2.0,3.2857142857142856,3.0,0.0,0.0,2.0
-13,2.0,2.0,1.0,0.0,0.0,1.0,2.0,0.0,2.0,2.0,2.0,2.0,7.0,0.0,2.0,3.2142857142857144,3.0,0.0,0.0,2.0
-12,2.0,2.0,1.0,0.0,0.0,1.0,2.0,0.0,2.0,2.0,2.0,2.0,7.0,0.0,2.0,3.142857142857143,3.0,0.0,0.0,2.0
-11,2.0,2.0,1.0,0.0,0.0,1.0,2.0,0.0,2.0,2.0,2.0,2.0,7.0,0.0,2.0,3.0714285714285716,3.0,0.0,0.0,2.0
-10,2.0,2.0,1.0,0.0,0.0,1.0,2.0,0.0,2.0,2.0,2.0,2.0,7.0,0.0,2.0,3.0,3.0,0.0,0.0,2.0
-9,2.0,2.0,1.0,0.0,0.0,1.0,2.0,0.0,2.0,2.0,2.0,2.0,7.0,0.0,2.0,3.0,3.125,0.0,0.0,2.0
-8,2.0,2.0,1.0,0.0,0.0,1.0,2.0,0.0,2.0,2.0,2.0,2.0,7.0,0.0,2.0,3.0,3.25,0.0,0.0,2.0
-7,2.0,2.0,1.0,0.0,0.0,1.0,2.0,0.0,2.0,2.0,2.0,2.0,7.0,0.0,2.0,3.0,3.375,0.0,0.0,2.0
-6,2.0,2.0,1.0,0.0,0.0,1.0,2.0,0.0,2.0,2.0,2.0,2.0,7.0,0.0,2.0,3.0,3.5,0.0,0.0,2.0
-5,2.0,2.0,1.0,0.0,0.0,1.0,2.0,0.0,2.0,2.0,2.0,2.0,7.0,0.0,2.0,3.0,3.625,0.0,0.0,2.0
-4,2.0,2.0,1.0,0.0,0.0,1.0,2.0,0.0,2.0,2.0,2.0,2.0,7.0,0.0,2.0,3.0,3.75,0.0,0.0,2.0
-3,2.0,2.0,1.0,0.0,0.0,1.0,2.0,0.0,2.0,2.0,2.0,2.0,7.0,0.0,2.0,3.0,3.875,0.0,0.0,2.0
-2,2.0,2.0,1.0,0.0,0.0,1.0,2.0,0.0,2.0,2.0,2.0,2.0,7.0,0.0,2.0,3.0,4.0,0.0,0.0,2.0
-1,2.0,2.0,1.0,0.0,0.0,1.0,2.0,0.0,2.0,2.0,2.0,2.0,7.0,0.0,2.0,3.0,3.0,0.0,0.0,0.0
0,2.0,2.0,1.0,0.0,0.0,1.0,2.0,0.0,2.0,2.0,2.0,2.0,7.0,0.0,2.0,3.0,3.0,0.0,0.0,0.0
1,2.0,2.0,1.0,0.0,0.0,1.0,2.0,0.0,2.0,2.0,2.0,2.0,7.0,0.0,2.0,3.0,3.0,0.0,0.0,0.0
2,2.0,2.0,1.0,0.0,0.0,1.0,2.0,0.0,2.0,2.0,2.0,2.0,7.0,0.0,2.0,3.0,3.0,0.0,0.0,0.0
3,2.0,2.0,1.0,0.0,0.0,1.0,2.0,0.0,2.0,2.0,2.0,2.0,7.0,0.0,2.0,3.0,3.0,0.0,0.0,0.0
4,2.0,2.0,1.0,0.0,0.0,1.0,2.0,0.0,2.0,2.0,2.0,2.0,7.0,0.0,2.0,3.0,3.0,0.0,0.0,0.0
5,2.0,2.0,1.0,0.0,0.0,1.0,2.0,0.0,2.0,2.0,2.0,2.0,7.0,0.0,2.0,3.0,3.0,0.0,0.0,0.0
6,2.0,2.0,1.0,0.0,0.0,1.0,2.0,0.0,2.0,2.0,2.0,2.0,7.0,0.0,2.0,3.0,3.0,0.0,0.0,0.0
7,2.0,2.0,1.0,0.0,0.0,1.0,2.0,0.0,2.0,2.0,2.0,2.0,7.0,0.0,2.0,3.0,3.0,0.0,0.0,0.0
8,2.0,2.0,1.0,0.0,0.0,1.0,2.0,0.0,2.0,2.0,2.0,2.0,7.0,0.0,2.0,3.0,3.0,0.0,0.0,0.0
9,2.0,2.0,1.0,0.0,0.0,1.0,2.0,0.0,2.0,2.0,2.0,2.0,7.0,0.0,2.0,3.0,3.0,0.0,0.0,0.0
10,2.0,2.0,1.0,0.0,0.0,1.0,2.0,0.0,2.0,2.0,2.0,2.0,7.0,0.0,2.0,3.0,3.0,0.0,0.0,0.0
11,2.0,2.0,1.0,0.0,0.0,1.0,2.0,0.0,2.0,2.0,2.0,2.0,7.0,0.0,2.0,3.0,3.0,0.0,0.0,0.0
12,2.0,2.0,1.0,0.0,0.0,1.0,2.0,0.0,2.0,2.0,2.0,2.0,7.0,0.0,2.0,3.0,3.0,0.0,0.0,0.0
13,2.0,2.0,1.0,0.0,0.0,1.0,2.0,0.0,2.0,2.0,2.0,2.0,7.0,0.0,2.0,3.0,3.0,0.0,0.0,0.0
14,2.0,2.0,1.0,0.0,0.0,1.0,2.0,0.0,2.0,2.0,2.0,2.0,7.0,0.0,2.0,3.0,3.0,0.0,0.0,0.0
15,2.0,2.0,1.0,0.0,0.0,1.0,2.0,0.0,2.0,2.0,2.0,2.0,7.0,0.0,2.0,3.0,3.0,0.0,0.0,0.0
16,2.0,2.0,1.0,0.0,0.0,1.0,2.0,0.0,2.0,2.0,2.0,2.0,7.0,0.0,2.0,3.0,3.0,0.0,0.0,0.0
17,2.0,2.0,1.0,0.0,0.0,1.0,2.0,0.0,2.0,2.0,2.0,2.0,7.0,0.0,2.0,3.0,3.0,0.0,0.0,0.0
18,2.0,2.0,1.0,0.0,0.0,1.0,2.0,0.0,2.0,2.0,2.0,2.0,7.0,0.0,2.0,3.0,3.0,0.0,0.0,0.0
19,2.0,2.0,1.0,0.0,0.0,1.0,2.0,0.0,2.0,2.0,2.0,2.0,7.0,0.0,2.0,3.0,3.0,0.0,0.0,0.0
20,2.0,2.0,1.0,0.0,0.0,1.0,2.0,0.0,2.0,2.0,2.0,2.0,7.0,0.0,2.0,3.0,3.0,0.0,0.0,0.0
21,2.0,2.0,1.0,0.0,0.0,1.0,2.0,0.0,1.9428571428571428,2.0,2.0,2.0,7.0,0.0,2.0,3.0,3.0,0.0,0.0,0.0
22,2.0,2.0,1.0,0.0,0.0,1.0,2.0,0.0,1.8857142857142857,2.0,2.0,2.0,7.0,0.0,2.0,3.0,3.0,0.0,0.0,0.0
23,2.0,2.0,1.0,0.0,0.0,1.0,2.0,0.0,1.8285714285714285,2.0,2.0,2.0,7.0,0.0,2.0,3.0,3.0,0.0,0.0,0.0
24,2.0,2.0,1.0,0.0,0.0,1.0,2.0,0.0,1.7714285714285714,2.0,2.0,2.0,7.0,0.0,2.0,3.0,3.0,0.0,0.0,0.0
25,2.0,2.0,1.0,0.0,0.0,1.0,2.0,0.0,1.7142857142857144,2.0,2.0,2.0,7.0,0.0,2.0,3.0,3.0,0.0,0.0,0.0
26,2.0,2.0,1.0,0.0,0.0,1.0,2.0,0.0,1.657142857142857,2.0,2.0,2.0,7.0,0.0,2.0,3.0,3.0,0.0,0.0,0.0
27,2.0,2.0,1.0,0.0,0.0,1.0,2.0,0.0,1.6,2.0,2.0,2.0,7.0,0.0,2.0,3.0,3.0,0.0,0.0,0.0
28,2.0,2.0,1.0,0.0,0.0,1.0,2.0,0.0,1.542857142857143,2.0,2.0,2.0,7.0,0.0,2.0,3.0,3.0,0.0,0.0,0.0
29,2.0,2.0,1.0,0.0,0.0,1.0,2.0,0.0,1.4857142857142858,2.0,2.0,2.0,7.0,0.0,2.0,3.0,3.0,0.0,0.0,0.0
30,2.0,2.0,1.0,0.0,0.0,1.0,2.0,0.0,1.4285714285714286,2.0,2.0,2.0,7.0,0.0,2.0,3.0,3.0,0.0,0.0,0.0
31,2.0,2.0,1.0,0.0,0.0,1.0,2.0,0.0,1.3714285714285714,2.0,2.0,2.0,7.0,0.0,2.0,3.0,3.0,0.0,0.0,0.0
32,2.0,2.0,1.0,0.0,0.0,1.0,2.0,0.0,1.3142857142857143,2.0,2.0,2.0,7.0,0.0,2.0,3.0,3.0,0.0,0.07692307692307693,0.0
33,2.0,2.0,1.0,0.0,0.0,1.0,2.0,0.0,1.2571428571428571,2.0,2.0,2.0,7.0,0.0,2.0,3.0,3.0,0.0,0.15384615384615385,0.0
34,2.0,2.0,1.0,0.0,0.0,1.0,2.0,0.0,1.2000000000000002,2.0,2.0,2.0,7.0,0.0,2.0,3.0,3.0,0.0,0.23076923076923078,0.0
35,2.0,2.0,1.0,0.0,0.0,1.0,2.0,0.0,1.1428571428571428,2.0,2.0,2.0,7.0,0.0,2.0,3.0,3.0,0.0,0.3076923076923077,0.0
36,2.0,2.0,1.0,0.0,0.0,0.8571428571428572,2.0,0.0,1.0857142857142859,2.0,2.0,2.0,7.0,0.0,2.0,3.0,3.0,0.0,0.38461538461538464,0.0
37,2.0,2.0,1.0,0.0,0.0,0.7142857142857143,2.0,0.0,1.0285714285714285,2.0,2.0,2.0,7.0,0.0,2.0,3.0,3.0,0.0,0.46153846153846156,0.0
38,2.0,2.0,1.0,0.0,0.0,0.5714285714285714,2.0,0.0,0.9714285714285715,2.0,2.0,2.0,7.0,0.0,2.0,3.0,3.0,0.0,0.5384615384615385,0.0
39,2.0,2.0,1.0,0.0,0.0,0.4285714285714286,2.0,0.0,0.9142857142857144,2.0,2.0,2.0,7.0,0.0,2.0,3.0,3.0,0.0,0.6153846153846154,0.0
40,2.0,2.0,1.0,0.0,0.0,0.2857142857142858,2.0,0.0,0.8571428571428572,2.0,2.0,2.0,7.0,0.0,2.0,3.0,3.0,0.0,0.6923076923076923,0.0
41,2.0,2.0,1.0,0.0,0.0,0.1428571428571429,2.0,0.0,0.8,2.0,2.0,2.0,7.0,0.0,2.0,3.0,3.0,0.0,0.7692307692307693,0.0
42,2.0,2.0,1.0,0.0,0.0,0.0,2.0,0.0,0.7428571428571429,2.0,2.0,2.0,7.0,0.0,2.0,3.0,3.0,0.0,0.8461538461538463,0.0
43,2.0,2.0,1.0,0.0,0.0,0.0,2.0,0.0,0.6857142857142857,2.0,2.0,2.0,7.0,0.0,2.0,3.0,3.0,0.0,0.9230769230769231,0.0
44,2.0,2.0,1.0,0.0,0.0,0.0,2.0,0.0,0.6285714285714286,2.0,2.0,2.0,7.0,0.0,2.0,3.0,3.0,0.0,1.0,0.0
45,2.0,2.0,1.0,0.0,0.0,0.0,2.0,0.0,0.5714285714285714,2.0,2.0,2.0,7.0,0.0,2.0,3.0,3.0,0.0,1.0,0.0
46,2.0,2.0,1.0,0.0,0.0,0.0,2.0,0.0,0.5142857142857142,2.0,2.0,2.0,7.0,0.0,2.0,3.0,3.0,0.0,1.0,0.0
47,2.0,2.0,1.0,0.0,0.0,0.0,2.0,0.0,0.4571428571428573,2.0,2.0,2.0,7.0,0.0,2.0,3.0,3.0,0.0,1.0,0.0
48,2.0,2.0,1.0,0.0,0.0,0.0,2.0,0.0,0.40000000000000013,2.0,2.0,2.0,7.0,0.0,2.0,3.0,3.0,0.0,1.0,0.0
49,2.0,2.0,1.0,0.0,0.0,0.0,2.0,0.0,0.34285714285714297,2.0,2.0,2.0,7.0,0.0,2.0,3.0,3.0,0.0,1.0,0.0
50,2.0,2.0,1.0,0.0,0.0,0.0,2.0,0.0,0.2857142857142858,2.0,2.0,2.0,7.0,0.0,2.0,3.0,3.0,0.0,1.0,0.0
51,2.0,2.0,1.0,0.0,0.0,0.0,2.0,0.0,0.22857142857142865,2.0,2.0,2.0,7.0,0.0,2.0,3.0,3.0,0.0,1.0,0.0
52,2.0,2.0,1.0,0.0,0.0,0.0,2.0,0.0,0.17142857142857149,2.0,2.0,2.0,7.0,0.0,2.0,3.0,3.0,0.0,1.0,0.0
53,2.0,2.0,1.0,0.0,0.0,0.0,2.0,0.0,0.11428571428571432,2.0,2.0,2.0,7.0,0.0,2.0,3.0,3.0,0.0,1.0,0.0
54,2.0,2.0,1.0,0.0,0.0,0.0,2.0,0.0,0.05714285714285716,2.0,2.0,2.0,7.0,0.0,2.0,3.0,3.0,0.0,1.0,0.0
55,2.0,2.0,1.0,0.0,0.0,0.0,2.0,0.0,0.0,2.0,2.0,2.0,7.0,0.0,2.0,3.0,3.0,0.0,1.0,0.0
56,2.0,2.0,1.0,0.0,0.0,0.0,2.0,0.0,0.0,2.0,2.0,2.0,7.0,0.0,2.0,3.0,3.0,0.0,1.0,0.0
57,2.0,2.0,1.0,0.0,0.0,0.0,2.0,0.0,0.0,2.0,2.0,2.0,7.0,0.0,2.0,3.0,3.0,0.0,1.0,0.0
58,2.0,2.0,1.0,0.0,0.0,0.0,2.0,0.0,0.0,2.0,2.0,2.0,7.0,0.0,2.0,3.0,3.0,0.0,1.0,0.0
59,2.0,2.0,1.0,0.0,0.0,0.0,2.0,0.0,0.0,2.0,2.0,2.0,7.0,0.0,2.0,3.0,3.0,0.0,1.0,0.0
60,2.0,2.0,1.0,0.0,0.0,0.0,2.0,0.0,0.0,2.0,2.0,2.0,7.0,0.0,2.0,3.0,3.0,0.0,1.0,0.0
61,2.0,2.0,1.0,0.0,0.0,0.0,2.0,0.0,0.0,2.0,2.0,2.0,7.0,0.0,2.0,3.0,3.0,0.0,1.0,0.0
62,2.0,2.0,1.0,0.0,0.0,0.0,2.0,0.0,0.0,2.0,2.0,2.0,7.0,0.0,2.0,3.0,3.0,0.0,1.0,0.0
63,2.0,2.0,1.0,0.0,0.0,0.0,2.0,0.0,0.0,2.0,2.0,2.0,7.0,0.0,2.0,3.0,3.0,0.0,1.0,0.0
64,2.0,2.0,1.0,0.0,0.0,0.0,2.0,0.0,0.0,2.0,2.0,2.0,7.0,0.0,2.0,3.0,3.0,0.0,1.0,0.0
65,2.0,2.0,1.0,0.0,0.0,0.0,2.0,0.0,0.0,2.0,2.0,2.0,7.0,0.0,2.0,3.0,3.0,0.0,1.0,0.0
66,2.0,2.0,1.0,0.0,0.0,0.0,2.0,0.0,0.0,2.0,2.0,2.0,7.0,0.0,2.0,3.0,3.0,0.0,1.0,0.0
67,2.0,2.0,1.0,0.0,0.0,0.0,2.0,0.0,0.0,2.0,2.0,2.0,7.0,0.0,2.0,3.0,3.0,0.0,1.0,0.0
68,2.0,2.0,1.0,0.0,0.0,0.0,2.0,0.0,0.0,2.0,2.0,2.0,7.0,0.0,2.0,3.0,3.0,0.0,1.0,0.0
69,2.0,2.0,1.0,0.0,0.0,0.0,2.0,0.0,0.0,2.0,2.0,2.0,7.0,0.0,2.0,3.0,3.0,0.0,1.0,0.0
70,2.0,2.0,1.0,0.0,0.0,0.0,2.0,0.0,0.0,2.0,2.0,2.0,7.0,0.0,2.0,3.0,3.0,0.0,1.0,0.0
71,2.0,2.0,1.0,0.0,0.0,0.0,2.0,0.0,0.0,2.0,2.0,2.0,7.0,0.0,2.0,3.0,3.0,0.0,1.0,0.0
72,2.0,2.0,1.0,0.0,0.0,0.0,2.0,0.0,0.0,2.0,2.0,2.0,7.0,0.0,2.0,3.0,3.0,0.0,1.0,0.0
73,2.0,2.0,1.0,0.0,0.0,0.0,2.0,0.0,0.0,2.0,2.0,2.0,7.0,0.0,2.0,3.0,3.0,0.0,1.0,0.0
74,2.0,2.0,1.0,0.0,0.0,0.0,2.0,0.0,0.0,2.0,2.0,2.0,7.0,0.0,2.0,3.0,3.0,0.0,1.0,0.0
75,2.0,2.0,1.0,0.0,0.0,0.0,2.0,0.0,0.0,2.0,2.0,2.0,7.0,0.0,2.0,3.0,3.0,0.0,1.0,0.0
76,2.0,2.0,1.0,0.0,0.0,0.0,2.0,0.0,0.0,2.0,2.0,2.0,7.0,0.0,2.0,3.0,3.0,0.0,1.0,0.0
77,2.0,2.0,1.0,0.0,0.0,0.0,2.0,0.0,0.0,2.0,2.0,2.0,7.0,0.0,2.0,3.0,3.0,0.0,1.0,0.0
78,2.0,2.0,1.0,0.0,0.0,0.0,2.0,0.0,0.0,2.0,2.0,2.0,7.0,0.0,2.0,3.0,3.0,0.0,1.0,0.0
79,2.0,2.0,1.0,0.0,0.0,0.0,2.0,0.0,0.0,2.0,2.0,2.0,7.0,0.0,2.0,3.0,3.0,0.0,1.0,0.0
80,2.0,2.0,1.0,0.0,0.0,0.0,2.0,0.0,0.0,2.0,2.0,2.0,7.0,0.0,2.0,3.0,3.0,0.0,1.0,0.0
81,2.0,2.0,1.0,0.0,0.0,0.0,2.0,0.0,0.0,2.0,2.0,2.0,7.0,0.0,2.0,3.0,3.0,0.0,1.0,0.0
82,2.0,2.0,1.0,0.0,0.0,0.0,2.0,0.0,0.0,2.0,2.0,2.0,7.0,0.0,2.0,3.0,3.0,0.0,1.0,0.0
83,2.0,2.0,1.0,0.0,0.0,0.0,2.0,0.0,0.0,2.0,2.0,2.0,7.0,0.0,2.0,3.0,3.0,0.0,1.0,0.0
84,2.0,2.0,1.0,0.0,0.0,0.0,2.0,0.0,0.0,2.0,2.0,2.0,7.0,0.0,2.0,3.0,3.0,0.0,1.0,0.0
85,2.0,2.0,1.0,0.0,0.0,0.0,2.0,0.0,0.0,2.0,2.0,2.0,7.0,0.0,2.0,3.0,3.0,0.0,1.0,0.0
86,2.0,2.0,1.0,0.0,0.0,0.0,2.0,0.0,0.0,2.0,2.0,2.0,7.0,0.0,2.0,3.0,3.0,0.0,1.0,0.0
87,2.0,2.0,1.0,0.0,0.0,0.0,2.0,0.0,0.0,2.0,2.0,2.0,7.0,0.0,2.0,3.0,3.0,0.0,1.0,0.0
88,2.0,2.0,1.0,0.0,0.0,0.0,2.0,0.0,0.0,2.0,2.0,2.0,7.0,0.0,2.0,3.0,3.0,0.0,1.0,0.0
89,2.0,2.0,1.0,0.0,0.0,0.0,2.0,0.0,0.0,2.0,2.0,2.0,7.0,0.0,2.0,3.0,3.0,0.0,1.0,0.0
90,2.0,2.0,1.0,0.0,0.0,0.0,2.0,0.0,0.0,2.0,2.0,2.0,7.0,0.0,2.0,3.0,3.0,0.0,1.0,0.0
91,2.0,2.0,1.0,0.0,0.0,0.0,2.0,0.0,0.0,2.0,2.0,2.0,7.0,0.0,2.0,3.0,3.0,0.0,1.0,0.0
92,2.0,2.0,1.0,0.0,0.0,0.0,2.0,0.0,0.0,2.0,2.0,2.0,7.0,0.0,2.0,3.0,3.0,0.0,1.0,0.0
93,2.0,2.0,1.0,0.0,0.0,0.0,2.0,0.0,0.0,2.0,2.0,2.0,7.0,0.0,2.0,3.0,3.0,0.0,1.0,0.0
94,2.0,2.0,1.0,0.0,0.0,0.0,2.0,0.0,0.0,2.0,2.0,2.0,7.0,0.0,2.0,3.0,3.0,0.0,1.0,0.0
95,2.0,2.0,1.0,0.0,0.0,0.0,2.0,0.0,0.0,2.0,2.0,2.0,7.0,0.0,2.0,3.0,3.0,0.0,1.0,0.0
96,2.0,2.0,1.0,0.0,0.0,0.0,2.0,0.0,0.0,2.0,2.0,2.0,7.0,0.0,2.0,3.0,3.0,0.0,1.0,0.0
97,2.0,2.0,1.0,0.0,0.0,0.0,2.0,0.0,0.0,2.0,2.0,2.0,7.0,0.0,2.0,3.0,3.0,0.0,1.0,0.0
98,2.0,2.0,1.0,0.0,0.0,0.0,2.0,0.0,0.0,2.0,2.0,2.0,7.0,0.0,2.0,3.0,3.0,0.0,1.0,0.0
99,2.0,2.0,1.0,0.0,0.0,0.0,2.0,0.0,0.0,2.0,2.0,2.0,7.0,0.0,2.0,3.0,3.0,0.0,1.0,0.0
100,2.0,2.0,1.0,0.0,0.0,0.0,2.0,0.0,0.0,2.0,2.0,2.0,7.0,0.0,2.0,3.0,3.0,0.0,1.0,0.0
101,2.0,2.0,1.0,0.0,0.0,0.0,2.0,0.0,0.0,2.0,2.0,2.0,7.0,0.0,2.0,3.0,3.0,0.0,1.0,0.0
102,2.0,2.0,1.0,0.0,0.0,0.0,2.0,0.0,0.0,2.0,2.0,2.0,7.0,0.0,2.0,3.0,3.0,0.0,1.0,0.0
103,2.0,2.0,1.0,0.0,0.0,0.0,2.0,0.0,0.0,2.0,2.0,2.0,7.0,0.0,2.0,3.0,3.0,0.0,1.0,0.0
104,2.0,2.0,1.0,0.0,0.0,0.0,2.0,0.0,0.0,2.0,2.0,2.0,7.0,0.0,2.0,3.0,3.0,0.0,1.0,0.0
105,2.0,2.0,1.0,0.0,0.0,0.0,2.0,0.0,0.0,2.0,2.0,2.0,7.0,0.0,2.0,3.0,3.0,0.0,1.0,0.0
106,2.0,2.0,1.0,0.0,0.0,0.0,2.0,0.0,0.0,2.0,2.0,2.0,7.0,0.0,2.0,3.0,3.0,0.0,1.0,0.0
107,2.0,2.0,1.0,0.0,0.0,0.0,2.0,0.0,0.0,2.0,2.0,2.0,7.0,0.0,2.0,3.0,3.0,0.0,1.0,0.0
108,2.0,2.0,1.0,0.0,0.0,0.0,2.0,0.0,0.0,2.0,2.0,2.0,7.0,0.0,2.0,3.0,3.0,0.0,1.0,0.0
109,2.0,2.0,1.0,0.0,0.0,0.0,2.0,0.0,0.0,2.0,2.0,2.0,7.0,0.0,2.0,3.0,3.0,0.0,1.0,0.0
110,2.0,2.0,1.0,0.0,0.0,0.0,2.0,0.0,0.0,2.0,2.0,2.0,7.0,0.0,2.0,3.0,3.0,0.0,1.0,0.0
111,2.0,2.0,1.0,0.0,0.0,0.0,2.0,0.0,0.0,2.0,2.0,2.0,7.0,0.0,2.0,3.0,3.0,0.0,1.0,0.0
112,2.0,2.0,1.0,0.0,0.0,0.0,2.0,0.0,0.0,2.0,2.0,2.0,7.0,0.0,2.0,3.0,3.0,0.0,1.0,0.0
113,2.0,2.0,1.0,0.0,0.0,0.0,2.0,0.0,0.0,2.0,2.0,2.0,7.0,0.0,2.0,3.0,3.0,0.0,1.0,0.0
114,2.0,2.0,1.0,0.0,0.0,0.0,2.0,0.0,0.0,2.0,2.0,2.0,7.0,0.0,2.0,3.0,3.0,0.0,1.0,0.0
115,2.0,2.0,1.0,0.0,0.0,0.0,2.0,0.0,0.0,2.0,2.0,2.0,7.0,0.0,2.0,3.0,3.0,0.0,1.0,0.0
116,2.0,2.0,1.0,0.0,0.0,0.0,2.0,0.0,0.0,2.0,2.0,2.0,7.0,0.0,2.0,3.0,3.0,0.0,1.0,0.0
117,2.0,2.0,1.0,0.0,0.0,0.0,2.0,0.0,0.0,2.0,2.0,2.0,7.0,0.0,2.0,3.0,3.0,0.0,1.0,0.0
118,2.0,2.0,1.0,0.0,0.0,0.0,2.0,0.0,0.0,2.0,2.0,2.0,7.0,0.0,2.0,3.0,3.0,0.0,1.0,0.0
119,2.0,2.0,1.0,0.0,0.0,0.0,2.0,0.0,0.0,2.0,2.0,2.0,7.0,0.0,2.0,3.0,3.0,0.0,1.0,0.0
120,2.0,2.0,1.0,0.0,0.0,0.0,2.0,0.0,0.0,2.0,2.0,2.0,7.0,0.0,2.0,3.0,3.0,0.0,1.0,0.0
121,2.0,2.0,1.0,0.0,0.0,0.0,2.0,0.0,0.0,2.0,2.0,2.0,7.0,0.0,2.0,3.0,3.0,0.0,1.0,0.0
122,2.0,2.0,1.0,0.0,0.0,0.0,2.0,0.0,0.0,2.0,2.0,2.0,7.0,0.0,2.0,3.0,3.0,0.0,1.0,0.0
123,2.0,2.0,1.0,0.0,0.0,0.0,2.0,0.0,0.0,2.0,2.0,2.0,7.0,0.0,2.0,3.0,3.0,0.0,1.0,0.0
124,2.0,2.0,1.0,0.0,0.0,0.0,2.0,0.0,0.0,2.0,2.0,2.0,7.0,0.0,2.0,3.0,3.0,0.0,1.0,0.0
125,2.0,2.0,1.0,0.0,0.0,0.0,2.0,0.0,0.0,2.0,2.0,2.0,7.0,0.0,2.0,3.0,3.0,0.0,1.0,0.0
126,2.0,2.0,1.0,0.0,0.0,0.0,2.0,0.0,0.0,2.0,2.0,2.0,7.0,0.0,2.0,3.0,3.0,0.0,1.0,0.0
127,2.0,2.0,1.0,0.0,0.0,0.0,2.0,0.0,0.0,2.0,2.0,2.0,7.0,0.0,2.0,3.0,3.0,0.0,1.0,0.0
128,2.0,2.0,1.0,0.0,0.0,0.0,2.0,0.0,0.0,2.0,2.0,2.0,7.0,0.0,2.0,3.0,3.0,0.0,1.0,0.0
129,2.0,2.0,1.0,0.0,0.0,0.0,2.0,0.0,0.0,2.0,2.0,2.0,7.0,0.0,2.0,3.0,3.0,0.0,1.0,0.0
130,2.0,2.0,1.0,0.0,0.0,0.0,2.0,0.0,0.0,2.0,2.0,2.0,7.0,0.0,2.0,3.0,3.0,0.0,1.0,0.0
131,2.0,2.0,1.0,0.0,0.0,0.0,2.0,0.0,0.0,2.0,2.0,2.0,7.0,0.0,2.0,3.0,3.0,0.0,1.0,0.0
132,2.0,2.0,1.0,0.0,0.0,0.0,2.0,0.0,0.0,2.0,2.0,2.0,7.0,0.0,2.0,3.0,3.0,0.0,1.0,0.0
133,2.0,2.0,1.0,0.0,0.0,0.0,2.0,0.0,0.0,2.0,2.0,2.0,7.0,0.0,2.0,3.0,3.0,0.0,1.0,0.0
134,2.0,2.0,1.0,0.0,0.0,0.0,2.0,0.0,0.0,2.0,2.0,2.0,7.0,0.0,2.0,3.0,3.0,0.0,1.0,0.0
135,2.0,2.0,1.0,0.0,0.0,0.0,2.0,0.0,0.0,2.0,2.0,2.0,7.0,0.0,2.0,3.0,3.0,0.0,1.0,0.0
136,2.0,2.0,1.0,0.0,0.0,0.0,2.0,0.0,0.0,2.0,2.0,2.0,7.0,0.0,2.0,3.0,3.0,0.0,1.0,0.0
137,2.0,2.0,1.0,0.0,0.0,0.0,2.0,0.0,0.0,2.0,2.0,2.0,7.0,0.0,2.0,3.0,3.0,0.0,1.0,0.0
138,2.0,2.0,1.0,0.0,0.0,0.0,2.0,0.0,0.0,2.0,2.0,2.0,7.0,0.0,2.0,3.0,3.0,0.0,1.0,0.0
139,2.0,2.0,1.0,0.0,0.0,0.0,2.0,0.0,0.0,2.0,2.0,2.0,7.0,0.0,2.0,3.0,3.0,0.0,1.0,0.0
140,2.0,2.0,1.0,0.0,0.0,0.0,2.0,0.0,0.0,2.0,2.0,2.0,7.0,0.0,2.0,3.0,3.0,0.0,1.0,0.0
141,2.0,2.0,1.0,0.0,0.0,0.0,2.0,0.0,0.0,2.0,2.0,2.0,7.0,0.0,2.0,3.0,3.0,0.0,1.0,0.0
142,2.0,2.0,1.0,0.0,0.0,0.0,2.0,0.0,0.0,2.0,2.0,2.0,7.0,0.0,2.0,3.0,3.0,0.0,1.0,0.0
143,2.0,2.0,1.0,0.0,0.0,0.0,2.0,0.0,0.0,2.0,2.0,2.0,7.0,0.0,2.0,3.0,3.0,0.0,1.0,0.0
144,2.0,2.0,1.0,0.0,0.0,0.0,2.0,0.0,0.0,2.0,2.0,2.0,7.0,0.0,2.0,3.0,3.0,0.0,1.0,0.0
145,2.0,2.0,1.0,0.0,0.0,0.0,2.0,0.0,0.0,2.0,2.0,2.0,7.0,0.0,2.0,3.0,3.0,0.0,1.0,0.0
146,2.0,2.0,1.0,0.0,0.0,0.0,2.0,0.0,0.0,2.0,2.0,2.0,7.0,0.0,2.0,3.0,3.0,0.0,1.0,0.0
147,2.0,2.0,1.0,0.0,0.0,0.0,2.0,0.0,0.0,2.0,2.0,2.0,7.0,0.0,2.0,3.0,3.0,0.0,1.0,0.0
148,2.0,2.0,1.0,0.0,0.0,0.0,2.0,0.0,0.0,2.0,2.0,2.0,7.0,0.0,2.0,3.0,3.0,0.0,1.0,0.0
149,2.0,2.0,1.0,0.0,0.0,0.0,2.0,0.0,0.0,2.0,2.0,2.0,7.0,0.0,2.0,3.0,3.0,0.0,1.0,0.0
150,2.0,2.0,1.0,0.0,0.0,0.0,2.0,0.0,0.0,2.0,2.0,2.0,7.0,0.0,2.0,3.0,3.0,0.0,1.0,0.0
151,2.0,2.0,1.0,0.0,0.0,0.0,2.0,0.0,0.0,2.0,2.0,2.0,7.0,0.0,2.0,3.0,3.0,0.0,1.0,0.0
152,2.0,2.0,1.0,0.0,0.0,0.0,2.0,0.0,0.0,2.0,2.0,2.0,7.0,0.0,2.0,3.0,3.0,0.0,1.0,0.0
153,2.0,2.0,1.0,0.0,0.0,0.0,2.0,0.0,0.0,2.0,2.0,2.0,7.0,0.0,2.0,3.0,3.0,0.0,1.0,0.0
154,2.0,2.0,1.0,0.0,0.0,0.0,2.0,0.0,0.0,2.0,2.0,2.0,7.0,0.0,2.0,3.0,3.0,0.0,1.0,0.0
155,2.0,2.0,1.0,0.0,0.0,0.0,2.0,0.0,0.0,2.0,2.0,2.0,7.0,0.0,2.0,3.0,3.0,0.0,1.0,0.0
156,2.0,2.0,1.0,0.0,0.0,0.0,2.0,0.0,0.0,2.0,2.0,2.0,7.0,0.0,2.0,3.0,3.0,0.0,1.0,0.0
157,2.0,2.0,1.0,0.0,0.0,0.0,2.0,0.0,0.0,2.0,2.0,2.0,7.0,0.0,2.0,3.0,3.0,0.0,1.0,0.0
158,2.0,2.0,1.0,0.0,0.0,0.0,2.0,0.0,0.0,2.0,2.0,2.0,7.0,0.0,2.0,3.0,3.0,0.0,1.0,0.0
159,2.0,2.0,1.0,0.0,0.0,0.0,2.0,0.0,0.0,2.0,2.0,2.0,7.0,0.0,2.0,3.0,3.0,0.0,1.0,0.0
160,2.0,2.0,1.0,0.0,0.0,0.0,2.0,0.0,0.0,2.0,2.0,2.0,7.0,0.0,2.0,3.0,3.0,0.0,1.0,0.0
161,2.0,2.0,1.0,0.0,0.0,0.0,2.0,0.0,0.0,2.0,2.0,2.0,7.0,0.0,2.0,3.0,3.0,0.0,1.0,0.0
162,2.0,2.0,1.0,0.0,0.0,0.0,2.0,0.0,0.0,2.0,2.0,2.0,7.0,0.0,2.0,3.0,3.0,0.0,1.0,0.0
163,2.0,2.0,1.0,0.0,0.0,0.0,2.0,0.0,0.0,2.0,2.0,2.0,7.0,0.0,2.0,3.0,3.0,0.0,1.0,0.0
164,2.0,2.0,1.0,0.0,0.0,0.0,2.0,0.0,0.0,2.0,2.0,2.0,7.0,0.0,2.0,3.0,3.0,0.0,1.0,0.0
165,2.0,2.0,1.0,0.0,0.0,0.0,2.0,0.0,0.0,2.0,2.0,2.0,7.0,0.0,2.0,3.0,3.0,0.0,1.0,0.0
166,2.0,2.0,1.0,0.0,0.0,0.0,2.0,0.0,0.0,2.0,2.0,2.0,7.0,0.0,2.0,3.0,3.0,0.0,1.0,0.0
167,2.0,2.0,1.0,0.0,0.0,0.0,2.0,0.0,0.0,2.0,2.0,2.0,7.0,0.0,2.0,3.0,3.0,0.0,1.0,0.0
168,2.0,2.0,1.0,0.0,0.0,0.0,2.0,0.0,0.0,2.0,2.0,2.0,7.0,0.0,2.0,3.0,3.0,0.0,1.0,0.0
169,2.0,2.0,1.0,0.0,0.0,0.0,2.0,0.0,0.0,2.0,2.0,2.0,7.0,0.0,2.0,3.0,3.0,0.0,1.0,0.0
170,2.0,2.0,1.0,0.0,0.0,0.0,2.0,0.0,0.0,2.0,2.0,2.0,7.0,0.0,2.0,3.0,3.0,0.0,1.0,0.0
171,2.0,2.0,1.0,0.0,0.0,0.0,2.0,0.0,0.0,2.0,2.0,2.0,7.0,0.0,2.0,3.0,3.0,0.0,1.0,0.0
172,2.0,2.0,1.0,0.0,0.0,0.0,2.0,0.0,0.0,2.0,2.0,2.0,7.0,0.0,1.8181818181818181,3.0,3.0,0.0,1.0,0.0
173,2.0,2.0,1.0,0.0,0.0,0.0,2.0,0.0,0.0,2.0,2.0,2.0,7.0,0.0,1.6363636363636362,3.0,3.0,0.0,1.0,0.0
174,2.0,2.0,1.0,0.0,0.0,0.0,2.0,0.0,0.0,2.0,2.0,2.0,7.0,0.0,1.4545454545454546,3.0,3.0,0.0,1.0,0.0
175,2.0,2.0,1.0,0.0,0.0,0.0,2.0,0.0,0.0,2.0,2.0,2.0,7.0,0.0,1.2727272727272727,3.0,3.0,0.0,1.0,0.0
176,2.0,2.0,1.0,0.0,0.0,0.0,2.0,0.0,0.0,2.0,2.0,2.0,7.0,0.0,1.0909090909090908,3.0,3.0,0.0,1.0,0.0
177,2.0,2.0,1.0,0.0,0.0,0.0,2.0,0.0,0.0,2.0,2.0,2.0,7.0,0.0,0.9090909090909092,3.0,3.0,0.0,1.0,0.0
178,2.0,2.0,1.0,0.0,0.0,0.0,2.0,0.0,0.0,2.0,2.0,2.0,7.0,0.0,0.7272727272727273,3.0,3.0,0.0,1.0,0.0
179,2.0,2.0,1.0,0.0,0.0,0.0,2.0,0.0,0.0,2.0,2.0,2.0,7.0,0.0,0.5454545454545454,3.0,3.0,0.0,1.0,0.0
180,2.0,2.0,1.0,0.0,0.0,0.0,2.0,0.0,0.0,2.0,2.0,2.0,7.0,0.0,0.36363636363636354,3.0,3.0,0.0,1.0,0.0
181,2.0,2.0,1.0,0.0,0.0,0.0,2.0,0.0,0.0,2.0,2.0,2.0,7.0,0.0,0.18181818181818166,3.0,3.0,0.0,1.0,0.0
182,2.0,2.0,1.0,0.0,0.0,0.0,2.0,0.0,0.0,2.0,2.0,2.0,7.0,0.0,0.0,3.0,3.0,0.0,1.0,0.0
183,2.0,2.0,1.0,0.0,0.0,0.0,2.0,0.0,0.0,2.0,2.0,2.0,7.0,0.0,0.0,3.0,3.0,0.0,1.0,0.0
184,2.0,2.0,1.0,0.0,0.0,0.0,2.0,0.0,0.0,2.0,2.0,2.0,7.0,0.0,0.0,3.0,3.0,0.0,1.0,0.0
185,2.0,2.0,1.0,0.0,0.0,0.0,2.0,0.0,0.0,2.0,2.0,2.0,7.0,0.0,0.0,3.0,3.0,0.0,1.0,0.0
186,2.0,2.0,1.0,0.0,0.0,0.0,2.0,0.0,0.0,2.0,2.0,2.0,7.0,0.0,0.0,3.0,3.0,0.0,1.0,0.0
187,2.0,2.0,1.0,0.0,0.0,0.0,2.0,0.0,0.0,2.0,2.0,2.0,7.0,0.0,0.0,3.0,3.0,0.0,1.0,0.0
188,2.0,2.0,1.0,0.0,0.0,0.0,2.0,0.0,0.0,2.0,2.0,2.0,7.0,0.0,0.0,3.0,3.0,0.0,1.0,0.0
189,2.0,2.0,1.0,0.0,0.0,0.0,2.0,0.0,0.0,2.0,2.0,2.0,7.0,0.0,0.0,3.0,3.0,0.0,1.0,0.0
190,2.0,2.0,1.0,0.0,0.0,0.0,2.0,0.0,0.0,2.0,2.0,2.0,7.0,0.0,0.0,3.0,3.0,0.0,1.0,0.0
191,2.0,2.0,1.0,0.0,0.0,0.0,2.0,0.0,0.0,2.0,2.0,2.0,7.0,0.0,0.0,3.0,3.0,0.0,1.0,0.0
192,2.0,2.0,1.0,0.0,0.0,0.0,2.0,0.0,0.0,2.0,2.0,2.0,7.0,0.0,0.0,3.0,3.0,0.0,1.0,0.0
193,2.0,2.0,1.0,0.0,0.0,0.0,2.0,0.0,0.0,2.0,2.0,2.0,7.0,0.0,0.0,3.0,3.0,0.0,1.0,0.0
194,2.0,2.0,1.0,0.0,0.0,0.0,2.0,0.0,0.0,2.0,2.0,2.0,7.0,0.0,0.0,3.0,3.0,0.0,1.0,0.0
195,2.0,2.0,1.0,0.0,0.0,0.0,2.0,0.0,0.0,2.0,2.0,2.0,7.0,0.0,0.0,3.0,3.0,0.0,1.0,0.0
196,2.0,2.0,1.0,0.0,0.0,0.0,2.0,0.0,0.0,2.0,2.0,2.0,7.0,0.0,0.0,3.0,3.0,0.0,1.0,0.0
197,2.0,2.0,1.0,0.0,0.0,0.0,2.0,0.0,0.0,2.0,2.0,2.0,7.0,0.0,0.0,3.0,3.0,0.0,1.0,0.0
198,2.0,2.0,1.0,0.0,0.0,0.0,2.0,0.0,0.0,2.0,2.0,2.0,7.0,0.0,0.0,3.0,3.0,0.0,1.0,0.0
199,2.0,2.0,1.0,0.0,0.0,0.0,2.0,0.0,0.0,2.0,2.0,2.0,7.0,0.0,0.0,3.0,3.0,0.0,1.0,0.0
200,2.0,2.0,1.0,0.0,0.0,0.0,2.0,0.0,0.0,2.0,2.0,2.0,7.0,0.0,0.0,3.0,3.0,0.0,1.0,0.0
