a,b,c,d,e,f,g
6.15094339622642,0.40251572327044,0.00628930817610063,0.0125786163522013,3.08805031446541,2.35220125786164,0.289308176100629
6.15041928721174,0.40251572327044,0.00628930817610063,0.0125786163522013,3.08752620545073,2.35220125786164,0.289308176100629
6.14968726718298,0.40251572327044,0.00628930817610063,0.0125786163522013,3.08689814092902,2.35209730235459,0.289308176100629
6.14895524715422,0.40251572327044,0.00628930817610063,0.0125786163522013,3.0862700764073,2.35199334684755,0.289308176100629
6.14822322712546,0.40251572327044,0.00628930817610063,0.0125786163522013,3.08564201188558,2.35188939134051,0.289308176100629
6.1474912070967,0.40251572327044,0.00628930817610063,0.0125786163522013,3.08501394736386,2.35178543583346,0.289308176100629
6.14675918706794,0.40251572327044,0.00628930817610063,0.0125786163522013,3.08438588284214,2.35168148032642,0.289308176100629
6.14602716703917,0.40251572327044,0.00628930817610063,0.0125786163522013,3.08375781832043,2.35157752481938,0.289308176100629
6.14529514701041,0.40251572327044,0.00628930817610063,0.0125786163522013,3.08312975379871,2.35147356931233,0.289308176100629
6.14456312698165,0.40251572327044,0.00628930817610063,0.0125786163522013,3.08250168927699,2.35136961380529,0.289308176100629
6.14383110695289,0.40251572327044,0.00628930817610063,0.0125786163522013,3.08187362475527,2.35126565829825,0.289308176100629
6.14309908692413,0.40251572327044,0.00628930817610063,0.0125786163522013,3.08124556023355,2.35116170279121,0.289308176100629
6.14236706689537,0.40251572327044,0.00628930817610063,0.0125786163522013,3.08061749571184,2.35105774728416,0.289308176100629
6.14215915588128,0.40251572327044,0.00628930817610063,0.0125786163522013,3.08051354020479,2.35095379177712,0.289308176100629
6.1419512448672,0.40251572327044,0.00628930817610063,0.0125786163522013,3.08040958469775,2.35084983627008,0.289308176100629
6.14174333385311,0.40251572327044,0.00628930817610063,0.0125786163522013,3.08030562919071,2.35074588076303,0.289308176100629
6.14153542283902,0.40251572327044,0.00628930817610063,0.0125786163522013,3.08020167368366,2.35064192525599,0.289308176100629
6.14132751182494,0.40251572327044,0.00628930817610063,0.0125786163522013,3.08009771817662,2.35053796974895,0.289308176100629
6.14111960081085,0.40251572327044,0.00628930817610063,0.0125786163522013,3.07999376266958,2.3504340142419,0.289308176100629
6.14091168979677,0.40251572327044,0.00628930817610063,0.0125786163522013,3.07988980716253,2.35033005873486,0.289308176100629
6.14070377878268,0.40251572327044,0.00628930817610063,0.0125786163522013,3.07978585165549,2.35022610322782,0.289308176100629
6.1404958677686,0.40251572327044,0.00628930817610063,0.0125786163522013,3.07968189614845,2.35012214772078,0.289308176100629
6.14112653117799,0.40251572327044,0.00628930817610063,0.0125786163522013,3.07999722785315,2.35043747942547,0.289308176100629
6.14112826376977,0.40251572327044,0.00628930817610063,0.0125786163522013,3.0798932723461,2.3505431675243,0.289308176100629
6.14112999636156,0.40251572327044,0.00628930817610063,0.0125786163522013,3.07978931683906,2.35064885562313,0.289308176100629
6.14113172895334,0.40251572327044,0.00628930817610063,0.0125786163522013,3.07968536133202,2.35075454372195,0.289308176100629
6.14113346154513,0.40251572327044,0.00628930817610063,0.0125786163522013,3.07958140582497,2.35086023182078,0.289308176100629
6.14113519413691,0.40251572327044,0.00628930817610063,0.0125786163522013,3.07947745031793,2.35096591991961,0.289308176100629
6.14113692672869,0.40251572327044,0.00628930817610063,0.0125786163522013,3.07937349481089,2.35107160801843,0.289308176100629
6.13778436162656,0.40251572327044,0.00628930817610063,0.0125786163522013,3.07738274685101,2.34970979087617,0.289308176100629
6.13443179652442,0.40251572327044,0.00628930817610063,0.0125786163522013,3.07539199889114,2.34834797373391,0.289308176100629
6.13107923142228,0.40251572327044,0.00628930817610063,0.0125786163522013,3.07340125093127,2.34698615659165,0.289308176100629
6.12772666632015,0.40251572327044,0.00628930817610063,0.0125786163522013,3.07141050297139,2.34562433944938,0.289308176100629
6.12437410121801,0.40251572327044,0.00628930817610063,0.0125786163522013,3.06941975501152,2.34426252230712,0.289308176100629
6.12102153611588,0.40251572327044,0.00628930817610063,0.0125786163522013,3.06742900705165,2.34290070516486,0.289308176100629
6.11766897101374,0.40251572327044,0.00628930817610063,0.0125786163522013,3.06543825909178,2.34153888802259,0.289308176100629
6.1143164059116,0.40251572327044,0.00628930817610063,0.0125786163522013,3.0634475111319,2.34017707088033,0.289308176100629
6.10551310705685,0.40251572327044,0.00628930817610063,0.0125786163522013,3.05977961432507,2.33546095604415,0.288888888888889
6.09670980820209,0.40251572327044,0.00628930817610063,0.0125786163522013,3.05611171751824,2.33074484120796,0.288469601677149
6.08790650934733,0.40251572327044,0.00628930817610063,0.0125786163522013,3.0524438207114,2.32602872637178,0.288050314465409
6.07910321049258,0.40251572327044,0.00628930817610063,0.0125786163522013,3.04877592390457,2.3213126115356,0.287631027253669
6.07029991163782,0.40251572327044,0.00628930817610063,0.0125786163522013,3.04510802709774,2.31659649669941,0.287211740041929
6.06149661278306,0.40251572327044,0.00628930817610063,0.0125786163522013,3.0414401302909,2.31188038186323,0.286792452830189
6.05308639568931,0.40251572327044,0.00628930817610063,0.0125786163522013,3.03816531524508,2.30716426702705,0.286373165618449
6.04467617859556,0.40251572327044,0.00628930817610063,0.0125786163522013,3.03489050019925,2.30244815219086,0.285953878406709
6.03626596150181,0.40251572327044,0.00628930817610063,0.0125786163522013,3.03161568515342,2.29773203735468,0.285534591194969
6.02806538801393,0.40251572327044,0.00628930817610063,0.0125786163522013,3.02855051371346,2.2930159225185,0.285115303983229
6.0230094686141,0.40251572327044,0.00628930817610063,0.0157232704402516,3.02548534227351,2.28829980768231,0.284696016771488
6.01795354921427,0.40251572327044,0.00628930817610063,0.0188679245283019,3.02242017083355,2.28358369284613,0.284276729559748
6.01289762981444,0.40251572327044,0.00628930817610063,0.0220125786163522,3.01935499939359,2.27886757800995,0.283857442348008
6.00784171041461,0.40251572327044,0.00628930817610063,0.0251572327044025,3.01628982795364,2.27415146317376,0.283438155136268
6.00278579101478,0.40251572327044,0.00628930817610063,0.0283018867924528,3.01322465651368,2.26943534833758,0.283018867924528
5.99772987161495,0.40251572327044,0.00628930817610063,0.0314465408805031,3.01015948507372,2.26471923350139,0.282599580712788
5.99330288303273,0.40251572327044,0.00628930817610063,0.0345911949685535,3.0075136008455,2.26021276227108,0.282180293501048
5.98887589445051,0.40251572327044,0.00628930817610063,0.0377358490566038,3.00486771661729,2.25570629104077,0.281761006289308
5.98444890586829,0.40251572327044,0.00628930817610063,0.0408805031446541,3.00222183238907,2.25119981981045,0.281341719077568
5.98002191728607,0.40251572327044,0.00628930817610063,0.0440251572327044,2.99957594816085,2.24669334858014,0.280922431865828
5.97559492870385,0.40251572327044,0.00628930817610063,0.0471698113207547,2.99693006393264,2.24218687734983,0.280503144654088
5.97116794012163,0.40251572327044,0.00628930817610063,0.050314465408805,2.99428417970442,2.23768040611951,0.280083857442348
5.96695059514528,0.40251572327044,0.00628930817610063,0.050314465408805,2.99352508792903,2.23464144013029,0.279664570230608
5.96273325016893,0.40251572327044,0.00628930817610063,0.050314465408805,2.99276599615365,2.23160247414107,0.279245283018868
5.95851590519258,0.40251572327044,0.00628930817610063,0.050314465408805,2.99200690437826,2.22856350815184,0.278825995807128
5.95429856021623,0.40251572327044,0.00628930817610063,0.050314465408805,2.99124781260287,2.22552454216262,0.278406708595388
5.95008121523988,0.40251572327044,0.00628930817610063,0.050314465408805,2.99048872082749,2.2224855761734,0.277987421383648
5.94586387026353,0.40251572327044,0.00628930817610063,0.050314465408805,2.9897296290521,2.21944661018417,0.277568134171908
5.94179807488178,0.402667272865045,0.00628930817610063,0.050314465408805,2.98897053727671,2.21640764419495,0.277148846960168
5.93773227950004,0.40281882245965,0.00628930817610063,0.050314465408805,2.98821144550133,2.21336867820573,0.276729559748428
5.93827864344743,0.402970372054255,0.00628930817610063,0.050314465408805,2.98871021536116,2.21326472269868,0.276729559748428
5.93882500739483,0.40312192164886,0.00628930817610063,0.050314465408805,2.98920898522099,2.21316076719164,0.276729559748428
5.93937137134222,0.403273471243464,0.00628930817610063,0.050314465408805,2.98970775508082,2.2130568116846,0.276729559748428
5.93991773528962,0.403425020838069,0.00628930817610063,0.050314465408805,2.99020652494066,2.21295285617756,0.276729559748428
5.94046409923701,0.403576570432674,0.00628930817610063,0.050314465408805,2.99070529480049,2.21284890067051,0.276729559748428
5.94101046318441,0.403728120027279,0.00628930817610063,0.050314465408805,2.99120406466033,2.21274494516347,0.276729559748428
5.9415568271318,0.403879669621884,0.00628930817610063,0.050314465408805,2.99170283452016,2.21264098965643,0.276729559748428
5.9421031910792,0.404031219216489,0.00628930817610063,0.050314465408805,2.99220160437999,2.21253703414938,0.276729559748428
5.94251852777292,0.404182768811094,0.00628930817610063,0.050314465408805,2.99256934698616,2.21243307864234,0.276729559748428
5.94272422086078,0.404334318405698,0.00628930817610063,0.050314465408805,2.99272744598645,2.2123291231353,0.276729559748428
5.94292991394864,0.404485868000303,0.00628930817610063,0.050314465408805,2.99288554498675,2.21222516762825,0.276729559748428
5.94313560703649,0.404637417594908,0.00628930817610063,0.050314465408805,2.99304364398704,2.21212121212121,0.276729559748428
5.94334130012435,0.404788967189513,0.00628930817610063,0.050314465408805,2.99320174298733,2.21201725661417,0.276729559748428
5.94354699321221,0.404940516784118,0.00628930817610063,0.050314465408805,2.99335984198763,2.21191330110713,0.276729559748428
5.94375268630006,0.405092066378723,0.00628930817610063,0.050314465408805,2.99351794098792,2.21180934560008,0.276729559748428
5.94435146114893,0.405243615973327,0.00628930817610063,0.050314465408805,2.99406912174922,2.21170539009304,0.276729559748428
5.94495023599779,0.405395165567932,0.00628930817610063,0.050314465408805,2.99462030251053,2.211601434586,0.276729559748428
5.94554901084665,0.405546715162537,0.00628930817610063,0.050314465408805,2.99517148327183,2.21149747907895,0.276729559748428
5.94614778569551,0.405698264757142,0.00628930817610063,0.050314465408805,2.99572266403313,2.21139352357191,0.276729559748428
5.94692126354927,0.405849814351747,0.00628930817610063,0.050314465408805,2.99627384479443,2.21146427106976,0.276729559748428
5.94769474140302,0.406001363946351,0.00628930817610063,0.050314465408805,2.99682502555573,2.21153501856761,0.276729559748428
5.94846821925678,0.406152913540956,0.00628930817610063,0.050314465408805,2.99737620631703,2.21160576606546,0.276729559748428
5.94924169711053,0.406304463135561,0.00628930817610063,0.050314465408805,2.99792738707833,2.21167651356331,0.276729559748428
5.95001517496429,0.406456012730166,0.00628930817610063,0.050314465408805,2.99847856783963,2.21174726106115,0.276729559748428
5.95094991713025,0.406768826636978,0.00628930817610063,0.050314465408805,2.99902974860093,2.211818008559,0.276729559748428
5.95188465929621,0.407081640543791,0.00628930817610063,0.050314465408805,2.99958092936223,2.21188875605685,0.276729559748428
5.95281940146217,0.407394454450604,0.00628930817610063,0.050314465408805,3.00013211012353,2.2119595035547,0.276729559748428
5.95375414362813,0.407707268357416,0.00628930817610063,0.050314465408805,3.00068329088483,2.21203025105255,0.276729559748428
5.9546888857941,0.408020082264229,0.00628930817610063,0.050314465408805,3.00123447164614,2.2121009985504,0.276729559748428
5.95562362796006,0.408332896171041,0.00628930817610063,0.050314465408805,3.00178565240744,2.21217174604825,0.276729559748428
5.95655837012602,0.408645710077854,0.00628930817610063,0.050314465408805,3.00233683316874,2.2122424935461,0.276729559748428
5.95749311229198,0.408958523984666,0.00628930817610063,0.050314465408805,3.00288801393004,2.21231324104394,0.276729559748428
5.95816579995061,0.409271337891479,0.00628930817610063,0.050314465408805,3.003177140184,2.21238398854179,0.276729559748428
5.95883848760923,0.409584151798291,0.00628930817610063,0.050314465408805,3.00346626643796,2.21245473603964,0.276729559748428
5.95951117526786,0.409896965705104,0.00628930817610063,0.050314465408805,3.00375539269193,2.21252548353749,0.276729559748428
5.96018386292648,0.410209779611916,0.00628930817610063,0.050314465408805,3.00404451894589,2.21259623103534,0.276729559748428
5.95938904534401,0.410522593518729,0.00628930817610063,0.050314465408805,3.00307578356463,2.21245733492732,0.276729559748428
5.95859422776155,0.410835407425542,0.00628930817610063,0.050314465408805,3.00210704818338,2.2123184388193,0.276729559748428
5.95779941017908,0.411148221332354,0.00628930817610063,0.050314465408805,3.00113831280212,2.21217954271127,0.276729559748428
5.95700459259662,0.411461035239167,0.00628930817610063,0.050314465408805,3.00016957742086,2.21204064660325,0.276729559748428
5.95620977501415,0.411773849145979,0.00628930817610063,0.050314465408805,2.99920084203961,2.21190175049523,0.276729559748428
5.95541495743169,0.412086663052792,0.00628930817610063,0.050314465408805,2.99823210665835,2.21176285438721,0.276729559748428
5.95462013984922,0.412399476959604,0.00628930817610063,0.050314465408805,2.99726337127709,2.21162395827919,0.276729559748428
5.95382532226676,0.412712290866417,0.00628930817610063,0.050314465408805,2.99629463589584,2.21148506217117,0.276729559748428
5.95303050468429,0.413025104773229,0.00628930817610063,0.050314465408805,2.99532590051458,2.21134616606315,0.276729559748428
5.95223568710182,0.413337918680042,0.00628930817610063,0.050314465408805,2.99435716513332,2.21120726995513,0.276729559748428
5.9518601567311,0.413650732586854,0.00628930817610063,0.050314465408805,2.99380771696381,2.2110683738471,0.276729559748428
5.95109154459937,0.413963546493667,0.00628930817610063,0.050314465408805,2.99286518703328,2.21092947773908,0.276729559748428
5.95032293246763,0.41427636040048,0.00628930817610063,0.050314465408805,2.99192265710276,2.21079058163106,0.276729559748428
5.9495543203359,0.414589174307292,0.00628930817610063,0.050314465408805,2.99098012717224,2.21065168552304,0.276729559748428
5.94878570820417,0.414901988214105,0.00628930817610063,0.050314465408805,2.99003759724171,2.21051278941502,0.276729559748428
5.94801709607244,0.415214802120917,0.00628930817610063,0.050314465408805,2.98909506731119,2.210373893307,0.276729559748428
5.94582831757836,0.41552761602773,0.00628930817610063,0.050314465408805,2.98734101374504,2.21023499719898,0.276120917021708
5.94363953908429,0.415840429934542,0.00628930817610063,0.050314465408805,2.98558696017889,2.21009610109096,0.275512274294989
5.94145076059021,0.416153243841355,0.00628930817610063,0.050314465408805,2.98383290661274,2.20995720498293,0.274903631568269
5.93908727909124,0.416466057748167,0.00628930817610063,0.050314465408805,2.98207885304659,2.20964360587002,0.27429498884155
5.93672379759227,0.41677887165498,0.00628930817610063,0.050314465408805,2.98032479948045,2.20933000675711,0.273686346114831
5.93357415257129,0.417091685561792,0.00628930817610063,0.050314465408805,2.97817766415329,2.20901640764419,0.272684621627105
5.93042450755031,0.417404499468605,0.00628930817610063,0.050314465408805,2.97603052882614,2.20870280853128,0.271682897139379
5.92727486252933,0.417717313375417,0.00628930817610063,0.050314465408805,2.97388339349898,2.20838920941837,0.270681172651653
5.92406698317338,0.417971892947266,0.00628930817610063,0.050314465408805,2.97173625817183,2.20807561030546,0.269679448163928
5.9204398166057,0.418226472519115,0.00628930817610063,0.050314465408805,2.96916983563293,2.20776201119254,0.268677723676202
5.91600112640238,0.418481052090963,0.00628930817610063,0.050314465408805,2.96579188945841,2.20744841207963,0.267675999188476
5.91156243619907,0.418735631662812,0.00628930817610063,0.050314465408805,2.96241394328389,2.20713481296672,0.266674274700751
5.90712374599576,0.418990211234661,0.00628930817610063,0.050314465408805,2.95903599710937,2.2068212138538,0.265672550213025
5.90268505579245,0.419244790806509,0.00628930817610063,0.050314465408805,2.95565805093484,2.20650761474089,0.264670825725299
5.89971387083023,0.419499370378358,0.00628930817610063,0.050314465408805,2.95353796639554,2.20640365923385,0.263669101237573
5.89674268586801,0.419753949950207,0.00628930817610063,0.050314465408805,2.95141788185624,2.2062997037268,0.262667376749848
5.89377150090579,0.420008529522055,0.00628930817610063,0.050314465408805,2.94929779731694,2.20619574821976,0.261665652262122
5.89080031594357,0.420263109093904,0.00628930817610063,0.050314465408805,2.94717771277764,2.20609179271272,0.260663927774396
5.88782913098135,0.420517688665753,0.00628930817610063,0.050314465408805,2.94505762823834,2.20598783720568,0.259662203286671
5.88485794601912,0.420772268237601,0.00628930817610063,0.050314465408805,2.94293754369904,2.20588388169863,0.258660478798945
5.8818867610569,0.42102684780945,0.00628930817610063,0.050314465408805,2.94081745915974,2.20577992619159,0.257658754311219
5.87891557609468,0.421281427381299,0.00628930817610063,0.050314465408805,2.93869737462044,2.20567597068455,0.256657029823494
5.87594439113246,0.421536006953147,0.00628930817610063,0.050314465408805,2.93657729008114,2.2055720151775,0.255655305335768
5.87297320617024,0.421790586524996,0.00628930817610063,0.050314465408805,2.93445720554183,2.20546805967046,0.254653580848042
5.87000202120802,0.422045166096845,0.00628930817610063,0.050314465408805,2.93233712100253,2.20536410416342,0.253651856360316
5.8670308362458,0.422299745668693,0.00628930817610063,0.050314465408805,2.93021703646323,2.20526014865638,0.252650131872591
5.86405965128358,0.422554325240542,0.00628930817610063,0.050314465408805,2.92809695192393,2.20515619314933,0.251648407384865
5.86108846632135,0.42280890481239,0.00628930817610063,0.050314465408805,2.92597686738463,2.20505223764229,0.250646682897139
5.85811728135913,0.423063484384239,0.00628930817610063,0.050314465408805,2.92385678284533,2.20494828213525,0.249644958409414
5.85499454680231,0.423166514361483,0.00628930817610063,0.050314465408805,2.92173669830603,2.2048443266282,0.248643233921688
5.85187181224548,0.423269544338727,0.00628930817610063,0.050314465408805,2.91961661376673,2.20474037112116,0.247641509433962
5.850169244051,0.423372574315971,0.00628930817610063,0.050314465408805,2.91830805286305,2.20463641561412,0.247248427672956
5.84846667585652,0.423475604293214,0.00628930817610063,0.050314465408805,2.91699949195938,2.20453246010707,0.24685534591195
5.84676410766204,0.423578634270458,0.00628930817610063,0.050314465408805,2.9156909310557,2.20442850460003,0.246462264150943
5.84506153946756,0.423681664247702,0.00628930817610063,0.050314465408805,2.91438237015203,2.20432454909299,0.246069182389937
5.84335897127308,0.423784694224946,0.00628930817610063,0.050314465408805,2.91307380924835,2.20422059358595,0.245676100628931
5.8416564030786,0.42388772420219,0.00628930817610063,0.050314465408805,2.91176524834468,2.2041166380789,0.245283018867925
5.84073999840613,0.423990754179433,0.00628930817610063,0.050314465408805,2.91084976920201,2.20401268257186,0.245283018867925
5.84114765861284,0.424093784156677,0.00628930817610063,0.050314465408805,2.91125835493852,2.20390872706482,0.245283018867925
5.84155531881955,0.424196814133921,0.00628930817610063,0.050314465408805,2.91166694067503,2.20380477155777,0.245283018867925
5.84196297902626,0.424299844111165,0.00628930817610063,0.050314465408805,2.91207552641154,2.20370081605073,0.245283018867925
5.8431821628686,0.424402874088409,0.00628930817610063,0.050314465408805,2.91329563578367,2.20359686054369,0.245283018867925
5.84293384146985,0.424505904065653,0.00628930817610063,0.050314465408805,2.91367717073233,2.20286397421903,0.245283018867925
5.84268552007109,0.424608934042896,0.00628930817610063,0.050314465408805,2.91405870568099,2.20213108789438,0.245283018867925
5.84243719867234,0.42471196402014,0.00628930817610063,0.050314465408805,2.91444024062964,2.20139820156973,0.245283018867925
5.84218887727359,0.424814993997384,0.00628930817610063,0.050314465408805,2.9148217755783,2.20066531524508,0.245283018867925
5.84194055587483,0.424918023974628,0.00628930817610063,0.050314465408805,2.91520331052695,2.19993242892042,0.245283018867925
5.84169223447608,0.425021053951872,0.00628930817610063,0.050314465408805,2.91558484547561,2.19919954259577,0.245283018867925
5.84144391307733,0.425124083929115,0.00628930817610063,0.050314465408805,2.91596638042427,2.19846665627112,0.245283018867925
5.84119559167857,0.425227113906359,0.00628930817610063,0.050314465408805,2.91634791537292,2.19773376994646,0.245283018867925
5.84078600596761,0.425168879571395,0.00628930817610063,0.050314465408805,2.91672945032158,2.19700088362181,0.245283018867925
5.84037642025665,0.425110645236431,0.00628930817610063,0.050314465408805,2.91711098527023,2.19626799729716,0.245283018867925
5.83996683454569,0.425052410901467,0.00628930817610063,0.050314465408805,2.91749252021889,2.1955351109725,0.245283018867925
5.83955724883473,0.424994176566504,0.00628930817610063,0.050314465408805,2.91787405516755,2.19480222464785,0.245283018867925
5.83914766312377,0.42493594223154,0.00628930817610063,0.050314465408805,2.9182555901162,2.1940693383232,0.245283018867925
5.83873807741281,0.424877707896576,0.00628930817610063,0.050314465408805,2.91863712506486,2.19333645199854,0.245283018867925
5.83832849170185,0.424819473561612,0.00628930817610063,0.050314465408805,2.91901866001351,2.19260356567389,0.245283018867925
5.83791890599089,0.424761239226648,0.00628930817610063,0.050314465408805,2.91940019496217,2.19187067934924,0.245283018867925
5.83750932027993,0.424703004891684,0.00628930817610063,0.050314465408805,2.91978172991083,2.19113779302459,0.245283018867925
5.83709973456897,0.42464477055672,0.00628930817610063,0.050314465408805,2.92016326485948,2.19040490669993,0.245283018867925
5.836690148858,0.424586536221756,0.00628930817610063,0.050314465408805,2.92054479980814,2.18967202037528,0.245283018867925
5.83628056314704,0.424528301886793,0.00628930817610063,0.050314465408805,2.92092633475679,2.18893913405063,0.245283018867925
5.83587097743608,0.424470067551829,0.00628930817610063,0.050314465408805,2.92130786970545,2.18820624772597,0.245283018867925
5.83546139172512,0.424411833216865,0.00628930817610063,0.050314465408805,2.92168940465411,2.18747336140132,0.245283018867925
5.83505180601416,0.424353598881901,0.00628930817610063,0.050314465408805,2.92207093960276,2.18674047507667,0.245283018867925
5.8346422203032,0.424295364546937,0.00628930817610063,0.050314465408805,2.92245247455142,2.18600758875201,0.245283018867925
5.83423263459224,0.424237130211973,0.00628930817610063,0.050314465408805,2.92283400950007,2.18527470242736,0.245283018867925
5.83382304888128,0.424178895877009,0.00628930817610063,0.050314465408805,2.92321554444873,2.18454181610271,0.245283018867925
5.8358480340772,0.424120661542045,0.00628930817610063,0.050314465408805,2.92481436485083,2.18380892977805,0.246500304321363
5.83787301927311,0.424062427207081,0.00628930817610063,0.050314465408805,2.92641318525292,2.1830760434534,0.247717589774802
5.83989800446903,0.424004192872117,0.00628930817610063,0.050314465408805,2.92801200565501,2.18234315712875,0.248934875228241
5.84192298966494,0.423945958537153,0.00628930817610063,0.050314465408805,2.92961082605711,2.1816102708041,0.25015216068168
5.84457690567847,0.42388772420219,0.00628930817610063,0.050314465408805,2.9312096464592,2.18150631529705,0.251369446135119
5.847230821692,0.423829489867226,0.00628930817610063,0.050314465408805,2.9328084668613,2.18140235979001,0.252586731588558
5.84988473770552,0.423771255532262,0.00628930817610063,0.050314465408805,2.93440728726339,2.18129840428297,0.253804017041996
5.85253865371905,0.423713021197298,0.00628930817610063,0.050314465408805,2.93600610766549,2.18119444877592,0.255021302495435
5.85519256973258,0.423654786862334,0.00628930817610063,0.050314465408805,2.93760492806758,2.18109049326888,0.256238587948874
5.85858640435506,0.424336471136323,0.00628930817610063,0.050314465408805,2.93920374846968,2.18098653776184,0.257455873402313
5.86198023897754,0.425018155410312,0.00628930817610063,0.050314465408805,2.94080256887177,2.18088258225479,0.258673158855752
5.86537407360002,0.425699839684301,0.00628930817610063,0.050314465408805,2.94240138927387,2.18077862674775,0.25989044430919
5.8687679082225,0.426381523958291,0.00628930817610063,0.050314465408805,2.94400020967596,2.18067467124071,0.261107729762629
5.87216174284498,0.42706320823228,0.00628930817610063,0.050314465408805,2.94559903007806,2.18057071573367,0.262325015216068
5.87555557746746,0.427744892506269,0.00628930817610063,0.050314465408805,2.94719785048015,2.18046676022662,0.263542300669507
5.87894941208994,0.428426576780258,0.00628930817610063,0.050314465408805,2.94879667088225,2.18036280471958,0.264759586122946
5.88234324671242,0.429108261054247,0.00628930817610063,0.050314465408805,2.95039549128434,2.18025884921254,0.265976871576385
5.8857370813349,0.429789945328236,0.00628930817610063,0.050314465408805,2.95199431168644,2.18015489370549,0.267194157029824
5.88913091595738,0.430471629602225,0.00628930817610063,0.050314465408805,2.95359313208853,2.18005093819845,0.268411442483262
5.89252475057986,0.431153313876214,0.00628930817610063,0.050314465408805,2.95519195249063,2.17994698269141,0.269628727936701
5.89591858520234,0.431834998150203,0.00628930817610063,0.050314465408805,2.95679077289272,2.17984302718436,0.27084601339014
5.89931241982482,0.432516682424193,0.00628930817610063,0.050314465408805,2.95838959329482,2.17973907167732,0.272063298843579
5.9027062544473,0.433198366698182,0.00628930817610063,0.050314465408805,2.95998841369691,2.17963511617028,0.273280584297018
5.90610008906978,0.433880050972171,0.00628930817610063,0.050314465408805,2.96158723409901,2.17953116066324,0.274497869750456
5.90949392369226,0.43456173524616,0.00628930817610063,0.050314465408805,2.9631860545011,2.17942720515619,0.275715155203895
5.91288775831474,0.435243419520149,0.00628930817610063,0.050314465408805,2.9647848749032,2.17932324964915,0.276932440657334
5.91628159293721,0.435925103794138,0.00628930817610063,0.050314465408805,2.96638369530529,2.17921929414211,0.278149726110773
5.9174020331445,0.436606788068127,0.00628930817610063,0.050314465408805,2.96570912129219,2.17911533863506,0.279367011564212
5.91852247335179,0.437288472342117,0.00628930817610063,0.050314465408805,2.96503454727909,2.17901138312802,0.280584297017651
5.91964291355907,0.437970156616106,0.00628930817610063,0.050314465408805,2.96435997326599,2.17890742762098,0.281801582471089
5.92076335376636,0.438651840890095,0.00628930817610063,0.050314465408805,2.96368539925289,2.17880347211394,0.283018867924528
5.91944922306677,0.439333525164084,0.00628930817610063,0.050314465408805,2.96179353978636,2.17869951660689,0.283018867924528
5.91833797327608,0.440015209438073,0.00628930817610063,0.050314465408805,2.96010456122872,2.17859556109985,0.283018867924528
5.91722672348539,0.440696893712062,0.00628930817610063,0.050314465408805,2.95841558267109,2.17849160559281,0.283018867924528
5.91695404811819,0.441378577986051,0.00628930817610063,0.050314465408805,2.95756517853694,2.17838765008576,0.283018867924528
5.91668137275098,0.44206026226004,0.00628930817610063,0.050314465408805,2.95671477440279,2.17828369457872,0.283018867924528
5.91640869738378,0.442741946534029,0.00628930817610063,0.050314465408805,2.95586437026864,2.17817973907168,0.283018867924528
5.91613602201657,0.443423630808019,0.00628930817610063,0.050314465408805,2.95501396613448,2.17807578356463,0.283018867924528
5.91606622755827,0.444105315082008,0.00628930817610063,0.050314465408805,2.95416356200033,2.1781747089665,0.283018867924528
5.91599643309997,0.444786999355997,0.00628930817610063,0.050314465408805,2.95331315786618,2.17827363436836,0.283018867924528
5.9157169950358,0.445468683629986,0.00628930817610063,0.050314465408805,2.95225311012616,2.17837255977022,0.283018867924528
5.9192111418773,0.446150367903975,0.00628930817610063,0.050314465408805,2.95219935169431,2.17872305749913,0.285534591194969
5.92270528871879,0.446832052177964,0.00628930817610063,0.050314465408805,2.95214559326247,2.17907355522804,0.288050314465409
5.92545951695132,0.446773817843,0.00628930817610063,0.050314465408805,2.95209183483062,2.17942405295695,0.290566037735849
5.92821374518386,0.446715583508036,0.00628930817610063,0.050314465408805,2.95203807639878,2.17977455068585,0.293081761006289
5.9309679734164,0.446657349173072,0.00628930817610063,0.050314465408805,2.95198431796693,2.18012504841476,0.29559748427673
5.93372220164894,0.446599114838109,0.00628930817610063,0.050314465408805,2.95193055953509,2.18047554614367,0.29811320754717
5.93647642988148,0.446540880503145,0.00628930817610063,0.050314465408805,2.95187680110324,2.18082604387258,0.30062893081761
5.93928889244898,0.446540880503145,0.00628930817610063,0.050314465408805,2.95182304267139,2.18117654160148,0.30314465408805
5.94210135501648,0.446540880503145,0.00628930817610063,0.050314465408805,2.95176928423955,2.18152703933039,0.305660377358491
5.94491381758398,0.446540880503145,0.00628930817610063,0.050314465408805,2.9517155258077,2.1818775370593,0.308176100628931
5.94772628015149,0.446540880503145,0.00628930817610063,0.050314465408805,2.95166176737586,2.18222803478821,0.310691823899371
5.95053874271899,0.446540880503145,0.00628930817610063,0.050314465408805,2.95160800894401,2.18257853251711,0.313207547169811
5.95335120528649,0.446540880503145,0.00628930817610063,0.050314465408805,2.95155425051217,2.18292903024602,0.315723270440252
5.95616366785399,0.446540880503145,0.00628930817610063,0.050314465408805,2.95150049208032,2.18327952797493,0.318238993710692
5.9589761304215,0.446540880503145,0.00628930817610063,0.050314465408805,2.95144673364847,2.18363002570384,0.320754716981132
5.961788592989,0.446540880503145,0.00628930817610063,0.050314465408805,2.95139297521663,2.18398052343275,0.323270440251572
5.9646010555565,0.446540880503145,0.00628930817610063,0.050314465408805,2.95133921678478,2.18433102116165,0.325786163522013
5.967413518124,0.446540880503145,0.00628930817610063,0.050314465408805,2.95128545835294,2.18468151889056,0.328301886792453
5.97025925745434,0.446540880503145,0.00628930817610063,0.050314465408805,2.95126497668393,2.18503201661947,0.330817610062893
5.97330787769359,0.446540880503145,0.00628930817610063,0.050314465408805,2.95144737592383,2.18538251434838,0.333333333333333
5.97626047796068,0.446540880503145,0.00628930817610063,0.050314465408805,2.95153375519157,2.18573301207728,0.335849056603774
5.97921307822777,0.446540880503145,0.00628930817610063,0.050314465408805,2.95162013445931,2.18608350980619,0.338364779874214
5.98196279758595,0.446540880503145,0.00628930817610063,0.050314465408805,2.95150363281815,2.1864340075351,0.340880503144654
5.98426328064584,0.446540880503145,0.00628930817610063,0.050314465408805,2.95093789487869,2.18678450526401,0.343396226415094
5.98656376370573,0.446540880503145,0.00628930817610063,0.050314465408805,2.95037215693924,2.18713500299291,0.345911949685535
5.98509066185997,0.446540880503145,0.00628930817610063,0.050314465408805,2.9488001296916,2.18723392839478,0.345911949685535
5.9836175600142,0.446540880503145,0.00628930817610063,0.050314465408805,2.94722810244397,2.18733285379664,0.345911949685535
5.98275310089515,0.446540880503145,0.00628930817610063,0.050314465408805,2.94626471792306,2.1874317791985,0.345911949685535
5.98348270606036,0.446540880503145,0.00628930817610063,0.050314465408805,2.94619980599873,2.18822629628805,0.345911949685535
5.98499371012019,0.446540880503145,0.00628930817610063,0.050314465408805,2.94634453768028,2.18959256866632,0.345911949685535
5.98650471418001,0.446540880503145,0.00628930817610063,0.050314465408805,2.94648926936182,2.1909588410446,0.345911949685535
5.98801571823983,0.446540880503145,0.00628930817610063,0.050314465408805,2.94663400104336,2.19232511342288,0.345911949685535
5.98952672229965,0.446540880503145,0.00628930817610063,0.050314465408805,2.9467787327249,2.19369138580116,0.345911949685535
5.99103772635947,0.446540880503145,0.00628930817610063,0.050314465408805,2.94692346440645,2.19505765817944,0.345911949685535
5.9925487304193,0.446540880503145,0.00628930817610063,0.050314465408805,2.94706819608799,2.19642393055772,0.345911949685535
5.99405973447912,0.446540880503145,0.00628930817610063,0.050314465408805,2.94721292776953,2.197790202936,0.345911949685535
5.99557073853894,0.446540880503145,0.00628930817610063,0.050314465408805,2.94735765945108,2.19915647531428,0.345911949685535
5.99708174259876,0.446540880503145,0.00628930817610063,0.050314465408805,2.94750239113262,2.20052274769256,0.345911949685535
5.99859274665859,0.446540880503145,0.00628930817610063,0.050314465408805,2.94764712281416,2.20188902007084,0.345911949685535
6.00083620755869,0.446540880503145,0.00628930817610063,0.050314465408805,2.94852431133599,2.20325529244912,0.345911949685535
6.0030796684588,0.446540880503145,0.00628930817610063,0.050314465408805,2.94940149985782,2.2046215648274,0.345911949685535
6.00532312935891,0.446540880503145,0.00628930817610063,0.050314465408805,2.95027868837965,2.20598783720568,0.345911949685535
6.00756659025902,0.446540880503145,0.00628930817610063,0.050314465408805,2.95115587690148,2.20735410958396,0.345911949685535
6.01002692385486,0.446540880503145,0.00628930817610063,0.050314465408805,2.95224993811904,2.20872038196223,0.345911949685535
6.0124872574507,0.446540880503145,0.00628930817610063,0.050314465408805,2.9533439993366,2.21008665434051,0.345911949685535
6.01494759104654,0.446540880503145,0.00628930817610063,0.050314465408805,2.95443806055416,2.21145292671879,0.345911949685535
6.01740792464237,0.446540880503145,0.00628930817610063,0.050314465408805,2.95553212177172,2.21281919909707,0.345911949685535
6.02073574902112,0.446540880503145,0.00628930817610063,0.050314465408805,2.95749367377218,2.21418547147535,0.345911949685535
6.02406357339987,0.446540880503145,0.00628930817610063,0.050314465408805,2.95945522577265,2.21555174385363,0.345911949685535
6.02739139777862,0.446540880503145,0.00628930817610063,0.050314465408805,2.96141677777312,2.21691801623191,0.345911949685535
6.03051634124846,0.446540880503145,0.00628930817610063,0.050314465408805,2.96317544886468,2.21828428861019,0.345911949685535
6.04037982919269,0.446540880503145,0.00628930817610063,0.050314465408805,2.97167266443064,2.21965056098847,0.345911949685535
6.04940474271345,0.445702306079665,0.00628930817610063,0.050314465408805,2.9801698799966,2.22101683336675,0.345911949685535
6.05172106084636,0.444863731656185,0.00628930817610063,0.050314465408805,2.98195850017471,2.22238310574503,0.345911949685535
6.05386267597438,0.444025157232704,0.00628930817610063,0.050314465408805,2.98357241734793,2.22374937812331,0.345911949685535
6.05600429110241,0.443186582809224,0.00628930817610063,0.050314465408805,2.98518633452116,2.22511565050159,0.345911949685535
6.05814590623043,0.442348008385744,0.00628930817610063,0.050314465408805,2.98680025169438,2.22648192287986,0.345911949685535
6.06028752135845,0.441509433962264,0.00628930817610063,0.050314465408805,2.9884141688676,2.22784819525814,0.345911949685535
6.06358936168428,0.440670859538784,0.00628930817610063,0.050314465408805,2.99118831123863,2.22921446763642,0.345911949685535
6.06689120201011,0.439832285115304,0.00628930817610063,0.050314465408805,2.99396245360967,2.2305807400147,0.345911949685535
6.07096936123425,0.438993710691824,0.00628930817610063,0.050314465408805,2.997512914879,2.23194701239298,0.345911949685535
6.07504752045838,0.438155136268344,0.00628930817610063,0.050314465408805,3.00106337614834,2.23331328477126,0.345911949685535
6.07855392439378,0.437316561844864,0.00628930817610063,0.050314465408805,3.00461383741767,2.2341078018608,0.345911949685535
6.08206032832918,0.436477987421384,0.00628930817610063,0.050314465408805,3.008164298687,2.23490231895035,0.345911949685535
6.08556673226457,0.435639412997904,0.00628930817610063,0.050314465408805,3.01171475995634,2.23569683603989,0.345911949685535
6.08907313619997,0.434800838574424,0.00628930817610063,0.050314465408805,3.01526522122567,2.23649135312943,0.345911949685535
6.09257954013537,0.433962264150943,0.00628930817610063,0.050314465408805,3.01881568249501,2.23728587021897,0.345911949685535
6.09608594407076,0.433123689727463,0.00628930817610063,0.050314465408805,3.02236614376434,2.23808038730852,0.345911949685535
6.09838905433954,0.432285115303983,0.00628930817610063,0.050314465408805,3.02471331136706,2.23887490439806,0.345911949685535
6.10069216460832,0.431446540880503,0.00628930817610063,0.050314465408805,3.02706047896978,2.2396694214876,0.345911949685535
6.10119832968393,0.430607966457023,0.00628930817610063,0.050314465408805,3.02850917397591,2.23956546598056,0.345911949685535
6.10170449475954,0.429769392033543,0.00628930817610063,0.050314465408805,3.02995786898204,2.23946151047352,0.345911949685535
6.10199378713942,0.428930817610063,0.00628930817610063,0.050314465408805,3.03118969129244,2.23935755496647,0.345911949685535
6.10179928658268,0.428092243186583,0.00628930817610063,0.050314465408805,3.03193772066622,2.23925359945943,0.345911949685535
6.10160478602593,0.427253668763103,0.00628930817610063,0.050314465408805,3.03268575004,2.23914964395239,0.345911949685535
6.10141028546919,0.426415094339623,0.00628930817610063,0.050314465408805,3.03343377941378,2.23904568844535,0.345911949685535
6.10034829412954,0.425576519916143,0.00628930817610063,0.050314465408805,3.03331431800465,2.2389417329383,0.345911949685535
6.09928630278988,0.424737945492663,0.00628930817610063,0.050314465408805,3.03319485659552,2.23883777743126,0.345911949685535
6.09822431145023,0.423899371069182,0.00628930817610063,0.050314465408805,3.03307539518639,2.23873382192422,0.345911949685535
6.09755134948229,0.423060796645702,0.00628930817610063,0.050314465408805,3.03334496314898,2.23862986641717,0.345911949685535
6.09687838751436,0.422222222222222,0.00628930817610063,0.050314465408805,3.03361453111156,2.23852591091013,0.345911949685535
6.09620542554642,0.421383647798742,0.00628930817610063,0.050314465408805,3.03388409907415,2.23842195540309,0.345911949685535
6.09596527618415,0.421383647798742,0.00628930817610063,0.050314465408805,3.03374790521893,2.23831799989604,0.345911949685535
6.09656370124536,0.421802935010482,0.00628930817610063,0.050314465408805,3.03403099857544,2.238214044389,0.345911949685535
6.09716212630658,0.422222222222222,0.00628930817610063,0.050314465408805,3.03431409193195,2.23811008888196,0.345911949685535
6.09776055136779,0.422641509433962,0.00628930817610063,0.050314465408805,3.03459718528847,2.23800613337492,0.345911949685535
6.09857584912473,0.423060796645702,0.00628930817610063,0.050314465408805,3.03488027864498,2.2381190505636,0.345911949685535
6.09939114688167,0.423480083857442,0.00628930817610063,0.050314465408805,3.0351633720015,2.23823196775228,0.345911949685535
6.1002064446386,0.423899371069182,0.00628930817610063,0.050314465408805,3.03544646535801,2.23834488494097,0.345911949685535
6.10102174239554,0.424318658280922,0.00628930817610063,0.050314465408805,3.03572955871453,2.23845780212965,0.345911949685535
6.10024287523285,0.424737945492663,0.00628930817610063,0.050314465408805,3.0344184871514,2.23857071931834,0.345911949685535
6.09946400807015,0.425157232704402,0.00628930817610063,0.050314465408805,3.03310741558828,2.23868363650702,0.345911949685535
6.09868514090745,0.425576519916143,0.00628930817610063,0.050314465408805,3.03179634402516,2.23879655369571,0.345911949685535
6.09790627374475,0.425995807127883,0.00628930817610063,0.050314465408805,3.03048527246204,2.23890947088439,0.345911949685535
6.09712740658205,0.426415094339623,0.00628930817610063,0.050314465408805,3.02917420089891,2.23902238807308,0.345911949685535
6.09634853941936,0.426834381551363,0.00628930817610063,0.050314465408805,3.02786312933579,2.23913530526176,0.345911949685535
6.09556967225666,0.427253668763103,0.00628930817610063,0.050314465408805,3.02655205777267,2.23924822245045,0.345911949685535
6.09479080509396,0.427672955974843,0.00628930817610063,0.050314465408805,3.02524098620955,2.23936113963913,0.345911949685535
6.09401193793126,0.428092243186583,0.00628930817610063,0.050314465408805,3.02392991464643,2.23947405682782,0.345911949685535
6.09528216794852,0.428511530398323,0.00628930817610063,0.050314465408805,3.02466794026326,2.2395869740165,0.345911949685535
6.09655239796578,0.428930817610063,0.00628930817610063,0.050314465408805,3.02540596588009,2.23969989120518,0.345911949685535
6.09782262798304,0.429350104821803,0.00628930817610063,0.050314465408805,3.02614399149692,2.23981280839387,0.345911949685535
6.0990928580003,0.429769392033543,0.00628930817610063,0.050314465408805,3.02688201711376,2.23992572558255,0.345911949685535
6.10025025657519,0.430188679245283,0.00628930817610063,0.050314465408805,3.02750721128823,2.24003864277124,0.345911949685535
6.10140765515009,0.430607966457023,0.00628930817610063,0.050314465408805,3.0281324054627,2.24015155995992,0.345911949685535
6.10337657736061,0.431635896395482,0.00628930817610063,0.050314465408805,3.02896048054608,2.24026447714861,0.345911949685535
6.10534549957113,0.432663826333942,0.00628930817610063,0.050314465408805,3.02978855562946,2.24037739433729,0.345911949685535
6.10731442178165,0.433691756272401,0.00628930817610063,0.050314465408805,3.03061663071283,2.24049031152598,0.345911949685535
6.10928334399217,0.434719686210861,0.00628930817610063,0.050314465408805,3.03144470579621,2.24060322871466,0.345911949685535
6.1112522662027,0.43574761614932,0.00628930817610063,0.050314465408805,3.03227278087959,2.24071614590335,0.345911949685535
6.11322118841322,0.43677554608778,0.00628930817610063,0.050314465408805,3.03310085596297,2.24082906309203,0.345911949685535
6.11519011062374,0.437803476026239,0.00628930817610063,0.050314465408805,3.03392893104634,2.24094198028072,0.345911949685535
6.11715903283426,0.438831405964699,0.00628930817610063,0.050314465408805,3.03475700612972,2.2410548974694,0.345911949685535
6.11911442965086,0.439440048691418,0.00628930817610063,0.050314465408805,3.03599084303091,2.24116781465808,0.345911949685535
6.12106982646745,0.440048691418138,0.00628930817610063,0.050314465408805,3.0372246799321,2.24128073184677,0.345911949685535
6.12297385869822,0.440657334144857,0.00628930817610063,0.050314465408805,3.03845851683329,2.24134228444962,0.345911949685535
6.12487789092898,0.441265976871576,0.00628930817610063,0.050314465408805,3.03969235373448,2.24140383705248,0.345911949685535
6.12678192315974,0.441874619598296,0.00628930817610063,0.050314465408805,3.04092619063567,2.24146538965533,0.345911949685535
6.12868595539051,0.442483262325015,0.00628930817610063,0.050314465408805,3.04216002753687,2.24152694225819,0.345911949685535
6.13142856204475,0.443091905051735,0.00628930817610063,0.050314465408805,3.04423243886154,2.24158849486104,0.345911949685535
6.134171168699,0.443700547778454,0.00628930817610063,0.050314465408805,3.04630485018621,2.2416500474639,0.345911949685535
6.13691377535324,0.444309190505173,0.00628930817610063,0.050314465408805,3.04837726151088,2.24171160006675,0.345911949685535
6.13965638200749,0.444917833231893,0.00628930817610063,0.050314465408805,3.05044967283555,2.2417731526696,0.345911949685535
6.14239898866173,0.445526475958612,0.00628930817610063,0.050314465408805,3.05252208416022,2.24183470527246,0.345911949685535
6.14514159531598,0.446135118685332,0.00628930817610063,0.050314465408805,3.05459449548489,2.24189625787531,0.345911949685535
6.14788420197022,0.446743761412051,0.00628930817610063,0.050314465408805,3.05666690680956,2.24195781047817,0.345911949685535
6.15062680862446,0.447352404138771,0.00628930817610063,0.050314465408805,3.05873931813423,2.24201936308102,0.345911949685535
6.15336941527871,0.44796104686549,0.00628930817610063,0.050314465408805,3.0608117294589,2.24208091568388,0.345911949685535
6.15611202193295,0.448569689592209,0.00628930817610063,0.050314465408805,3.06288414078357,2.24214246828673,0.345911949685535
6.15736806483648,0.449178332318929,0.00628930817610063,0.050314465408805,3.06346998835753,2.24220402088959,0.345911949685535
6.15862410774001,0.449786975045648,0.00628930817610063,0.050314465408805,3.06405583593148,2.24226557349244,0.345911949685535
6.15988015064354,0.450395617772368,0.00628930817610063,0.050314465408805,3.06464168350544,2.24232712609529,0.345911949685535
6.16113619354707,0.451004260499087,0.00628930817610063,0.050314465408805,3.0652275310794,2.24238867869815,0.345911949685535
6.1623922364506,0.451612903225807,0.00628930817610063,0.050314465408805,3.06581337865335,2.242450231301,0.345911949685535
6.16364827935413,0.452221545952526,0.00628930817610063,0.050314465408805,3.06639922622731,2.24251178390386,0.345911949685535
6.16490432225766,0.452830188679245,0.00628930817610063,0.050314465408805,3.06698507380126,2.24257333650671,0.345911949685535
6.17073967710508,0.452899301955906,0.00628930817610063,0.050314465408805,3.06854296616954,2.24526119362266,0.347432441772064
6.17678294296658,0.452968415232566,0.00628930817610063,0.050314465408805,3.07020481404486,2.24805300624566,0.348952933858594
6.18264651430877,0.453037528509227,0.00628930817610063,0.050314465408805,3.07168696740086,2.25084481886865,0.350473425945124
6.18851008565096,0.453106641785887,0.00628930817610063,0.050314465408805,3.07316912075687,2.25363663149165,0.351993918031654
6.19479294420489,0.453175755062548,0.00628930817610063,0.050314465408805,3.07507056132461,2.25642844411464,0.353514410118184
6.20107580275881,0.453244868339208,0.00628930817610063,0.050314465408805,3.07697200189235,2.25922025673764,0.355034902204714
6.20735866131274,0.453313981615868,0.00628930817610063,0.050314465408805,3.07887344246009,2.26201206936063,0.356555394291243
6.21395598527548,0.453697560301334,0.00628930817610063,0.050314465408805,3.08077488302784,2.26480388198362,0.358075886377773
6.22055330923821,0.454081138986799,0.00628930817610063,0.050314465408805,3.08267632359558,2.26759569460662,0.359596378464303
6.22715063320094,0.454464717672265,0.00628930817610063,0.050314465408805,3.08457776416332,2.27038750722961,0.361116870550833
6.23374795716367,0.45484829635773,0.00628930817610063,0.050314465408805,3.08647920473107,2.27317931985261,0.362637362637363
6.24034528112641,0.455231875043196,0.00628930817610063,0.050314465408805,3.08838064529881,2.2759711324756,0.364157854723892
6.24694260508914,0.455615453728661,0.00628930817610063,0.050314465408805,3.09028208586655,2.2787629450986,0.365678346810422
6.25270135462839,0.455999032414127,0.00628930817610063,0.050314465408805,3.09134495201082,2.28155475772159,0.367198838896952
6.25908903498525,0.456382611099592,0.00628930817610063,0.050314465408805,3.09240781815508,2.28476585755632,0.368928974589352
6.26557273531427,0.456766189785058,0.00628930817610063,0.050314465408805,3.0935667042715,2.28797695739106,0.370659110281752
6.27205643564329,0.457149768470523,0.00628930817610063,0.050314465408805,3.09472559038791,2.29118805722579,0.372389245974152
6.27837462786241,0.457533347155989,0.00628930817610063,0.050314465408805,3.09588447650433,2.29423364895063,0.374119381666551
6.28469282008153,0.457916925841454,0.00628930817610063,0.050314465408805,3.09704336262075,2.29727924067547,0.375849517358951
6.29101101230064,0.45830050452692,0.00628930817610063,0.050314465408805,3.09820224873716,2.3003248324003,0.377579653051351
6.29732920451976,0.458684083212385,0.00628930817610063,0.050314465408805,3.09936113485358,2.30337042412514,0.379309788743751
6.30364739673888,0.459067661897851,0.00628930817610063,0.050314465408805,3.10052002097,2.30641601584998,0.381039924436151
6.309965588958,0.459451240583316,0.00628930817610063,0.050314465408805,3.10167890708642,2.30946160757481,0.382770060128551
6.31733199920647,0.459834819268782,0.00628930817610063,0.050314465408805,3.10388601123218,2.31250719929965,0.384500195820951
6.32509149121595,0.460611479715253,0.00628930817610063,0.050314465408805,3.10609311537795,2.31555279102449,0.38623033151335
6.33285098322542,0.461388140161725,0.00628930817610063,0.050314465408805,3.10830021952372,2.31859838274933,0.38796046720575
6.34041989013866,0.462164800608197,0.00628930817610063,0.050314465408805,3.11031673857324,2.32164397447416,0.38969060289815
6.34767433164308,0.462626995645864,0.00628930817610063,0.050314465408805,3.11233325762276,2.324689566199,0.39142073859055
6.35492877314751,0.46308919068353,0.00628930817610063,0.050314465408805,3.11434977667228,2.32773515792384,0.39315087428295
6.36296937817394,0.463551385721197,0.00628930817610063,0.050314465408805,3.11715245924382,2.33078074964867,0.39488100997535
6.37100998320038,0.464013580758864,0.00628930817610063,0.050314465408805,3.11995514181535,2.33382634137351,0.396611145667749
6.37905058822682,0.464475775796531,0.00628930817610063,0.050314465408805,3.12275782438688,2.33687193309835,0.398341281360149
6.38709119325326,0.464937970834197,0.00628930817610063,0.050314465408805,3.12556050695842,2.33991752482319,0.400071417052549
6.39513179827969,0.465400165871864,0.00628930817610063,0.050314465408805,3.12836318952995,2.34296311654802,0.401801552744949
6.40275311609439,0.465862360909531,0.00628930817610063,0.050314465408805,3.13074658488975,2.34600870827286,0.403531688437349
6.41037443390909,0.466324555947197,0.00628930817610063,0.050314465408805,3.13312998024954,2.3490542999977,0.405261824129749
6.41799575172379,0.466786750984864,0.00628930817610063,0.050314465408805,3.13551337560934,2.35209989172253,0.406991959822149
6.42423941155705,0.466829658810791,0.00628930817610063,0.050314465408805,3.13873534539261,2.3533485382542,0.408722095514548
6.4298744286636,0.466872566636718,0.00628930817610063,0.050314465408805,3.14195731517588,2.35419142296805,0.410249350298042
6.43550944577015,0.466915474462644,0.00628930817610063,0.050314465408805,3.14517928495916,2.3550343076819,0.411776605081535
6.44114446287669,0.466958382288571,0.00628930817610063,0.050314465408805,3.14840125474243,2.35587719239576,0.413303859865028
6.44677947998324,0.467001290114498,0.00628930817610063,0.050314465408805,3.15162322452571,2.35672007710961,0.414831114648522
6.45241449708979,0.467044197940424,0.00628930817610063,0.050314465408805,3.15484519430898,2.35756296182346,0.416358369432015
6.45804951419634,0.467087105766351,0.00628930817610063,0.050314465408805,3.15806716409226,2.35840584653731,0.417885624215509
6.46642487272247,0.467130013592278,0.00628930817610063,0.050314465408805,3.16128913387553,2.36219871627662,0.419203235393132
6.4748002312486,0.467172921418204,0.00628930817610063,0.050314465408805,3.16451110365881,2.36599158601593,0.420520846570755
6.48358135159255,0.467215829244131,0.00628930817610063,0.050314465408805,3.16813883525989,2.36978445575524,0.421838457748379
6.4923624719365,0.467258737070058,0.00628930817610063,0.050314465408805,3.17176656686098,2.37357732549455,0.423156068926002
6.50114359228044,0.467301644895985,0.00628930817610063,0.050314465408805,3.17539429846207,2.37737019523386,0.424473680103625
6.50992471262439,0.467344552721911,0.00628930817610063,0.050314465408805,3.17902203006315,2.38116306497317,0.425791291281249
6.51870583296834,0.467387460547838,0.00628930817610063,0.050314465408805,3.18264976166424,2.38495593471248,0.427108902458872
6.52748695331228,0.467430368373765,0.00628930817610063,0.050314465408805,3.18627749326533,2.38874880445179,0.428426513636495
6.5346957466122,0.467473276199691,0.00628930817610063,0.050314465408805,3.18990522486642,2.39096934714707,0.429744124814119
6.54190453991212,0.467516184025618,0.00628930817610063,0.050314465408805,3.1935329564675,2.39318988984235,0.431061735991742
6.54911333321205,0.467559091851545,0.00628930817610063,0.050314465408805,3.19716068806859,2.39541043253764,0.432379347169365
6.5561124829061,0.467601999677471,0.00628930817610063,0.050314465408805,3.20057877606381,2.39763097523292,0.433696958346989
6.56062211478044,0.467251825742392,0.00628930817610063,0.050314465408805,3.20190042800032,2.39985151792821,0.435014569524612
6.56513174665479,0.466901651807312,0.00628930817610063,0.050314465408805,3.20322207993684,2.40207206062349,0.436332180702235
6.57012374889402,0.466788810256236,0.00628930817610063,0.050314465408805,3.20462541120032,2.4044559619727,0.437649791879859
6.57511575113326,0.466675968705161,0.00628930817610063,0.050314465408805,3.2060287424638,2.40683986332191,0.438967403057482
6.59024052765621,0.476695901437802,0.00628930817610063,0.050314465408805,3.20743207372728,2.40922376467112,0.440285014235106
6.6055467265304,0.486715834170444,0.00628930817610063,0.050314465408805,3.20901682734199,2.41160766602033,0.441602625412729
6.61141896314043,0.487301804638935,0.00628930817610063,0.050314465408805,3.21060158095671,2.41399156736953,0.442920236590352
6.61729119975047,0.487887775107426,0.00628930817610063,0.050314465408805,3.21218633457142,2.41637546871874,0.444237847767976
6.62316343636051,0.488473745575917,0.00628930817610063,0.050314465408805,3.21377108818613,2.41875937006795,0.445555458945599
6.62903567297054,0.489059716044408,0.00628930817610063,0.050314465408805,3.21535584180085,2.42114327141716,0.446873070123222
6.63490790958058,0.489645686512899,0.00628930817610063,0.050314465408805,3.21694059541556,2.42352717276637,0.448190681300846
6.64036085897887,0.49065094419313,0.00628930817610063,0.050314465408805,3.21768677460679,2.42591107411558,0.449508292478469
6.64543263818468,0.491656201873361,0.00628930817610063,0.050314465408805,3.21805178360553,2.42829497546479,0.450825903656092
6.64960272446201,0.491151123898399,0.00628930817610063,0.050314465408805,3.21841679260428,2.43108463863181,0.452346395742622
6.6535212384123,0.490646045923438,0.00628930817610063,0.050314465408805,3.21853022927597,2.43387430179883,0.453866887829152
6.65740647559975,0.490140967948476,0.00628930817610063,0.050314465408805,3.21861038918483,2.43666396496585,0.455387379915682
6.6612917127872,0.489635889973514,0.00628930817610063,0.050314465408805,3.2186905490937,2.43945362813287,0.456907872002212
6.66517694997465,0.489130811998553,0.00628930817610063,0.050314465408805,3.21877070900256,2.4422432912999,0.458428364088741
6.66906218716211,0.488625734023591,0.00628930817610063,0.050314465408805,3.21885086891142,2.44503295446692,0.459948856175271
6.67294742434956,0.488120656048629,0.00628930817610063,0.050314465408805,3.21893102882028,2.44782261763394,0.461469348261801
6.67683266153701,0.487615578073668,0.00628930817610063,0.050314465408805,3.21901118872914,2.45061228080096,0.462989840348331
6.68031213690665,0.487110500098706,0.00628930817610063,0.050314465408805,3.21868558682019,2.45340194396798,0.464510332434861
6.68379161227628,0.486605422123745,0.00628930817610063,0.050314465408805,3.21835998491124,2.456191607135,0.466030824521391
6.6881096620694,0.486100344148783,0.00628930817610063,0.050314465408805,3.21887295742577,2.45898127030202,0.46755131660792
6.69242771186252,0.485595266173821,0.00628930817610063,0.050314465408805,3.2193859299403,2.46177093346905,0.46907180869445
6.69674576165564,0.48509018819886,0.00628930817610063,0.050314465408805,3.21989890245483,2.46456059663607,0.47059230078098
6.70067072968775,0.484585110223898,0.00628930817610063,0.050314465408805,3.22041187496935,2.46695717804208,0.47211279286751
6.70447129382187,0.483596239312313,0.00628930817610063,0.050314465408805,3.22128423652252,2.4693537594481,0.47363328495404
6.708271857956,0.482607368400728,0.00628930817610063,0.050314465408805,3.22215659807568,2.47175034085411,0.47515377704057
6.71228206569599,0.481618497489144,0.00628930817610063,0.050314465408805,3.22323860323471,2.47414692226013,0.476674269127099
6.71817906588882,0.480839270183429,0.00628930817610063,0.050314465408805,3.22599775724071,2.47654350366615,0.478194761213629
6.72310848020839,0.480060042877714,0.00628930817610063,0.050314465408805,3.22778932537345,2.47894008507216,0.479715253300159
6.72803789452797,0.479280815571999,0.00628930817610063,0.050314465408805,3.2295808935062,2.48133666647818,0.481235745386689
6.73386578144413,0.478501588266285,0.00628930817610063,0.050314465408805,3.23227093423553,2.48373324788419,0.482756237473219
6.7396936683603,0.47772236096057,0.00628930817610063,0.050314465408805,3.23496097496487,2.48612982929021,0.484276729559748
6.74013071969694,0.476874020378195,0.00628930817610063,0.050314465408805,3.23647608999097,2.48590010618312,0.484276729559748
6.74056777103359,0.47602567979582,0.00628930817610063,0.050314465408805,3.23799120501708,2.48567038307604,0.484276729559748
6.74100482237024,0.475177339213444,0.00628930817610063,0.050314465408805,3.23950632004318,2.48544065996896,0.484276729559748
6.74144187370689,0.474328998631069,0.00628930817610063,0.050314465408805,3.24102143506929,2.48521093686188,0.484276729559748
6.74213049737058,0.473480658048694,0.00628930817610063,0.050314465408805,3.24278812242243,2.4849812137548,0.484276729559748
6.74281912103427,0.472632317466319,0.00628930817610063,0.050314465408805,3.24455480977558,2.48475149064772,0.484276729559748
6.74429390821998,0.471783976883944,0.00628930817610063,0.050314465408805,3.24710766065075,2.48452176754064,0.484276729559748
6.74576869540568,0.470935636301568,0.00628930817610063,0.050314465408805,3.24966051152591,2.48429204443355,0.484276729559748
6.74724348259139,0.470087295719193,0.00628930817610063,0.050314465408805,3.25221336240107,2.48406232132647,0.484276729559748
6.74952979341272,0.470050478772444,0.00628930817610063,0.050314465408805,3.25476621327623,2.48383259821939,0.484276729559748
6.75274417078968,0.470013661825695,0.00628930817610063,0.050314465408805,3.25824713070702,2.48360287511231,0.484276729559748
6.75595854816664,0.469976844878945,0.00628930817610063,0.050314465408805,3.26172804813781,2.48337315200523,0.484276729559748
6.75827445294702,0.469940027932196,0.00628930817610063,0.050314465408805,3.26431049297202,2.48314342889815,0.484276729559748
6.76059035772739,0.469903210985447,0.00628930817610063,0.050314465408805,3.26689293780623,2.48291370579106,0.484276729559748
6.76290626250777,0.469866394038697,0.00628930817610063,0.050314465408805,3.26947538264043,2.48268398268398,0.484276729559748
6.77255969349359,0.469829577091948,0.00628930817610063,0.050314465408805,3.27205782747464,2.488743567753,0.485324947589099
6.78221312447942,0.469792760145199,0.00628930817610063,0.050314465408805,3.27464027230884,2.49480315282202,0.486373165618449
6.79186655546525,0.469755943198449,0.00628930817610063,0.050314465408805,3.27722271714305,2.50086273789104,0.487421383647799
6.80068141202759,0.4697191262517,0.00628930817610063,0.050314465408805,3.27896658755378,2.50692232296006,0.488469601677149
6.80998006152656,0.470166102241574,0.00628930817610063,0.050314465408805,3.2807104579645,2.51298190802908,0.489517819706499
6.81799316061217,0.469327527818094,0.00628930817610063,0.050314465408805,3.28245432837523,2.5190414930981,0.490566037735849
6.81775154271666,0.468488953394614,0.00628930817610063,0.050314465408805,3.28419819878595,2.518025606469,0.49043501048218
6.81672376129913,0.467650378971134,0.00628930817610063,0.050314465408805,3.28515590567467,2.51700971983991,0.490303983228512
6.8160890616426,0.466811804547654,0.00628930817610063,0.050314465408805,3.28611361256338,2.51638691497182,0.490172955974843
6.81545436198608,0.465973230124173,0.00628930817610063,0.050314465408805,3.28707131945209,2.51576411010373,0.490041928721174
6.81502930593543,0.464925012094823,0.00628930817610063,0.050314465408805,3.28844831355255,2.51514130523564,0.489910901467505
6.81460424988477,0.463876794065473,0.00628930817610063,0.050314465408805,3.289825307653,2.51451850036756,0.489779874213836
6.81381980479549,0.462828576036123,0.00628930817610063,0.050314465408805,3.29084291271482,2.51389569549947,0.489648846960168
6.8130353597062,0.461780358006773,0.00628930817610063,0.050314465408805,3.29186051777664,2.51327289063138,0.489517819706499
6.81225091461691,0.460732139977423,0.00628930817610063,0.050314465408805,3.29287812283846,2.51265008576329,0.48938679245283
6.81146646952762,0.459683921948073,0.00628930817610063,0.050314465408805,3.29389572790028,2.51202728089521,0.489255765199161
6.81068202443834,0.458635703918723,0.00628930817610063,0.050314465408805,3.2949133329621,2.51140447602712,0.489124737945493
6.80989024915304,0.457580155693363,0.00628930817610063,0.050314465408805,3.29593093802392,2.51078167115903,0.488993710691824
6.8085515775046,0.456524607468004,0.00628930817610063,0.050314465408805,3.2964016467226,2.51015886629094,0.488862683438155
6.80721290585617,0.455469059242644,0.00628930817610063,0.050314465408805,3.29687235542128,2.50953606142285,0.488731656184486
6.80587423420773,0.454413511017285,0.00628930817610063,0.050314465408805,3.29734306411996,2.50891325655477,0.488600628930818
6.80453556255929,0.453357962791925,0.00628930817610063,0.050314465408805,3.29781377281864,2.50829045168668,0.488469601677149
6.80319689091086,0.452302414566566,0.00628930817610063,0.050314465408805,3.29828448151732,2.50766764681859,0.48833857442348
6.80500287335047,0.451246866341206,0.00628930817610063,0.050314465408805,3.298755190216,2.50940333251654,0.488993710691824
6.80680885579009,0.450191318115846,0.00628930817610063,0.050314465408805,3.29922589891468,2.51113901821449,0.489648846960168
6.81175949231775,0.452280423978537,0.00628930817610063,0.050314465408805,3.29969660761336,2.51287470391244,0.490303983228512
6.81671012884541,0.454369529841228,0.00628930817610063,0.050314465408805,3.30016731631204,2.51461038961039,0.490959119496855
6.82166076537308,0.456458635703919,0.00628930817610063,0.050314465408805,3.30063802501071,2.51634607530834,0.491614255765199
6.82403850310143,0.459119496855346,0.00628930817610063,0.050314465408805,3.29796407962134,2.51808176100629,0.492269392033543
6.82351034169747,0.459119496855346,0.00628930817610063,0.050314465408805,3.29520845490501,2.51965408805031,0.492924528301887
6.91509433962264,0.471698113207547,0.00628930817610063,0.0440251572327044,3.26100628930818,2.55345911949686,0.578616352201258
6.87421383647799,0.469601677148847,0.00628930817610063,0.0440251572327044,3.24109014675052,2.53459119496855,0.578616352201258
6.83647798742138,0.467505241090147,0.00628930817610063,0.0440251572327044,3.22431865828092,2.51572327044025,0.578616352201258
6.83576329331046,0.465408805031447,0.00628930817610063,0.0440251572327044,3.2257004002287,2.51572327044025,0.578616352201258
6.83504859919954,0.463312368972746,0.00628930817610063,0.0440251572327044,3.22708214217648,2.51572327044025,0.578616352201258
6.8340872655523,0.461215932914046,0.00628930817610063,0.0440251572327044,3.22858720389242,2.51535331113577,0.578616352201258
6.83312593190507,0.459119496855346,0.00628930817610063,0.0440251572327044,3.23009226560836,2.5149833518313,0.578616352201258
6.83017298400206,0.458700209643606,0.00628930817610063,0.0440251572327044,3.22792856422157,2.51461339252682,0.578616352201258
6.82722003609906,0.458280922431866,0.00628930817610063,0.0440251572327044,3.22576486283478,2.51424343322235,0.578616352201258
6.82426708819606,0.457861635220126,0.00628930817610063,0.0440251572327044,3.223601161448,2.51387347391787,0.578616352201258
6.82152378389892,0.457442348008386,0.00628930817610063,0.0440251572327044,3.22143746006121,2.51371315821926,0.578616352201258
6.81878047960179,0.457023060796646,0.00628930817610063,0.0440251572327044,3.21927375867442,2.51355284252066,0.578616352201258
6.81603717530466,0.456603773584906,0.00628930817610063,0.0440251572327044,3.21711005728764,2.51339252682205,0.578616352201258
6.81329387100752,0.456184486373166,0.00628930817610063,0.0440251572327044,3.21494635590085,2.51323221112344,0.578616352201258
6.81283758786534,0.455765199161426,0.00628930817610063,0.0440251572327044,3.21506967566901,2.51307189542484,0.578616352201258
6.81431647646964,0.455345911949686,0.00628930817610063,0.0440251572327044,3.21712816718366,2.51291157972623,0.578616352201258
6.81547283644953,0.454926624737946,0.00628930817610063,0.0440251572327044,3.2188641300739,2.51275126402762,0.578616352201258
6.81662919642942,0.454507337526205,0.00628930817610063,0.0440251572327044,3.22060009296413,2.51259094832902,0.578616352201258
6.81778555640931,0.454088050314465,0.00628930817610063,0.0440251572327044,3.22233605585437,2.51243063263041,0.578616352201258
6.8189419163892,0.453668763102725,0.00628930817610063,0.0440251572327044,3.2240720187446,2.5122703169318,0.578616352201258
6.82009827636909,0.453249475890985,0.00628930817610063,0.0440251572327044,3.22580798163484,2.5121100012332,0.578616352201258
6.82125463634898,0.452830188679245,0.00628930817610063,0.0440251572327044,3.22754394452508,2.51194968553459,0.578616352201258
6.82283028354061,0.452830188679245,0.00628930817610063,0.0440251572327044,3.22927990741531,2.51178936983598,0.578616352201258
6.82322668544922,0.452830188679245,0.00628930817610063,0.0440251572327044,3.22944354326152,2.51202213589838,0.578616352201258
6.82362308735783,0.452830188679245,0.00628930817610063,0.0440251572327044,3.22960717910773,2.51225490196078,0.578616352201258
6.83681497831437,0.454536253885636,0.00628930817610063,0.0440251572327044,3.2374481083827,2.51589979843596,0.578616352201258
6.85017685057296,0.456242319092026,0.00628930817610063,0.0440251572327044,3.24545901895973,2.51954469491115,0.578616352201258
6.86353872283156,0.457948384298417,0.00628930817610063,0.0440251572327044,3.25346992953675,2.52318959138633,0.578616352201258
6.87722312371457,0.459654449504807,0.00628930817610063,0.0440251572327044,3.26180336873819,2.52683448786151,0.578616352201258
6.89090752459758,0.461360514711198,0.00628930817610063,0.0440251572327044,3.27013680793963,2.53047938433669,0.578616352201258
6.90459192548059,0.463066579917588,0.00628930817610063,0.0440251572327044,3.27847024714107,2.53412428081187,0.578616352201258
6.9182763263636,0.464772645123979,0.00628930817610063,0.0440251572327044,3.28680368634251,2.53776917728705,0.578616352201258
6.93196072724662,0.466478710330369,0.00628930817610063,0.0440251572327044,3.29513712554395,2.54141407376223,0.578616352201258
6.94564512812963,0.46818477553676,0.00628930817610063,0.0440251572327044,3.30347056474539,2.54505897023741,0.578616352201258
6.95932952901264,0.46989084074315,0.00628930817610063,0.0440251572327044,3.31180400394683,2.54870386671259,0.578616352201258
6.97301392989565,0.471596905949541,0.00628930817610063,0.0440251572327044,3.32013744314827,2.55234876318777,0.578616352201258
6.98650178989816,0.473302971155931,0.00628930817610063,0.0440251572327044,3.32827434146921,2.55599365966295,0.578616352201258
7.00042339529212,0.475009036362322,0.00628930817610063,0.0440251572327044,3.3368449851816,2.55963855613814,0.578616352201258
7.01434500068609,0.476715101568713,0.00628930817610063,0.0440251572327044,3.345415628894,2.56328345261332,0.578616352201258
7.02944585136307,0.478421166775103,0.00628930817610063,0.0440251572327044,3.35555859965041,2.56653526732749,0.578616352201258
7.04433705843418,0.480127231981493,0.00628930817610063,0.0440251572327044,3.36570157040683,2.56957743843579,0.578616352201258
7.0572930937588,0.481833297187884,0.00628930817610063,0.0440251572327044,3.37390936941676,2.5726196095441,0.578616352201258
7.07024912908342,0.483539362394275,0.00628930817610063,0.0440251572327044,3.38211716842668,2.5756617806524,0.578616352201258
7.08320516440804,0.485245427600665,0.00628930817610063,0.0440251572327044,3.39032496743661,2.57870395176071,0.578616352201258
7.09616119973266,0.486951492807056,0.00628930817610063,0.0440251572327044,3.39853276644653,2.58174612286901,0.578616352201258
7.11121367111598,0.488657558013446,0.00628930817610063,0.0440251572327044,3.40750290584144,2.58574121945854,0.578997522393749
7.1262661424993,0.490363623219837,0.00628930817610063,0.0440251572327044,3.41647304523634,2.58973631604808,0.57937869258624
7.14131861388262,0.492069688426227,0.00628930817610063,0.0440251572327044,3.42544318463125,2.59373141263761,0.579759862778731
7.15637108526594,0.493775753632618,0.00628930817610063,0.0440251572327044,3.43441332402616,2.59772650922714,0.580141032971222
7.17142355664926,0.495481818839008,0.00628930817610063,0.0440251572327044,3.44338346342106,2.60172160581667,0.580522203163713
7.18647602803258,0.497187884045399,0.00628930817610063,0.0440251572327044,3.45235360281597,2.6057167024062,0.580903373356204
7.20152849941591,0.498893949251789,0.00628930817610063,0.0440251572327044,3.46132374221088,2.60971179899574,0.581284543548694
7.21658097079922,0.50060001445818,0.00628930817610063,0.0440251572327044,3.47029388160579,2.61370689558527,0.581665713741185
7.23163344218254,0.50230607966457,0.00628930817610063,0.0440251572327044,3.47926402100069,2.6177019921748,0.582046883933676
7.24017973269404,0.50314465408805,0.00628930817610063,0.0440251572327044,3.4843304518725,2.61996210719851,0.582428054126167
7.24223513463917,0.50314465408805,0.00628930817610063,0.0440251572327044,3.48568377195573,2.62028301886792,0.582809224318658
7.24423768525509,0.50314465408805,0.00628930817610063,0.0440251572327044,3.48661428140527,2.62097388984181,0.583190394511149
7.24624023587101,0.50314465408805,0.00628930817610063,0.0440251572327044,3.48754479085481,2.6216647608157,0.58357156470364
7.24824278648693,0.50314465408805,0.00628930817610063,0.0440251572327044,3.48847530030435,2.62235563178959,0.583952734896131
7.24997450565029,0.502873822635491,0.00628930817610063,0.0440251572327044,3.48940580975389,2.62304650276348,0.584333905088622
7.25170622481365,0.502602991182932,0.00628930817610063,0.0440251572327044,3.49033631920343,2.62373737373737,0.584715075281113
7.25306798467254,0.502332159730372,0.00628930817610063,0.0440251572327044,3.49089686934849,2.62442824471126,0.585096245473604
7.25442974453142,0.502061328277813,0.00628930817610063,0.0440251572327044,3.49145741949356,2.62511911568515,0.585477415666095
7.25562152308825,0.501790496825253,0.00628930817610063,0.0440251572327044,3.49184798833656,2.62580998665904,0.585858585858586
7.25681330164508,0.501519665372694,0.00628930817610063,0.0440251572327044,3.49223855717957,2.62650085763293,0.586239756051077
7.25800508020191,0.501248833920135,0.00628930817610063,0.0440251572327044,3.49262912602258,2.62719172860682,0.586620926243568
7.25876311336728,0.500978002467576,0.00628930817610063,0.0440251572327044,3.49258594947413,2.62788259958071,0.587002096436059
7.25919861790824,0.500707171015016,0.00628930817610063,0.0440251572327044,3.49222024430127,2.6285734705546,0.58738326662855
7.2598306633297,0.500436339562457,0.00628930817610063,0.0440251572327044,3.4920510800089,2.62926434152849,0.587764436821041
7.25901132994129,0.500165508109897,0.00628930817610063,0.0440251572327044,3.4909143298433,2.62947141956576,0.588145607013532
7.25819199655288,0.499894676657338,0.00628930817610063,0.0440251572327044,3.48977757967769,2.62967849760303,0.588526777206023
7.25737266316447,0.499623845204779,0.00628930817610063,0.0440251572327044,3.48864082951208,2.62988557564029,0.588907947398513
7.25655332977606,0.499353013752219,0.00628930817610063,0.0440251572327044,3.48750407934648,2.63009265367756,0.589289117591004
7.25573399638766,0.49908218229966,0.00628930817610063,0.0440251572327044,3.48636732918087,2.63029973171483,0.589670287783495
7.25491466299925,0.498811350847101,0.00628930817610063,0.0440251572327044,3.48523057901526,2.63050680975209,0.590051457975986
7.25409532961084,0.498540519394541,0.00628930817610063,0.0440251572327044,3.48409382884966,2.63071388778936,0.590432628168477
7.25327599622243,0.498269687941982,0.00628930817610063,0.0440251572327044,3.48295707868405,2.63092096582663,0.590813798360968
7.25245666283402,0.497998856489423,0.00628930817610063,0.0440251572327044,3.48182032851844,2.63112804386389,0.591194968553459
7.24954089338691,0.497728025036863,0.00628930817610063,0.0440251572327044,3.47992123796785,2.63038219641993,0.591194968553459
7.24907096600829,0.497631896589196,0.00628930817610063,0.0440251572327044,3.47907036544661,2.63068456700532,0.591194968553459
7.24860103862966,0.497535768141528,0.00628930817610063,0.0440251572327044,3.47821949292538,2.63098693759071,0.591194968553459
7.24813111125104,0.49743963969386,0.00628930817610063,0.0440251572327044,3.47736862040414,2.6312893081761,0.591194968553459
7.24911256268228,0.497343511246192,0.00628930817610063,0.0440251572327044,3.47748533375614,2.63207547169811,0.591194968553459
7.25009401411352,0.497247382798525,0.00628930817610063,0.0440251572327044,3.47760204710815,2.63286163522013,0.591194968553459
7.25107546554477,0.497151254350857,0.00628930817610063,0.0440251572327044,3.47771876046016,2.63364779874214,0.591194968553459
7.25186917643344,0.496867385360619,0.00628930817610063,0.0440251572327044,3.47783547381217,2.63443396226415,0.591194968553459
7.25266288732212,0.496583516370381,0.00628930817610063,0.0440251572327044,3.47795218716417,2.63522012578616,0.591194968553459
7.25188427116677,0.496299647380144,0.00628930817610063,0.0440251572327044,3.47728273699417,2.63522012578616,0.591194968553459
7.25110565501141,0.496015778389906,0.00628930817610063,0.0440251572327044,3.47661328682416,2.63522012578616,0.591194968553459
7.25032703885606,0.495731909399668,0.00628930817610063,0.0440251572327044,3.47594383665416,2.63522012578616,0.591194968553459
7.24954842270071,0.49544804040943,0.00628930817610063,0.0440251572327044,3.47527438648415,2.63522012578616,0.591194968553459
7.24876980654536,0.495164171419192,0.00628930817610063,0.0440251572327044,3.47460493631415,2.63522012578616,0.591194968553459
7.2483723605825,0.495261472621445,0.00628930817610063,0.0440251572327044,3.47393548614414,2.63522012578616,0.591194968553459
7.24797491461964,0.495358773823698,0.00628930817610063,0.0440251572327044,3.47326603597414,2.63522012578616,0.591194968553459
7.24757746865678,0.495456075025952,0.00628930817610063,0.0440251572327044,3.47259658580413,2.63522012578616,0.591194968553459
7.2475499819984,0.495553376228205,0.00628930817610063,0.0440251572327044,3.4722970949386,2.63522012578616,0.591194968553459
7.24773213894588,0.495650677430458,0.00628930817610063,0.0440251572327044,3.47220724767895,2.63522012578616,0.591194968553459
7.24791429589337,0.495747978632711,0.00628930817610063,0.0440251572327044,3.47211740041929,2.63522012578616,0.591194968553459
7.2487184723308,0.495845279834964,0.00628930817610063,0.0440251572327044,3.47264957264957,2.63522012578616,0.591194968553459
7.24952264876823,0.495942581037217,0.00628930817610063,0.0440251572327044,3.47318174487986,2.63522012578616,0.591194968553459
7.25032682520566,0.49603988223947,0.00628930817610063,0.0440251572327044,3.47371391711014,2.63522012578616,0.591194968553459
7.25113100164309,0.496137183441723,0.00628930817610063,0.0440251572327044,3.47424608934043,2.63522012578616,0.591194968553459
7.25193517808052,0.496234484643976,0.00628930817610063,0.0440251572327044,3.47477826157071,2.63522012578616,0.591194968553459
7.25273935451795,0.49633178584623,0.00628930817610063,0.0440251572327044,3.475310433801,2.63522012578616,0.591194968553459
7.25354353095538,0.496429087048483,0.00628930817610063,0.0440251572327044,3.47584260603128,2.63522012578616,0.591194968553459
7.25434770739281,0.496526388250736,0.00628930817610063,0.0440251572327044,3.47637477826157,2.63522012578616,0.591194968553459
7.25515188383024,0.496623689452989,0.00628930817610063,0.0440251572327044,3.47690695049186,2.63522012578616,0.591194968553459
7.25595606026767,0.496720990655242,0.00628930817610063,0.0440251572327044,3.47743912272214,2.63522012578616,0.591194968553459
7.2567602367051,0.496818291857495,0.00628930817610063,0.0440251572327044,3.47797129495243,2.63522012578616,0.591194968553459
7.25756441314253,0.496915593059748,0.00628930817610063,0.0440251572327044,3.47850346718271,2.63522012578616,0.591194968553459
7.25836858957996,0.497012894262001,0.00628930817610063,0.0440251572327044,3.479035639413,2.63522012578616,0.591194968553459
7.25917276601739,0.497110195464254,0.00628930817610063,0.0440251572327044,3.47956781164328,2.63522012578616,0.591194968553459
7.25997694245482,0.497207496666507,0.00628930817610063,0.0440251572327044,3.48009998387357,2.63522012578616,0.591194968553459
7.26078111889225,0.497304797868761,0.00628930817610063,0.0440251572327044,3.48063215610385,2.63522012578616,0.591194968553459
7.26187782129136,0.497402099071014,0.00628930817610063,0.0440251572327044,3.48131059131498,2.635366388767,0.591194968553459
7.26262511768069,0.497324697268375,0.00628930817610063,0.0440251572327044,3.4819890265261,2.63551265174784,0.591194968553459
7.26326207533008,0.497136956725805,0.00628930817610063,0.0440251572327044,3.48266746173723,2.63565891472868,0.591194968553459
7.26389903297948,0.496949216183235,0.00628930817610063,0.0440251572327044,3.48334589694835,2.63580517770952,0.591194968553459
7.26844933793844,0.496761475640665,0.00628930817610063,0.0440251572327044,3.48444361937122,2.63595144069036,0.594689028651293
7.2725938810796,0.496573735098094,0.00628930817610063,0.0440251572327044,3.48533846088518,2.63589482276229,0.598183088749127
7.27653554331185,0.496183113646618,0.00628930817610063,0.0440251572327044,3.48623330239914,2.63583820483423,0.60167714884696
7.2804772055441,0.495792492195141,0.00628930817610063,0.0440251572327044,3.48712814391309,2.63578158690616,0.605171208944794
7.28441886777635,0.495401870743665,0.00628930817610063,0.0440251572327044,3.48802298542705,2.63572496897809,0.608665269042628
7.28836053000859,0.495011249292188,0.00628930817610063,0.0440251572327044,3.48891782694101,2.63566835105003,0.612159329140461
7.29230219224084,0.494620627840711,0.00628930817610063,0.0440251572327044,3.48981266845497,2.63561173312196,0.615653389238295
7.29624385447309,0.494230006389235,0.00628930817610063,0.0440251572327044,3.49070750996893,2.63555511519389,0.619147449336128
7.29997587309947,0.493839384937758,0.00628930817610063,0.0440251572327044,3.49139270787702,2.63549849726583,0.622641509433962
7.30021383162802,0.493448763486281,0.00628930817610063,0.0440251572327044,3.49207790578511,2.63544187933776,0.622641509433962
7.30045179015656,0.493058142034805,0.00628930817610063,0.0440251572327044,3.49276310369319,2.63538526140969,0.622641509433962
7.30068974868511,0.492667520583328,0.00628930817610063,0.0440251572327044,3.49344830160128,2.63532864348163,0.622641509433962
7.30092770721365,0.492276899131851,0.00628930817610063,0.0440251572327044,3.49413349950937,2.63527202555356,0.622641509433962
7.3011656657422,0.491886277680375,0.00628930817610063,0.0440251572327044,3.49481869741746,2.63521540762549,0.622641509433962
7.30140362427074,0.491495656228898,0.00628930817610063,0.0440251572327044,3.49550389532555,2.63515878969742,0.622641509433962
7.30164158279928,0.491105034777422,0.00628930817610063,0.0440251572327044,3.49618909323364,2.63510217176936,0.622641509433962
7.30187954132783,0.490714413325945,0.00628930817610063,0.0440251572327044,3.49687429114173,2.63504555384129,0.622641509433962
7.30211749985638,0.490323791874468,0.00628930817610063,0.0440251572327044,3.49755948904981,2.63498893591322,0.622641509433962
7.30235545838492,0.489933170422992,0.00628930817610063,0.0440251572327044,3.4982446869579,2.63493231798516,0.622641509433962
7.30227088828905,0.489542548971515,0.00628930817610063,0.0440251572327044,3.49860735624158,2.63487570005709,0.622641509433962
7.30218631819318,0.489151927520038,0.00628930817610063,0.0440251572327044,3.49897002552525,2.63481908212902,0.622641509433962
7.29940633030755,0.488761306068562,0.00628930817610063,0.0440251572327044,3.49933269480892,2.6320670464112,0.622641509433962
7.29662634242192,0.488370684617085,0.00628930817610063,0.0440251572327044,3.4996953640926,2.62931501069337,0.622641509433962
7.2938463545363,0.487980063165608,0.00628930817610063,0.0440251572327044,3.50005803337627,2.62656297497555,0.622641509433962
7.29106636665067,0.487589441714132,0.00628930817610063,0.0440251572327044,3.50042070265994,2.62381093925773,0.622641509433962
7.28828637876504,0.487198820262655,0.00628930817610063,0.0440251572327044,3.50078337194361,2.6210589035399,0.622641509433962
7.28550639087941,0.486808198811178,0.00628930817610063,0.0440251572327044,3.50114604122729,2.61830686782208,0.622641509433962
7.28310757318627,0.486417577359702,0.00628930817610063,0.0440251572327044,3.50188988070345,2.61555483210425,0.622641509433962
7.28454768386037,0.487170466485698,0.00628930817610063,0.0440251572327044,3.50263372017962,2.61549821417619,0.622641509433962
7.28598779453446,0.487923355611694,0.00628930817610063,0.0440251572327044,3.50337755965578,2.61544159624812,0.622641509433962
7.28557492624054,0.48867624473769,0.00628930817610063,0.0440251572327044,3.50226842016393,2.61538497832005,0.622641509433962
7.28516205794662,0.489429133863687,0.00628930817610063,0.0440251572327044,3.50115928067208,2.61532836039198,0.622641509433962
7.28515495147052,0.490182022989683,0.00628930817610063,0.0440251572327044,3.50025302208914,2.61547462337282,0.622641509433962
7.2862491984999,0.492036265621171,0.00628930817610063,0.0440251572327044,3.4993467635062,2.61562088635366,0.622641509433962
7.28753118607186,0.49407824879523,0.00628930817610063,0.0440251572327044,3.49844050492326,2.6157671493345,0.622641509433962
7.28881317364382,0.496120231969289,0.00628930817610063,0.0440251572327044,3.49753424634032,2.61591341231534,0.622641509433962
7.29009516121577,0.498162215143347,0.00628930817610063,0.0440251572327044,3.49662798775737,2.61605967529618,0.622641509433962
7.29137714878773,0.500204198317406,0.00628930817610063,0.0440251572327044,3.49572172917443,2.61620593827702,0.622641509433962
7.29265913635969,0.502246181491465,0.00628930817610063,0.0440251572327044,3.49481547059149,2.61635220125786,0.622641509433962
7.29250508739249,0.50314465408805,0.00628930817610063,0.0440251572327044,3.49376294902771,2.61635220125786,0.622641509433962
7.29162254713076,0.50314465408805,0.00628930817610063,0.0440251572327044,3.49288040876598,2.61635220125786,0.622641509433962
7.29074000686904,0.50314465408805,0.00628930817610063,0.0440251572327044,3.49199786850426,2.61635220125786,0.622641509433962
7.28985746660731,0.50314465408805,0.00628930817610063,0.0440251572327044,3.49111532824253,2.61635220125786,0.622641509433962
7.28897492634559,0.50314465408805,0.00628930817610063,0.0440251572327044,3.49023278798081,2.61635220125786,0.622641509433962
7.28809238608386,0.50314465408805,0.00628930817610063,0.0440251572327044,3.48935024771909,2.61635220125786,0.622641509433962
7.28720984582214,0.50314465408805,0.00628930817610063,0.0440251572327044,3.48846770745736,2.61635220125786,0.622641509433962
7.28632730556042,0.50314465408805,0.00628930817610063,0.0440251572327044,3.48758516719564,2.61635220125786,0.622641509433962
7.28544476529869,0.50314465408805,0.00628930817610063,0.0440251572327044,3.48670262693391,2.61635220125786,0.622641509433962
7.28456222503697,0.50314465408805,0.00628930817610063,0.0440251572327044,3.48582008667219,2.61635220125786,0.622641509433962
7.28367968477524,0.50314465408805,0.00628930817610063,0.0440251572327044,3.48493754641046,2.61635220125786,0.622641509433962
7.28279714451352,0.50314465408805,0.00628930817610063,0.0440251572327044,3.48405500614874,2.61635220125786,0.622641509433962
7.28191460425179,0.50314465408805,0.00628930817610063,0.0440251572327044,3.48317246588701,2.61635220125786,0.622641509433962
7.28145135120181,0.50314465408805,0.00628930817610063,0.0440251572327044,3.48270921283703,2.61635220125786,0.622641509433962
7.28098809815182,0.50314465408805,0.00628930817610063,0.0440251572327044,3.48224595978704,2.61635220125786,0.622641509433962
7.28052484510184,0.50314465408805,0.00628930817610063,0.0440251572327044,3.48178270673706,2.61635220125786,0.622641509433962
7.28006159205185,0.50314465408805,0.00628930817610063,0.0440251572327044,3.48131945368707,2.61635220125786,0.622641509433962
7.27959833900187,0.50314465408805,0.00628930817610063,0.0440251572327044,3.48085620063709,2.61635220125786,0.622641509433962
7.27913508595189,0.50314465408805,0.00628930817610063,0.0440251572327044,3.4803929475871,2.61635220125786,0.622641509433962
7.2786718329019,0.50314465408805,0.00628930817610063,0.0440251572327044,3.47992969453712,2.61635220125786,0.622641509433962
7.27820857985191,0.50314465408805,0.00628930817610063,0.0440251572327044,3.47946644148714,2.61635220125786,0.622641509433962
7.27778344382118,0.50314465408805,0.00628930817610063,0.0440251572327044,3.4790413054564,2.61635220125786,0.622641509433962
7.27837271233498,0.50314465408805,0.00628930817610063,0.0440251572327044,3.4796305739702,2.61635220125786,0.622641509433962
7.27896198084877,0.50314465408805,0.00628930817610063,0.0440251572327044,3.48021984248399,2.61635220125786,0.622641509433962
7.27955124936257,0.50314465408805,0.00628930817610063,0.0440251572327044,3.48080911099779,2.61635220125786,0.622641509433962
7.28014051787637,0.50314465408805,0.00628930817610063,0.0440251572327044,3.48139837951159,2.61635220125786,0.622641509433962
7.28072978639016,0.50314465408805,0.00628930817610063,0.0440251572327044,3.48198764802538,2.61635220125786,0.622641509433962
7.28131905490396,0.50314465408805,0.00628930817610063,0.0440251572327044,3.48257691653918,2.61635220125786,0.622641509433962
7.28190832341776,0.50314465408805,0.00628930817610063,0.0440251572327044,3.48316618505298,2.61635220125786,0.622641509433962
7.28249759193155,0.50314465408805,0.00628930817610063,0.0440251572327044,3.48375545356677,2.61635220125786,0.622641509433962
7.28308686044535,0.50314465408805,0.00628930817610063,0.0440251572327044,3.48434472208057,2.61635220125786,0.622641509433962
7.28367612895915,0.50314465408805,0.00628930817610063,0.0440251572327044,3.48493399059437,2.61635220125786,0.622641509433962
7.28426539747295,0.50314465408805,0.00628930817610063,0.0440251572327044,3.48552325910816,2.61635220125786,0.622641509433962
7.28485466598674,0.50314465408805,0.00628930817610063,0.0440251572327044,3.48611252762196,2.61635220125786,0.622641509433962
7.28544393450054,0.50314465408805,0.00628930817610063,0.0440251572327044,3.48670179613576,2.61635220125786,0.622641509433962
7.28603320301434,0.50314465408805,0.00628930817610063,0.0440251572327044,3.48729106464955,2.61635220125786,0.622641509433962
7.28662247152813,0.50314465408805,0.00628930817610063,0.0440251572327044,3.48788033316335,2.61635220125786,0.622641509433962
7.28721174004193,0.50314465408805,0.00628930817610063,0.0440251572327044,3.48846960167715,2.61635220125786,0.622641509433962
7.28763102725367,0.50314465408805,0.00628930817610063,0.0440251572327044,3.48888888888889,2.61635220125786,0.622641509433962
7.28805031446541,0.50314465408805,0.00628930817610063,0.0440251572327044,3.48930817610063,2.61635220125786,0.622641509433962
7.28846960167715,0.50314465408805,0.00628930817610063,0.0440251572327044,3.48972746331237,2.61635220125786,0.622641509433962
7.28888888888889,0.50314465408805,0.00628930817610063,0.0440251572327044,3.49014675052411,2.61635220125786,0.622641509433962
7.28930817610063,0.50314465408805,0.00628930817610063,0.0440251572327044,3.49056603773585,2.61635220125786,0.622641509433962
7.28930817610063,0.50314465408805,0.00628930817610063,0.0440251572327044,3.49056603773585,2.61635220125786,0.622641509433962
